passage_id,chapter,section,subsection,subject,course_code,course_title,credits,page,text,word_count,char_count,cluster,cluster_name,x,y
course_0001,Course Catalog,Course Descriptions,The Science of Traditional Asian Music (4 credits),ARTS,ARTS 105/PHYS 105,The Science of Traditional Asian Music (4 credits),4.0,267,"This course is an introduction to acoustics, sound, and music. Participants will learn about wave theory, spectral analysis, and the mathematical and scientific basis for music scales, timbre, pitch perception, and harmonics. Vibration sources, resonant chambers, and wave amplification will be discussed. Special attention will be given to waves on strings and waves in pipes, and approximations and corrections to physical systems. Concrete examples will be drawn from Asian instruments and music, with particular attention to the Guqin, Guzheng, Erhu, Dizi, and instruments and vocalists of Chinese opera.",88,608,7,Topic 7,11.388361,5.0978556
course_0002,Course Catalog,Course Descriptions,European Art History 1 (4 credits),ARTS,ARTS 106/HIST 106,European Art History 1 (4 credits),4.0,267,"Rather that aiming at a comprehensive survey, this course offers an introduction to key moments in the intersection of history, politics and visual art in the world before 1900s. It places art in a global context, highlighting themes from European, Asian, African and Indigenous art and focuses on art as the exercise of cultural power, and the way that artists have both promoted and resisted these entanglements with elite authority. In each case studied, students will gain sufficient historical background to understand the art in question, but will also engage in the comparative study of art to highlight issues of power, religion, class, and gender.",105,656,5,Topic 5,10.708753,4.1693277
course_0003,Course Catalog,Course Descriptions,Introduction to Film Studies (4 credits),ARTS,ARTS 201,Introduction to Film Studies (4 credits),4.0,267,"This course is a wide-ranging introduction to the fascinating world of film and the cinema industry. Here we will look at the language and critical tools we use to understand and interpret films, while considering examples from a variety of geographical, historical, and theoretical backgrounds. Following a primarily historical trajectory, the course will allow students to develop an appreciation of cinema’s role in visual culture throughout the 20th century up to our present day. Understanding how movies function, how they become meaningful for their audiences, and how this relationship between moving images and viewers has evolved during the past 120 years, contributes to our further enjoyment of cinema in its various manifestations. At the same time, this 267 deeper appreciation and knowledge allows us to come to grips with the ways in which movies have had an impact on the broader construction of society and human culture to date.",149,947,5,Topic 5,10.2972355,5.0752707
course_0004,Course Catalog,Course Descriptions,Contemporary Documentary Film (4 credits),ARTS,ARTS 202,Contemporary Documentary Film (4 credits),4.0,268,"Our subject is the art, content, technology, and life of documentary film. We will study contemporary filmmaking approaches that fall under broad categorization of “documentary,” and show how documentary filmmakers choose and interpret their subjects, themes, and points of view. We will analyze the form, technique, and impact of documentary filmmaking. In the process of considering issues of autonomy and power, politics and public policy, we will begin to define the role of documentary art in public dialogue. Although this course does not include instruction in film production, you may well be encouraged to try your hand at documentary filmmaking. In addition to class lectures and screenings, the course may feature guest filmmakers who will introduce their films and follow the screenings with question and answer sessions.",127,833,5,Topic 5,10.134535,5.1693726
course_0005,Course Catalog,Course Descriptions,Visual China (4 credits),ARTS,ARTS 203/GCHINA 203,Visual China (4 credits),4.0,268,"From film’s first appearance at a Shanghai teahouse in August 1896 to Jackie Chan’s latest transnational stardom, the history of modern Chinese cinema has always sought to raise questions of national and cultural identity. How do Chinese films between the two fins-de-siècle create the spectacle of “China,” narrate its history, and represent its increasingly diversified cultural landscapes both at home and abroad? Students will study photography, documentary film, cinema and social media in China from the 1930s “Leftist” films to present.",81,543,1,Topic 1,11.479931,2.7340713
course_0006,Course Catalog,Course Descriptions,From Cool Japan to the Korean Wave: Popular Culture from East Asia (4,ARTS,ARTS 208/LIT 208,From Cool Japan to the Korean Wave: Popular Culture from East Asia (4,,268,"credits) The hegemony of American popular culture notwithstanding, cultural products from Japan and South Korea are becoming significant players in the globalization of culture. From the de- Disneyfied anime to the hybridized R&B K-pop, these cultural products challenge American 268 cultural domination, and inspire alternate forms of aesthetics, participation and enjoyment. This course examines the historical formation of Japanese and Korean popular culture, focusing on their contested cultural meanings at the national, regional, and global scales. Some of the issues we will consider include: cultural imperialism, fandom, the role of the state and the development of cultural industry, representations of race and gender, capitalism and transnationalism.",106,762,1,Topic 1,11.168427,2.2885237
course_0007,Course Catalog,Course Descriptions,History of Art and Science (4 credits),ARTS,ARTS207/HIST 207,History of Art and Science (4 credits),4.0,268,"This course will provide an overview of the pioneering artists and scientists who have challenged the traditional boundaries between the artistic and technological disciplines. Its premise is that the role of the artist who engages with science and technology is not only to interpret, borrow, and communicate ideas from science and technology but also to be an active partner in determining the direction of technoscience research, knowledge, and innovation. We will survey the works and ideas of artists who have explored new interactive and interdisciplinary forms, as well as engineers and mathematicians who have developed information technologies and influential scientific and philosophical ideologies that have affected the arts.",108,737,5,Topic 5,10.487965,4.176419
course_0008,Course Catalog,Course Descriptions,Global Art History (4 credits),ARTS,ARTS 210/HIST 210,Global Art History (4 credits),4.0,269,"Art has been a part of every society since recorded history. How have the arts told stories about civilizations, ethnicities, communities and peoples? How have the arts evolved and circulated across the globe? The arts provide vital narratives in our understandings of each other as our cultures have both clashed and shared over time. This course asks these questions by focusing on visual arts across cultures not with the aim of comprehensive coverage, but representation of key issues in the interpretation of art. Students will learn how to interpret art from a critical perspective in terms of its relation to broader social, cultural and political dynamics.",106,664,5,Topic 5,10.544144,4.434994
course_0009,Course Catalog,Course Descriptions,Arts of China (4 credits),ARTS,ARTS 217/HIST 217,Arts of China (4 credits),4.0,269,"This survey course covers art in a variety of contexts from the foundations of Chinese civilization until the end of the imperial period in 1912 including tomb artifacts, religious images and statuary, court art, crafted objects and the painting and calligraphy of the literati. A number of themes may be addressed, such as the cross-cultural transmission of ornamentation and iconography, the ideal of scholar-amateur, the skills and techniques of the professional artisan and the connoisseurship and circulation of fine objects.",80,530,1,Topic 1,11.012033,3.805603
course_0010,Course Catalog,Course Descriptions,Women in East Asian Art (4 credits),ARTS,ARTS 218/HIST 218,Women in East Asian Art (4 credits),4.0,269,"This course explores the roles of female in art history, and their contributions in shaping East Asian societies and cultures from the 2nd century to 18th century CE. We will examine key female figures and historical events, consider how the notions of certain feminine roles became ordinary in premodern East Asia, and how women achieved the extraordinary in the male-dominated societies. Students would develop a good understanding of the material remains and artworks of the women artisans and patrons in premodern East Asia, and a global perspective through cross-cultural studies. 269 Courses with Course Subject: Arts and Humanities (ARHU)",99,645,1,Topic 1,10.966935,3.6483507
course_0011,Course Catalog,Course Descriptions,The Art of Interpretation: Written Texts (4 credits),ARHU,ARHU 101,The Art of Interpretation: Written Texts (4 credits),4.0,270,"Training in close reading and analysis of text remains a foundational skill in the arts and humanities, whether the text is literary or documentary. This core course combines practical training in close reading of a variety of texts, with strategies of analysis that are theoretically informed without, however, offering a comprehensive treatment of theory per se. The course will focus both on reading and analysis of literary texts, and on the nuanced unpacking of documents (official, unofficial, personal) with a view to historical method.",84,543,5,Topic 5,9.809799,3.1668725
course_0012,Course Catalog,Course Descriptions,The Art of Interpretation: Images and Sound (4 credits),ARHU,ARHU 102,The Art of Interpretation: Images and Sound (4 credits),4.0,270,"This class will train students to develop skill and sophistication in viewing and analysis of images, including art objects, film, and new media; and in sound studies, including sonic culture, film music, and traditional musical arts. The goal is audiovisual literacy – the creation and interpretation of sound and image that has become central to the ways we experience and understand the world. This core course combines practical training (how to see, how to hear) with a variety of modes of analysis. 270 Courses with Course Subject: Behavior Science (BEHAVSCI)",90,565,5,Topic 5,10.84465,4.9515185
course_0013,Course Catalog,Course Descriptions,Introduction to Behavioral Science (4 credits),BEHAVSCI,BEHAVSCI 101,Introduction to Behavioral Science (4 credits),4.0,271,"This course provides a broad overview of the research methods and applications of behavioral science. It introduces core phenomena of human behavior including but not limited to decision making, perception and action, and group interactions. It also considers how behavior is influenced by institutions (e.g., governmental policies, business, and environment). The course is expressly interdisciplinary, drawing upon theories and empirical research in psychology, behavioral economics, political science, and other social sciences.",71,531,6,Topic 6,7.1286154,3.2267349
course_0014,Course Catalog,Course Descriptions,Mechanisms of Human Behavior (4 credits),BEHAVSCI,BEHAVSCI 102,Mechanisms of Human Behavior (4 credits),4.0,271,"This course introduces students to the primary empirical approaches in behavioral science through a combination of directed readings and hands-on experience with the primary methods in the field. Students will design, conduct, and analyze experiments that explore perception, action, and decision making in a laboratory setting. Students will also explore complex social behavior by implementing online experiments and analyzing the resulting data. Prerequisite(s): BEHAVSCI 101 or ECON 101",68,490,6,Topic 6,7.064747,3.3491378
course_0015,Course Catalog,Course Descriptions,Individuals and Their Decisions (4 credits),BEHAVSCI,BEHAVSCI 201,Individuals and Their Decisions (4 credits),4.0,271,"This course is a team-taught, question-driven introduction to the certificate and the fundamentals of how humans make decisions. The primary goal is to provide hands-on and problem-focused instruction designed to connect students to research as quickly as possible. Substantive topics include behavioral and experimental economics, consumer behavior and marketing research, game theory, medical decision making, neuroeconomics, and political psychology. Prerequisite(s): BEHAVSCI 102",62,483,6,Topic 6,7.1081834,3.5202682
course_0016,Course Catalog,Course Descriptions,"Institutions, Groups, and Society (4 credits)",BEHAVSCI,BEHAVSCI 202,"Institutions, Groups, and Society (4 credits)",4.0,271,"Through this course, students will gain a deeper appreciation of how the behavior of individuals is influenced by macroscopic factors: group memberships and identity, commercial and political institutions, and cultural and societal norms. Sample topics include voting behavior, legal decision making, how diversity shapes group dynamics, cross-cultural differences in perception and decision making, and the rise and fall of cultural memes. The course will also explore the incorporation of behavioral science into public policy through “nudges” that can shape individual behavior. Prerequisite(s): BEHAVSCI 101 or Consent of the Instructor 271",90,644,6,Topic 6,7.312208,3.0145009
course_0017,Course Catalog,Course Descriptions,Comparative Analysis of Behavior (4 credits),BEHAVSCI,BEHAVSCI 203,Comparative Analysis of Behavior (4 credits),4.0,272,"This course explores commonalities and differences in behavior across species, with a particular focus on how behavior has been shaped by evolutionary pressures (e.g., ecological niches). It will identify ways in which human behavior is mirrored in other great ape species, while also considering evidence for and against uniquely human behavioral capacities. The course will draw upon concepts from psychology, evolutionary anthropology, and related disciplines. Prerequisite(s): PSYCH 101 or NEUROSCI 102",71,506,6,Topic 6,7.4707494,2.7963061
course_0018,Course Catalog,Course Descriptions,Experimental Philosophy (4 credits),BEHAVSCI,BEHAVSCI 204,Experimental Philosophy (4 credits),4.0,272,"This course investigates the interrelations between the experimental methods of the social/neural sciences and the fundamental questions of philosophy. Students will consider whether and how empirical research could influence a range of philosophical ideas; key topics include the nature of free will, questions of personal responsibility, and ethical judgments and decisions. The limitations of empirical methods – and the challenges of integrating theories across disciplines – will also be explored.",70,502,6,Topic 6,7.379233,2.752878
course_0019,Course Catalog,Course Descriptions,Systems and Circuits (4 credits),BEHAVSCI,BEHAVSCI 205,Systems and Circuits (4 credits),4.0,272,"This course will focus on how brain mechanisms enable behavior. We will examine the neural basis of homeostatic control, voluntary actions, motivation, emotion, and decision making. We will use systems analysis to elucidate how volition, intentionality, and purpose can be emergent properties of neuronal interactions. We will also explore how different neurological and psychiatric disorders can result from specific defects in hierarchical neural networks. Addiction, mental health disorders. Prerequisite(s): NEUROSCI 102",71,524,6,Topic 6,6.358198,2.854622
course_0020,Course Catalog,Course Descriptions,Computational Neuroscience (4 credits),BEHAVSCI,BEHAVSCI 301,Computational Neuroscience (4 credits),4.0,272,"Students will explore a variety of computational models that have been applied to brain physiology and function. The course will emphasize both understanding of the theoretical underpinnings of those models and applying those models within simulations or data analyses. It will span levels of analysis from neural circuits (e.g., computations in local populations of neurons) to high-level cognition and behavior (e.g., coding properties within sensory systems). The course will include hands-on laboratory exercises; thus, prior programming experience is recommended. Prerequisite(s): NEUROSCI 102 272",83,602,2,Topic 2,5.941714,3.1516352
course_0021,Course Catalog,Course Descriptions,Organizational Behavior and Leadership (4 credits),BEHAVSCI,BEHAVSCI 303/ETHLDR 303,Organizational Behavior and Leadership (4 credits),4.0,273,"What makes an effective and ethical leader? This course covers three critical pillars of organizational leadership. First, students discuss the foundations of effective, emotionally intelligent, and performance-boosting management of the human capital of the organization. Second, students study the predictors of effective leadership and cover the ways in which leaders develop organizational goals and motivate their subordinates to achieve them. Finally, students address the ethical dimensions of successful organizational leadership, including the development of inclusive work environments through specific institutional arrangements and the proactive establishment of organizational culture and norms.",90,708,0,Topic 0,7.8930626,1.3019831
course_0022,Course Catalog,Course Descriptions,Moving Beyond Nudges (4 credits),BEHAVSCI,BEHAVSCI 401,Moving Beyond Nudges (4 credits),4.0,273,"This course explores the ethical issues associated with the rise of behavioral science, with particular focus on the intersections between individual autonomy and policy. It is organized around a series of case studies that illustrate applications of behavioral science to different domains; students will work in groups to analyze those applications and their impact upon society. Topics will be drawn from both past and current events, and could include legal decision making, the impact of nudging policies upon disadvantaged groups, new intrusive forms of marketing, the rise of misinformation in news media, or how advances in technology limit human behavior (e.g., self-driving cars). Students will gain skills in analyzing complex problems, formulating policies, and communicating potential solutions. Prerequisite(s): BEHAVSCI 201 and BEHAVSCI 202; or PUBPOL 301; and junior/senior standing",129,898,6,Topic 6,7.364579,3.240635
course_0023,Course Catalog,Course Descriptions,Judgement and Decision Making (4 credits),BEHAVSCI,BEHAVSCI 402,Judgement and Decision Making (4 credits),4.0,273,"Building upon the foundational courses in this disciplinary track, this course explores how psychological processes shape human judgment and decision making. Core concepts include understanding rational choice models and their limitations; decision variables like probability, ambiguity, and risk; applications of heuristics to decision making; effective and ineffective uses of incentives; decision rules and aids; and types of interventions that can shape choices. Prerequisite(s): PSYCH 101, and completion of any courses from Course Cluster I or II 273 Courses with Course Subject: Biology (BIOL) BIOL 20 General Biology (4 credits) Credit for Advanced Placement on the basis of the College Board Examination in Biology.",103,724,6,Topic 6,6.96257,3.325926
course_0024,Course Catalog,Course Descriptions,Integrated Science – Biology (4 credits),BIOL,BIOL 110,Integrated Science – Biology (4 credits),4.0,274,"Integrated Science-Biology employs five themes that describe properties of life and will be reiterated over again in Integrated Science-Biology: Organization (Structure and Function), Cycling of Energy and Matter, Information (Genetic Variation), Homeostasis (Interactions), and Evolution. These themes will be unified under the organizational principles of the Scientific Methods, formulating hypothesis and testing hypothesis with experiments. Students in Integrated Science- Biology will develop the understanding of key concepts in the context of cross-talks with chemistry and physics. While no previous knowledge is required, some background is advantageous.",86,664,3,Topic 3,4.038598,2.6778796
course_0025,Course Catalog,Course Descriptions,Cell and Molecular Biology (4 credits),BIOL,BIOL 201,Cell and Molecular Biology (4 credits),4.0,274,"Introduces major concepts in eukaryotic cell biology with a focus on molecular biology. A major emphasis is placed on transcription, translation, protein targeting and transport. In addition, the structure and function of organelles and how they function in metabolism and energetics will be examined. The role of the cytoskeleton and extra cellular matrix in governing cell shape and motility will be addressed as well as the genetic regulation of DNA replication and its place in the cell cycle and how disruption of either can lead to cancer. The laboratory portion of the class would introduce common laboratory molecular biology techniques like DNA isolation, PCR, cloning, sequencing, immunocytochemistry and fluorescent microscopy. Prerequisite(s): INTGSCI 102; or BIOL 110 and CHEM 110 or 120",121,800,3,Topic 3,5.023436,1.7397085
course_0026,Course Catalog,Course Descriptions,Genetics and Evolution (4 credits),BIOL,BIOL 202,Genetics and Evolution (4 credits),4.0,274,"Examines the structure and function of genomics and the flow of genomic information from parent to progeny and through populations. Changes in genetic makeup underlie important biological processes from disease to adaptation and evolution. Topics include classical transmission genetics (inheritance, assortment, and recombination), bacterial and phage genetics, gene regulation, genome structure and stability, mutation and repair, population genomics, complex trait inheritance evaluation and modern genomic techniques. The laboratory portion examines genetic inheritance in common laboratory model systems like yeast and Drosophila with projects that show what can be learned about gene function by the examination of mutants. Mutants will be created by random mutagenesis as well as targeted recombination and CRISPR. Prerequisite(s): INTGSCI 102 or BIOL 110 274",118,866,3,Topic 3,5.0446825,1.507216
course_0027,Course Catalog,Course Descriptions,"Molecular, Behavioral and Social Evolution: Darwin’s Theories between",BIOL,BIOL 203/GCULS 203,"Molecular, Behavioral and Social Evolution: Darwin’s Theories between",4.0,275,"Science and Culture (4 credits) This course examines Darwin’s theories of natural selection and evolution through multiple lenses in scientific and humanistic disciplines. This course covers the key concepts of biological evolution, examines how simple behaviors evolve in animals and humans, and explores current ideas about the evolution of complex social behaviors and societies. The course will also introduce students to the thinkers that influenced Darwin, such as economist Thomas Malthus and geologist Charles Lyell, as well as to Darwin’s influence on later thinkers from political theorist Karl Marx to historian Yuval Noah Harari. Discussion of these topics will be grounded in scientific case studies while also considering the impact of these theories on representations of gender, race and nature in popular culture, film and media. Prerequisite(s): INTGSCI 101 or BIOL 110 or Consent of the Instructor",137,916,0,Topic 0,8.106915,2.5106366
course_0028,Course Catalog,Course Descriptions,General Ecology (4 credits),BIOL,BIOL 208,General Ecology (4 credits),4.0,275,"Humans are the dominant species on Earth and ecology is key to understanding the multiple feedbacks through which their activities affect human health. Fundamental principles of ecology, from population to ecosystem levels, will be examined through the lens of human health. Topics include human population growth and carrying capacity, why we age, infectious disease dynamics, the microbiome and human health, sustainable agriculture and food security, sustainable harvest of wild foods, dynamics of pollutants in food webs, ecosystem services to humans, and human impacts of climate change.",86,592,3,Topic 3,5.5929174,0.8710634
course_0029,Course Catalog,Course Descriptions,Microbiology (4 credits),BIOL,BIOL 212,Microbiology (4 credits),4.0,275,"This course examines a number of different types of microbes including bacteria, archaea, fungi and viruses. Classical and modern approaches to the study of microorganisms and their roles/applications in everyday life, food, medicine, research and the environment. Topics covered include microbial cell structure/function, growth, genetics, energetics/metabolism, evolution and ecology. Virology topics include structure, life cycle, modes of transmission and host ranges. Additional examination of the role of microorganisms in disease, infection and immunology. The laboratory portion would stress aseptic technique and microbial culture; molecular, cytochemical, and physiological tests for microbial identification; and fermentation and its products for food and industrial production. Prerequisite(s): BIOL 201 or Consent of the Instructor",109,844,3,Topic 3,4.458194,1.3842453
course_0030,Course Catalog,Course Descriptions,Molecular Genetic Analysis (4 credits),BIOL,BIOL 304,Molecular Genetic Analysis (4 credits),4.0,275,"A range of genetic traits can be mapped and investigated using molecular approaches. Here we will utilize several model systems to examine different molecular methods to identify genetic traits 275 ranging from single gene complementation/rescue in yeast to recombination and SNP mapping in Drosophila to whole genome association studies in human populations. Prerequisite(s): BIOL 201, BIOL 202",57,395,3,Topic 3,5.0476794,1.363631
course_0031,Course Catalog,Course Descriptions,Biochemistry (4 credits),BIOL,BIOL 305,Biochemistry (4 credits),4.0,276,"Provides an introduction to the chemistry of biological macromolecules from the single molecule to cellular metabolism to the whole organism level. Protein biochemistry topics include protein synthesis, folding and structure, enzyme catalysis and kinetics, and analysis methods. Cellular metabolism topics include glycolysis, gluconeogenesis, the Krebs cycle, oxidative phosphorylation, and fatty acid and amino acid metabolism. Whole organism biochemistry/physiology topics include glycogen storage, insulin signaling and diabetes. Prerequisite(s): BIOL 110, CHEM 201",71,568,3,Topic 3,4.742889,1.8950926
course_0032,Course Catalog,Course Descriptions,Cell Signaling and Diseases (4 credits),BIOL,BIOL 306,Cell Signaling and Diseases (4 credits),4.0,276,"During the past several decades, exploration in basic research has yielded extensive knowledge about the numerous and intricate signaling processes involved in the development and maintenance of a functional organism. In order to demonstrate the importance and processes of cellular communication, this course will focus on cell signaling mechanisms and diseases resulting from their malfunction, such as cancer, stroke, and neuron degeneration (including Parkinson’s disease, Alzheimer’s disease, Huntington’s disease, and Amyotrophic lateral sclerosis). Students will be exposed to current literature and cutting edge knowledge. Prerequisite(s): BIOL 201, BIOL 305",89,666,3,Topic 3,5.0014496,1.6865392
course_0033,Course Catalog,Course Descriptions,Cancer Genetics (4 credits),BIOL,BIOL 307,Cancer Genetics (4 credits),4.0,276,"Overview of the genetic changes associated with cancer and the molecular events that transform normal cellular processes into tumor-promoting conditions. Topics include: tumor viruses, oncogenes, growth factors, signal transduction pathways, tumor suppressors, cell cycle control, apoptosis, genome instability, stem cells, metastasis, and current therapeutic approaches. Prerequisite(s): BIOL 201, BIOL 202",50,407,3,Topic 3,5.0390005,1.672734
course_0034,Course Catalog,Course Descriptions,Evolution of Infectious Diseases (4 credits),BIOL,BIOL 308,Evolution of Infectious Diseases (4 credits),4.0,276,"Covers the physiology and the ecological and evolutionary dynamics of a suite of infectious diseases. Case studies include influenza, cholera, HIV, and myxomatosis, among others, with an emphasis on pathogens infecting humans. Topics include: basic immunology, the physiology of different disease processes and transmission, the role of population size on disease transmission, 276 the effects of climate and behavioral changes on disease dynamics, networks of disease spread, spatial spread of disease, evolution of virulence, antigenic evolution, emerging infectious diseases. Prerequisite(s): BIOL 201, BIOL 202",84,614,3,Topic 3,5.5982137,1.2158862
course_0035,Course Catalog,Course Descriptions,Comparative Vertebrate Anatomy (4 credits),BIOL,BIOL 309,Comparative Vertebrate Anatomy (4 credits),4.0,277,"The structure, function and evolution of the vertebrate body systems including skeletal, digestive, circulatory, respiratory and nervous systems. Emphasis on understanding the functional, evolutionary and developmental basis for the similarities and difference observed among living vertebrates. In addition, examination of the physiological principles that function within these systems using examples like neural control, gas exchange, movement, excretion and metabolism. The laboratory portion will examine the various systems (muscular, skeletal, nervous, etc.) of human and non-human anatomical specimens. It will also include experiments examining the physiological aspects of the nervous, and respiratory systems. Prerequisite(s): Consent of the Instructor",97,763,3,Topic 3,5.312822,2.586765
course_0036,Course Catalog,Course Descriptions,"Developmental Biology: Development, Stem Cells, and Regeneration (4 credits)",BIOL,BIOL 310,"Developmental Biology: Development, Stem Cells, and Regeneration (4 credits)",4.0,277,"Mechanisms of fertilization, control of cell divisions, diversification of cell types, organization and differentiation of cells and tissues of the organism, and patterning necessary to establish the body plan of many organisms including vertebrates, invertebrates and plants. Included among these mechanisms are the roles of transcription factors in controlling the trajectories toward tissues, signal transduction, morphogenetic movements, and other mechanisms used by different plants and animals to build a functional adult. Also includes stem cell biology, regeneration of tissues, sex determination, and evolutionary mechanisms of diversification. Prerequisite(s): BIOL 201",89,679,3,Topic 3,4.9853826,1.5466021
course_0037,Course Catalog,Course Descriptions,Biogeochemistry (4 credits),BIOL,BIOL 311/ENVIR 311,Biogeochemistry (4 credits),4.0,277,"Biogeochemistry is the study of how chemical elements flow through living systems and their physical environments. This course will investigate the factors that influence the cycling of those elements that are essential to life as well as the liberation, transport and exposure pathways of toxic trace elements. Concepts of nutrient limitation, element stoichiometry, primary productivity and carbon sequestration will be covered in depth, and will be applied to the study of human impacts on the global biogeochemical cycles of water, carbon, nutrients and trace metals. Prerequisite(s): INTGSCI 102; or BIOL 110 and CHEM 110 or CHEM 120 277",98,642,3,Topic 3,3.8482845,1.5123296
course_0038,Course Catalog,Course Descriptions,Ecophysiology (4 credits),BIOL,BIOL 312,Ecophysiology (4 credits),4.0,278,"This course examines how plants, animals and microbes respond physiologically (maintain homeostasis) despite changes and challenges in biotic and abiotic components of the environment. Organisms may ultimately be limited by their ability to physiologically respond to changes and challenges including light, temperature, pH, water, carbon and nutrient availability. Response to environmental change will be evaluated at multiple levels of the biological hierarchy and over evolutionary time. This course will include a detailed review of physiology and molecular biology and will include a lab component. Prerequisite(s): BIOL 208 or Consent of the Instructor",92,659,3,Topic 3,5.1831417,0.7295933
course_0039,Course Catalog,Course Descriptions,Ecosystem Service (4 credits),BIOL,BIOL 313/ENVIR 313,Ecosystem Service (4 credits),4.0,278,"Ecosystem services are the benefits that people obtain from ecosystems and utilizes a system level approach to examine the interactions between four services. The course will include discussion of nutrient recycling as a supporting service, food production as a provisioning service, carbon sequestration as a regulating service and education as a cultural service as well as how they fit together in a sustainable system. Students will learn through case studies of the application of conservation, restoration and market valuation approaches to protecting critical ecosystem processes. Prerequisite(s): BIOL 208 or Consent of the Instructor",93,642,3,Topic 3,5.668563,0.34872806
course_0040,Course Catalog,Course Descriptions,Computational Biology and Bioinformatics (4 credits),BIOL,BIOL 314,Computational Biology and Bioinformatics (4 credits),4.0,278,"This course focuses on the analysis of genomic and genome-related biological data sets using computational methods. The course will cover not only the identification, retrieval and exploration of specific values from a large, genomic data set, but will also include the genome-scale comparison of data sets. Topics discussed will include genome sequence assembly, alignments, RNAseq analysis, motif finding, and gene classifications. Prerequisite(s): BIOL 201 or 202; and MATH 205 or 206 or STATS 101",74,500,3,Topic 3,5.0830665,1.9355867
course_0041,Course Catalog,Course Descriptions,Experimental Molecular Biology (4 credits),BIOL,BIOL 315,Experimental Molecular Biology (4 credits),4.0,278,"Progress in laboratory molecular biology and biotechnology have yielded phenomenal advancements in research, medicine, and diagnostics. In this hands-on laboratory course, students will perform many of the most common experimental methods in molecular biology: PCR, protein purification, site-directed mutagenesis, CRISPR and gene synthesis in one continuous project involving regulated protein localization. Prerequisite(s): BIOL 201 278",55,438,3,Topic 3,5.1276937,1.7011614
course_0042,Course Catalog,Course Descriptions,Quantitative Physiology (4 credits),BIOL,BIOL 316,Quantitative Physiology (4 credits),4.0,279,"This course is a mathematical examination of processes in human physiological systems including pressure and electrical forces, concentration, kinetics and diffusion and mechanical forces. Examples of each will be discussed in the nervous, cardiovascular, renal, gastrointestinal, respiratory, and endocrine systems. The laboratory portion will complement the lecture topics and use detailed statistical analysis of data. Prerequisite(s): MATH 101 or MATH 105; BIOL 110; MATH 205 or 206 or STATS 101",70,499,2,Topic 2,4.890662,2.868828
course_0043,Course Catalog,Course Descriptions,Systems Biology (4 credits),BIOL,BIOL 317,Systems Biology (4 credits),4.0,279,"Introduction to concepts and applications of Systems Biology. Identification of molecular interactions that underlie cellular function using data acquired through high-throughput approaches. A focus on transcription networks, and the types of network motifs they contain, including feed-forward loops, autoregulation, and the single-input module will be discussed. Examples of networks in development will be covered. Prerequisite(s): BIOL 201; and MATH 205 or 206 or STATS 101",65,477,3,Topic 3,4.8926654,1.8469212
course_0044,Course Catalog,Course Descriptions,Food Web Ecology (4 credits),BIOL,BIOL 318,Food Web Ecology (4 credits),4.0,279,"This course examines the movement of food energy through a community and ecosystem. After examining species diversity and abundance in ecosystems, the course will look at the species interactions within that ecosystem, including the role of keystone species. The roles of primary and secondary producers in a community and the role of decomposers will be examined to bring the cycle to a close. Prerequisite(s): BIOL 208 or Consent of the Instructor",71,449,3,Topic 3,5.416814,0.5590373
course_0045,Course Catalog,Course Descriptions,Global Change Biology (4 credits),BIOL,BIOL 319,Global Change Biology (4 credits),4.0,279,"The rapid change in Earth’s climate has distinct biological causes and effects and in this course, both will be addressed. Beginning with a review of the Earth’s climate system and how it has evolved over time to its current state, students will then examine the human-driven causes of its rapid CO2 and temperature changes. These changes have consequences and detailed examinations of examples such as species range shifts, extinctions, and changes in biological event timing will be discussed. Prerequisite(s): BIOL 208 or Consent of the Instructor 279",87,554,3,Topic 3,5.489486,0.44642058
course_0046,Course Catalog,Course Descriptions,Bioethics (4 credits),BIOL,BIOL 320,Bioethics (4 credits),4.0,280,"This course examines the study of ethical issues emerging from technological advancements in biomedical research using a combination of disciplines including biology, philosophy, and law. Topics discussed may include disease diagnostics quandaries (pre-natal as well as elderly); genetic modification of animals and plants for agriculture, and of humans for disease relief; and animal rights with regard to research, farm, and home. The legal aspects of genomics, cloning and diagnostics will also be discussed. Prerequisite(s): INTGSCI 101 or BIOL 110",79,552,3,Topic 3,5.5477,1.6900862
course_0047,Course Catalog,Course Descriptions,Advanced Topics in Cellular and Molecular Biology (4 credits),BIOL,BIOL 321,Advanced Topics in Cellular and Molecular Biology (4 credits),4.0,280,"The aim of this course is to provide an in-depth understanding of some of the main concepts and problems in cell and molecular biology. The course will examine a range of areas of modern cell and molecular biology. How nuclear architecture influences gene expression; how transcription is coupled with other cellular processes; how the coding capacity of genomes is increased through alternative splicing and RNA editing; mechanisms of regulation by non-coding RNAs, DNA repair, cell communication, cell signaling and vesicular trafficking in cells. In addition basic concepts in epigenetics and discuss various epigenetic processes such as DNA methylation, chromatin remodeling, gene imprinting, post-translational histone modification, epigenomics, environmental epigenetics and the relationship between epigenetic modification and human health. The sessions will incorporate aspects of experimental research, and introduce research literature. Topics will also be related to relevant diseases. Prerequisite(s): BIOL 201",140,1022,3,Topic 3,4.9946766,1.6707462
course_0048,Course Catalog,Course Descriptions,Advanced Biochemistry: Cell Metabolism (4 credits),BIOL,BIOL 401,Advanced Biochemistry: Cell Metabolism (4 credits),4.0,280,"Builds on and extends the core metabolism concepts introduced in BIOL305: Biochemistry. Detailed examination of additional cellular anabolic and catabolic pathways including nucleotides, lipids, cholesterol, and others. This course had an increased focus on the metabolic similarities and differences between humans, bacteria, and plants. Prerequisite(s): BIOL 305",47,364,3,Topic 3,4.893407,1.7333926
course_0049,Course Catalog,Course Descriptions,Experimental Methods in Functional Genomics (4 credits),BIOL,BIOL 403,Experimental Methods in Functional Genomics (4 credits),4.0,280,"Functional genomics aims to identify a function for every gene in a genome. Using model systems like yeast, fruit flies and human cell lines, scientists can work toward this goal using a variety of methods. Approaches discussed will include a genetic approach by systematically reducing gene 280 function by mutation or RNAi and examining a phenotype. Cellular location approaches using GFP fusions, yeast two-hybrid, and proteomics approaches will also be reviewed. Prerequisite(s): BIOL 201, BIOL 202",76,502,3,Topic 3,4.979193,1.6292157
course_0050,Course Catalog,Course Descriptions,Genomics of Adaptation (4 credits),BIOL,BIOL 404,Genomics of Adaptation (4 credits),4.0,281,"Contemporary studies of how populations and species evolved adaptations to their ecological habitats. Focus on modern methods of genome mapping and sequence data and analysis in wild populations that can identify genetic changes that contributed to ecological adaptations. Emphasis on case studies of genomics of adaptation in plant and animal systems, including humans and our adaptations to environments that our ancestors encountered as they colonized diverse habitats throughout the world. Examples will also illustrate how speciation and hybridization can contribute to adaptive biodiversity. Prerequisite(s): BIOL 202",86,623,3,Topic 3,5.1260877,1.0440427
course_0051,Course Catalog,Course Descriptions,Microbial Ecology (4 credits),BIOL,BIOL 405,Microbial Ecology (4 credits),4.0,281,"Microorganisms represent the greatest diversity of life on Earth and couple the geochemical world to the living one across many ecosystems. This course will examine the role of microorganisms in biogeochemical cycles in terrestrial and aquatic ecosystems. Other topics discussed will include the symbiosis of microbes with plants, animals and other microbes to form communities. Finally, the role of microorganisms in converting or decomposing biological or geochemical materials will be addressed. Prerequisite(s): INTGSCI 102; or BIOL 110 and CHEM 110 or CHEM 120",83,565,3,Topic 3,3.919361,1.4433066
course_0052,Course Catalog,Course Descriptions,Population Ecology (4 credits),BIOL,BIOL 406,Population Ecology (4 credits),4.0,281,"This course examines a species population and its interactions within their ecosystem. Topics covered include demography and dynamics of structured populations, population regulation, population dynamics, metapopulations, and life history strategies. Interspecific interaction topics covered include competition, mutualism, host-parasite and predator/prey interactions. Prerequisite(s): BIOL 208 or Consent of the Instructor",49,424,3,Topic 3,5.418999,0.6468022
course_0053,Course Catalog,Course Descriptions,Population Genomics and Molecular Evolution (4 credits),BIOL,BIOL 407,Population Genomics and Molecular Evolution (4 credits),4.0,281,"This course examines the genetic mechanisms of evolutionary change at the DNA sequence level in populations. Topics covered will include models of nucleotide and amino acid substitution, linkage disequilibrium and joint evolution of multiple loci. Evolutionary topics include neutrality, 281 adaptive selection and hitchhiking. Case histories of molecular evolution as well as hypothesis testing and estimation of evolutionary parameters will be discussed. Prerequisite(s): BIOL 202",65,482,3,Topic 3,5.1037626,1.1096662
course_0054,Course Catalog,Course Descriptions,Pharmacology: Science and Society (4 credits),BIOL,BIOL 408/CHEM 408,Pharmacology: Science and Society (4 credits),4.0,282,"This course examines the fundamental chemical, biological, and therapeutic features of human pharmaceutical agents, or drugs, with a focus on how they are found, how they work, and how they are used (and misused). The twin pillars of pharmacology—pharmacodynamics and pharmacokinetics—are explored, with emphasis on mechanisms of drug action and metabolism at the cellular and physiological levels. The science and technology behind the discovery, design, and development of drugs are investigated, followed by a survey of drug classes used in modern medicine. Integrated within are considerations of how drugs influence and impact society in the realms of culture, economics, ethics, and the law. Prerequisite(s): BIOL 305",106,723,3,Topic 3,5.0084805,1.9048004
course_0055,Course Catalog,Course Descriptions,Fundamental Immunology (4 credits),BIOL,BIOL 409/GLHLTH 409,Fundamental Immunology (4 credits),4.0,282,"This course introduces the fundamentals of immunology, from cellular, molecular, and biochemical aspects of the healthy immune system to disease and treatments involving immunization, immunodeficiency, and autoimmunity. Another focus of this course is to introduce the application of immune molecules in diagnosis and clinical therapeutic, such as manipulating the immune system for cancer treatment and vaccine development. In this course, students will develop critical reading skills in research papers related to fundamental immunology and be able to understand the application of various experimental approaches to study human immune diseases and identify novel drug targets. Prerequisite(s): BIOL 201 and BIOL 202",100,719,3,Topic 3,5.263681,1.7915797
course_0056,Course Catalog,Course Descriptions,Principles of Nutrition and Disease (4 credits),BIOL,BIOL 410/GLHLTH 410,Principles of Nutrition and Disease (4 credits),4.0,282,"Nutrition is becoming ever more central to our understanding of virtually all metabolic processes. It’s biological basis offers insight into the mechanisms by which diet influences human health and disease. This course explores the physiological functions and dietary sources of macro and micronutrients and how the nutrients impact the cellular processes in type 2 diabetes mellitus, cardiovascular, stroke, obesity, child obesity Alzheimer’s, food allergies, cancer, stomach ulcers, osteoporosis, Crohn’s disease, kidney and liver disease, linking them to immunology and biochemical pathways. Prerequisite(s): BIOL 110 282",85,624,3,Topic 3,4.8054776,1.5650787
course_0057,Course Catalog,Course Descriptions,Vaccine Development for Emerging Infectious Diseases (4 credits),BIOL,BIOL 411/GLHLTH 411,Vaccine Development for Emerging Infectious Diseases (4 credits),4.0,283,"This course investigates the role of vaccines in preventing diseases and explore case studies that demonstrate successful strategies. The course will focus on emerging and remerging infectious diseases, the background of vaccine manufacturing, old versus new technology of vaccines development including mRNA, DNA vaccines. Pharmacovigilance, efficacy, vaccine safety, public health. In addition, models that are currently used to predict mutations for vaccine development and the pathway to EUA, licensure and beyond. Prerequisite(s): BIOL 110, CHEM 101 283 Courses with Course Subject: Capstone (CAPSTONE)",83,607,3,Topic 3,5.388757,1.7328131
course_0058,Course Catalog,Course Descriptions,Signature Work Capstone I (4 credits),CAPSTONE,CAPSTONE 495,Signature Work Capstone I (4 credits),4.0,284,Capstone courses provide a mechanism to allow time for students to focus on completing their signature work and producing the final product. The nature of the capstone is like an independent study where the frequency and format of the meetings are agreed upon by the mentor and student. This structure applies to team projects as well individual signature work. Capstones are taken sequentially in any of the first 3 sessions of the senior year. The grade for Capstone I functions as a mid-term review that evaluates the progress made to date. The instructor of record is the student’s mentor. Prerequisite(s): Senior Standing. Students need to pass the basic Responsible Conduct of Research (RCR) training provided by CITI Program.,118,732,7,Topic 7,8.090134,3.7079232
course_0059,Course Catalog,Course Descriptions,Signature Work Capstone II (4 credits),CAPSTONE,CAPSTONE 496,Signature Work Capstone II (4 credits),4.0,284,Capstone courses provide a mechanism to allow time for students to focus on completing their signature work and producing the final product. The nature of the capstone is like an independent study where the frequency and format of the meetings are agreed upon by the mentor and student. This structure applies to team projects as well as individual signature work. Capstones are taken sequentially in any of the first 3 sessions of the senior year. The grade for Capstone II encompasses all the requirements for signature work including the final product. The instructor of record is the student’s mentor. Prerequisite(s): Capstone 495; Senior Standing 284 Courses with Course Subject: Chemistry (CHEM) CHEM 20 General Chemistry (4 credits) Credit for Advanced Placement on the basis of the College Board Examination in Chemistry.,131,830,2,Topic 2,3.8719053,2.4980667
course_0060,Course Catalog,Course Descriptions,Chemistry in Context (4 credits),CHEM,CHEM 105,Chemistry in Context (4 credits),4.0,285,"This course is a chemistry course aimed at students of non-science majors. Through the lenses of topical issues, this course allows students majoring in a non-science field to experience the process of science, investigating how science works, its potential and limitations, and how science and society influence/impact each other. Topics are variable but will seek to engage students in concepts that illuminate their everyday lives. Inquiry-based laboratory exercises will support the theoretical framework of the course. Anti-requisite(s): INTGSCI 101, CHEM 110",81,564,2,Topic 2,3.7140517,2.5584142
course_0061,Course Catalog,Course Descriptions,Integrated Science – Chemistry (4 credits),CHEM,CHEM 110,Integrated Science – Chemistry (4 credits),4.0,285,"With an integrated approach, this course examines basic concepts and fundamental principles in chemistry based on the laws of physics. The course starts with an introduction to the static structures of atoms, molecules and matter including life itself, followed by an exploration of the dynamical and collective processes during chemical reactions. It explains how atoms, the basic building blocks of matter, interact with each other and construct the world around us, how subatomic electrons modulate the chemical properties of elements, and how the rearrangement of atoms during chemical reactions gives rise to astonishing phenomena in nature. Centered on topics in chemistry, this course not only prepares students for upper-level disciplinary courses, but also helps students develop an interdisciplinary molecular perspective, which allows them to tackle problems in various fields such as condensed matter physics, molecular biology, medicine, materials science and environmental science. While no previous knowledge is required, some background is advantageous. Not open to students who have credits for both INTGSCI 101 and 102 or CHEM 120.",168,1149,2,Topic 2,3.802417,2.6715283
course_0062,Course Catalog,Course Descriptions,Core Concepts in Chemistry: An Environmental Perspective (4 credits),CHEM,CHEM 120,Core Concepts in Chemistry: An Environmental Perspective (4 credits),4.0,285,"Current challenges and opportunities in environmental science require a foundational knowledge of core concepts in chemistry. In this course, students will learn core chemical concepts including properties of gases and solutions, thermodynamics, kinetics, equilibrium, electrochemistry and nuclear chemistry as they apply to the understanding of ozone depletion, photochemical smog, climate change, acid deposition, dissolved oxygen, pH, alkalinity and alternative energy sources. Prerequisite(s): INTGSCI 101; MATH 101 or 105 285",69,530,2,Topic 2,3.8257482,2.3023043
course_0063,Course Catalog,Course Descriptions,Science of Cooking (4 credits),CHEM,CHEM 130,Science of Cooking (4 credits),4.0,286,"Course material includes an introduction to the structure of molecules as well as their inter- and intramolecular interactions, with an emphasis on those species of importance to food and cooking. Additional science topics include cell structure of plants and meats and methods of heat transfer. Chemical reactivity as it relates to cooking, fermentation, food preservation and spoilage will also be discussed.",61,410,3,Topic 3,3.9479446,2.3895812
course_0064,Course Catalog,Course Descriptions,General Chemistry II (4 credits),CHEM,CHEM 150,General Chemistry II (4 credits),4.0,286,"This course is the continuation of the Integrated Science – Chemistry continuum, including intermolecular forces, states of matter, aqueous ionic equilibrium and solubility equilibrium, dynamics (kinetics and thermodynamics), electrochemistry, and nuclear chemistry. Lab experiments verifying related theories and utilizing data analysis are also part of the course. Prerequisite(s): INTGSCI 102 or CHEM 110 or CHEM 120",56,419,2,Topic 2,3.714985,2.6404057
course_0065,Course Catalog,Course Descriptions,Organic Chemistry I (4 credits),CHEM,CHEM 201,Organic Chemistry I (4 credits),4.0,286,"In this course students will learn to recognize organic chemical structures and reactions that are akin to those found in living cells, as well as learn the molecular underpinnings for the many consumer goods and products we encounter and use in daily life. In addition to covering the scientific principles and applications of organic chemistry, this course will also explore how a variety of organic molecules have had an impact on history, society, and global economics. Organic Chemistry I is both an introductory and survey course for learning the foundations of organic chemistry and is sufficient to support further studies and coursework in the areas of biology, environmental sciences, and global health. Laboratory: techniques of separation, organic reactions and preparations, and systematic identification of compounds by their spectral and chemical properties. Prerequisite(s): INTGSCI 102 or CHEM 110 or CHEM 120",140,926,3,Topic 3,3.7655761,2.3639174
course_0066,Course Catalog,Course Descriptions,Organic Chemistry II (4 credits),CHEM,CHEM 202,Organic Chemistry II (4 credits),4.0,286,Continuation of CHEM 201. Prerequisite(s): CHEM 201,7,51,2,Topic 2,3.6939013,2.5745919
course_0067,Course Catalog,Course Descriptions,Quantitative Chemical Analysis (4 credits),CHEM,CHEM 205,Quantitative Chemical Analysis (4 credits),4.0,286,"A study of principles and methods used in the quantitative determination of elements and compounds. Topics include advanced acid-base chemistry and chemical equilibria and electrochemistry. Laboratory work consists of gravimetric, titrimetric, volumetric, and 286 instrumental procedures illustrating the common types of quantitative analysis. Topics related to sampling, error analysis, calibration will be included. One or two modern instrumental methods will also be included. Prerequisite(s): CHEM 150",66,505,2,Topic 2,3.6547763,2.179764
course_0068,Course Catalog,Course Descriptions,Elements of Physical Chemistry (4 credits),CHEM,CHEM 301,Elements of Physical Chemistry (4 credits),4.0,287,"The course introduces students to core concepts in physical chemistry including quantum chemistry, molecular structure, molecular spectroscopy, thermodynamics, and kinetics. The course also includes laboratory experiments illustrative of these topics, as well as instruction and practice in writing the laboratory notebook and formal laboratory reports. Prerequisite(s): CHEM 150 and PHYS 122",51,392,2,Topic 2,3.7338963,2.743105
course_0069,Course Catalog,Course Descriptions,Aqueous Geochemistry (4 credits),CHEM,CHEM 315/ENVIR 315,Aqueous Geochemistry (4 credits),4.0,287,"This course is designed to provide the student with an understanding of the fundamentals of aqueous geochemistry. This course focuses on the fundamental aquatic geochemical processes (e.g., mineral precipitation/dissolution, solution complexation, acid-base chemistry) that shape and transform the Earth’s surface as a result of rock-water interactions, and associated impacts on the fate and transport of inorganic and organic contaminants in aqueous and geochemical environments. Topics to be covered include the chemical composition of soils, geochemical 286peculation, mineral weathering and stability, sorption and ion exchange, soil redox processes, chemical kinetics at environmental surfaces, and the nature, composition, structure, and properties of pollutants coupled with the major chemical mechanisms controlling the occurrence and mobility of chemicals in the environment. Prerequisite(s): INTGSCI 102 or CHEM 110 or CHEM 120",126,938,3,Topic 3,3.7293622,1.7098055
course_0070,Course Catalog,Course Descriptions,Analytical Chemistry (4 credits),CHEM,CHEM 401,Analytical Chemistry (4 credits),4.0,287,"Fundamentals of qualitative and quantitative measurement with emphasis on chemometrics, quantitative spectrometry, electrochemical methods, and common separation techniques, including laboratory experiments that illustrate various of these techniques. Prerequisite(s): CHEM 150 and CHEM 201",33,290,2,Topic 2,3.6540504,2.2740564
course_0071,Course Catalog,Course Descriptions,Inorganic Chemistry (4 credits),CHEM,CHEM 402,Inorganic Chemistry (4 credits),4.0,287,"Bonding, structures, and reactions of inorganic compounds studied through physical chemical concepts. Prerequisite(s): CHEM 301 287",16,131,2,Topic 2,3.571978,2.4460158
course_0072,Course Catalog,Course Descriptions,Advanced Topics in Physical Chemistry (4 credits),CHEM,CHEM 403,Advanced Topics in Physical Chemistry (4 credits),4.0,288,Builds on and extends the core concepts introduced in Elements of Physical chemistry. Advanced topics and recent developments in physical chemistry. Prerequisite(s): CHEM 301,24,174,2,Topic 2,3.5615964,2.6394997
course_0073,Course Catalog,Course Descriptions,Physical Biochemistry (4 credits),CHEM,CHEM 404,Physical Biochemistry (4 credits),4.0,288,"This course examines the theory and methods used to characterize the physical properties of biological macromolecules like DNA, RNA, and protein. A portion of the course will cover thermodynamics of biological macromolecules including both molecular measurements and statistical thermodynamic modeling. A second portion of the course will examine analysis methods including X-Ray diffraction, Spectroscopy, NMR, and Mass Spectrometry. Prerequisite(s): PHYS 122; BIOL 305",63,470,3,Topic 3,4.3124623,2.442437
course_0074,Course Catalog,Course Descriptions,Pharmacology: Science and Society (4 credits),CHEM,CHEM 408/BIOL 408,Pharmacology: Science and Society (4 credits),4.0,288,"This course examines the fundamental chemical, biological, and therapeutic features of human pharmaceutical agents, or drugs, with a focus on how they are found, how they work, and how they are used (and misused). The twin pillars of pharmacology—pharmacodynamics and pharmacokinetics—are explored, with emphasis on mechanisms of drug action and metabolism at the cellular and physiological levels. The science and technology behind the discovery, design, and development of drugs are investigated, followed by a survey of drug classes used in modern medicine. Integrated within are considerations of how drugs influence and impact society in the realms of culture, economics, ethics, and the law. Prerequisite(s): BIOL 305",106,723,3,Topic 3,4.9327307,1.813071
course_0075,Course Catalog,Course Descriptions,Advanced Materials Chemistry Laboratory (Lab) (4 credits),CHEM,CHEM 410,Advanced Materials Chemistry Laboratory (Lab) (4 credits),4.0,288,"This is a follow-up lab course after MATSCI 301. It strengthens students’ experimental skills and covers the manufacturing and synthesis of common materials primarily with chemical methods. Topics may include: processing and etching of metals, sintering of ceramics, synthesis of polymers, self-assembly of nanomaterials, 3D printing, chemical vapor deposition of thin films. Prerequisite(s): CHEM 201, MATSCI 301 288 Courses with Course Subject: Chinese (CHINESE) Chinese as Second Language Courses CHINESE 101A Beginning Chinese 1 – A (2 credits) This course is for students with little or no knowledge of the Chinese language, and is designed for building basic communicative proficiency in Mandarin Chinese. The course teaches speaking, listening, reading, and writing skills, but it places special emphasis on the oral communication skills needed for daily life interactions in Chinese, and students will be required to practice using Chinese for daily life tasks outside class. Students will begin learning to read basic high-frequency characters, and learn how to write characters properly with correct stroke order. Additionally students will learn about Chinese culture, especially as it relates to managing the daily tasks of life in China. This course is required for students in the CSL track who have not previously studied Chinese. CHINESE 101B Beginning Chinese 1 – B (2 credits) Continuation of CHINESE 101A. Prerequisite(s): CHINESE 101A CHINESE 102A Beginning Chinese 2 – A (2 credits) This course continues teaching basic communicative proficiency in Mandarin Chinese. As with CHINESE 101, the course teaches speaking, listening, reading, and writing skills. Special emphasis will be placed on learning the oral communication skills needed for daily life interactions in Chinese, and students will be expected to practice using Chinese for daily life tasks outside class. Students will learn to read high-frequency characters and learn how to write characters properly with correct stroke order. Additionally, students will learn about Chinese culture, especially as it relates to managing the daily tasks of life in China. Prerequisite(s): CHINESE 101B or the equivalent. CHINESE 102B Beginning Chinese 2 – B (2 credits) Continuation of CHINESE 102A Prerequisite(s): CHINESE 102A 289 CHINESE 131A First Year Chinese for Heritage Learners 1 – A (2 credits) This course is designed for CSL track students who were raised in a Chinese-speaking environment and who are proficient in speaking and listening to Chinese in daily and social conversation, but who have little or no ability to read or write in Chinese. This course will focus on teaching these students to read and write in Chinese, improve their pronunciation and grammatical structures of Mandarin, and expand vocabulary beyond daily life. Students will develop these skills both through curricular activities (such as pair work, writing essays and diaries, and group work) and extracurricular activities (such as Chinese Table and Language Partners). Topics of the course range from home and social life to cultural and social issues. CHINESE 131B First Year Chinese for Heritage Learners 1 – B (2 credits) Continuation of CHINESE 131A Prerequisite(s): CHINESE 131A CHINESE 132A First Year Chinese for Heritage Learners 2 – A (2 credits) This course is a continuation of CHINESE 131. This course will continue developing students’ reading and writing ability in Chinese, improving their pronunciation and their grasp of the grammatical structures of Mandarin, and expanding vocabulary beyond daily life. Students will develop these skills both through curricular activities (such as pair work, writing essays and diaries, and group work) and extracurricular activities (such as Chinese Table and Language Partners). Topics of the course will vary from home and social life to cultural and social issues. Prerequisite(s): CHINESE 131B or equivalent CHINESE 132B First Year Chinese for Heritage Learners 2 – B (2 credits) Continuation of CHINESE 132A Prerequisite(s): CHINESE 132A CHINESE 201A Intermediate Chinese 1 – A (2 credits) This course is designed to help students continue building basic communicative proficiency in Mandarin Chinese. The primary emphasis is on oral communication skills, with a focus on 290 conversations in Chinese, and students will be expected to find opportunities outside class to practice using their Chinese for social interaction. Students will also learn to read dialogues that provide good models of social interaction in Chinese, and will practice writing simple texts. Additionally, students will learn about Chinese culture, especially as it relates to social interaction. Prerequisite(s): CHINESE 102B or equivalent CHINESE 201B Intermediate Chinese 1 – B (2 credits) Continuation of CHINESE 201A Prerequisite(s): CHINESE 201A CHINESE 202A Intermediate Chinese 2 – A (2 credits) This course is designed to help students continue building basic communicative proficiency in Mandarin Chinese. The primary emphasis is on oral communication skills, with a focus on social conversations in Chinese, and the course includes assignments in which students will find opportunities outside class to practice using their Chinese for social interaction. Students will also continue building their ability to read dialogues that provide good models of social interaction in Chinese, and practice writing simple texts. Additionally, students will learn about Chinese culture, especially as it relates to Chinese life and society. Prerequisite(s): CHINESE 201B or equivalent CHINESE 202B Intermediate Chinese 2 – B (2 credits) Continuation of CHINESE 202A Prerequisite(s): CHINESE 202A CHINESE 231A Second Year Chinese for Heritage Learners 1 – A (2 credits) This course, a continuation of CHINESE 132, is designed to help Chinese heritage students continue improving their formal and informal discourse in speaking and writing. This course aims to further expand and refine students’ language skills by studying a variety of texts that are written with advanced intermediate-level vocabulary (including vocabulary denoting abstract concepts), complex grammatical structures, and formal language uses. Students will develop these skills both through curricular activities (such as pair work, writing essays and diaries, and group work) and extracurricular activities (such as Chinese Table and Language Partners). Topics of the course will focus on social and cultural issues in contemporary China. Prerequisite(s): CHINESE 132B or equivalent 291 CHINESE 231B Second Year Chinese for Heritage Learners 1 – B (2 credits) Continuation of CHINESE 231A Prerequisite(s): CHINESE 231A CHINESE 232A Second Year Chinese for Heritage Learners 2 – A (2 credits) This course, a continuation of CHINESE 231, is designed to help Chinese heritage students continue improving their formal and informal discourse in speaking and writing. This course aims to further expand and refine students’ language skills by studying a variety of texts that are written with advanced intermediate-level vocabulary (including vocabulary denoting abstract concepts), complex grammatical structures, and formal language uses. Students will develop these skills both through curricular activities (such as pair work, writing essays and diaries, and group work) and extracurricular activities (such as Chinese Table and Language Partners). Topics of the course focus on social and cultural issues in contemporary China. Prerequisite(s): CHINESE 231B or equivalent CHINESE 232B Second Year Chinese for Heritage Learners 2 – B (2 credits) Continuation of CHINESE 232A Prerequisite(s): CHINESE 232A CHINESE 301A Advanced Intermediate Chinese 1 – A (2 credits) This course reinforces what students have learned in the Intermediate Chinese courses, and continues to expand and refine their skills in listening, speaking, reading, and writing by learning a variety of texts that are written with advanced vocabulary (including academic vocabulary and vocabulary denoting abstract concepts), complex grammatical structures, and formal language uses. In addition, students will be introduced to current social issues in China (such as parenting, demographics, marriage, etc.) and different aspects of Chinese culture (such as courtesy, family relationships, ethics, etc.). Through learning and discussing these social and cultural issues, students are expected to deepen their understanding of Chinese society and culture. Students will further practice their spoken Chinese outside class by conversing with Chinese speakers about the topics studied in class. 292 Prerequisite(s): CHINESE 202B or equivalent CHINESE 301B Advanced Intermediate Chinese 1 – B (2 credits) Continuation of CHINESE 301A Prerequisite(s): CHINESE 301A CHINESE 302A Advanced Intermediate Chinese 2 – A (2 credits) This course transitions students toward reading authentic texts relating to Chinese society (e.g. newspaper and magazine articles), with emphasis on learning relevant vocabulary. It also builds students’ ability to comprehend authentic media resources (e.g. television programs, documentaries, etc.) on similar topics. Oral skills will be built through discussion of these topics, and students will also be expected to practice their spoken Chinese outside class by conversing with Chinese speakers about the topics studied in class. Students will also continue to build their writing skills by writing short papers in Chinese relating to the topics studied. Prerequisite(s): CHINESE 301B or equivalent CHINESE 302B Advanced Intermediate Chinese 2 – B (2 credits) Continuation of CHINESE 302A Prerequisite(s): CHINESE 302A CHINESE 401A Advanced Chinese – Issues in Modern China 1 – A (2 credits) In this course students will learn about social and cultural issues in China through study of authentic texts in Chinese and authentic media resources (e.g. television programs, documentaries, etc.). Oral skills will be built through discussion of these topics, and students will also be expected to practice their spoken Chinese outside class by talking with Chinese speakers about the topics studied in class. Students will also continue to build their writing skills by writing short papers in Chinese relating to the topics studied. Prerequisite(s): CHINESE 302B or equivalent CHINESE 401B Advanced Chinese – Issues in Modern China 1 – B (2 credits) Continuation of CHINESE 401A Prerequisite(s): CHINESE 401A 293 CHINESE 402A Advanced Chinese – Issues in Modern China 2 – A (2 credits) The Advanced Chinese course sequence is designed to build students’ ability to read authentic texts in Chinese, such as newspaper texts; it also builds students’ ability to watch and listen to authentic media programs (e.g. television programs, documentaries, etc.). Students will be introduced to the following themes: popular culture, social change, cultural traditions, history and politics. Through study and discussion, students will be able to better understand the social and cultural issues in China, improve reading and listening abilities, and deliver detailed and organized presentations on these topics. Prerequisite(s): CHINESE 401B or equivalent CHINESE 402B Advanced Chinese – Issues in Modern China 2 – B (2 credits) Continuation of CHINESE 402A Prerequisite(s): CHINESE 402A",1673,11330,7,Topic 7,12.682671,3.3547845
course_0076,Course Catalog,Course Descriptions,Readings in Pre-Modern Chinese (4 credits),CHINESE,CHINESE 403,Readings in Pre-Modern Chinese (4 credits),4.0,294,"This course builds students ability to read and interpret pre-modern bai hua texts. The course will focus on stories from Feng Menglong’s Sanyan, the most popular and well-known collection of vernacular Chinese short stories published in the late Ming period (late sixteenth and early seventeenth centuries); also included will be excerpts from late Ming plays/operas (xiqu). This course will also introduce and lecture on the culture and urban life of the late Ming Dynasty, aiming to enhance students’ understanding of pre-modern Chinese literature and social life. Prerequisite(s): CHINESE 402B or equivalent",91,611,1,Topic 1,12.267199,3.1131442
course_0077,Course Catalog,Course Descriptions,Readings in Modern Chinese Fiction (4 credits),CHINESE,CHINESE 404,Readings in Modern Chinese Fiction (4 credits),4.0,294,"In this course students will read selections from the works of important modern Chinese writers. Students will learn about important modern Chinese authors and fiction, and also build reading vocabulary and extensive reading skills, as well as presentation skills and ability to write reviews of works of fiction. Prerequisite(s): CHINESE 402B or equivalent",53,357,1,Topic 1,12.490562,3.2637835
course_0078,Course Catalog,Course Descriptions,Readings in Contemporary Chinese Fiction (4 credits),CHINESE,CHINESE 405,Readings in Contemporary Chinese Fiction (4 credits),4.0,294,"In this course students will read short stories and novels by contemporary Chinese authors. Students will build their extensive reading skills and reading speed, and also discussion skills and ability to write reviews. 294 Prerequisite(s): CHINESE 402B or equivalent CHINESE 406A Debating Issues in Contemporary China – A (4 credits) In this course students will read research issues in contemporary China, primarily using Chinese language resources, and develop advanced speaking skills through debating these issues. Prerequisite(s): CHINESE 402B or equivalent CHINESE 406B Debating Issues in Contemporary China – B (4 credits) Continuation of CHINESE 406A. Prerequisite(s): CHINESE 406A or equivalent",100,703,7,Topic 7,12.611358,3.3355842
course_0079,Course Catalog,Course Descriptions,Readings in Classical Chinese (4 credits),CHINESE,CHINESE 407,Readings in Classical Chinese (4 credits),4.0,295,"This course teaches students how to read basic texts in Classical Chinese, with an emphasis on understanding the distinctive grammar of Classical Chinese and especially the use of particles. Oral skills will be built through discussion of the ideas in the texts. Prerequisite(s): CHINESE 402B or equivalent",47,306,7,Topic 7,12.6608515,3.370198
course_0080,Course Catalog,Course Descriptions,Translation Workshop: The Reflection of Meaning (Chinese-English;,CHINESE,CHINESE 408/WOC 207,Translation Workshop: The Reflection of Meaning (Chinese-English;,2.0,295,"English-Chinese) (2 credits) This class is a hands-on exploration of the art of written translation for students with advanced proficiency in both Chinese and English. Its emphasis is on the subtleties of how meaning is conveyed on the sentence- and paragraph-level. Students will undertake a series of translation challenges, working both into and out of their native languages, collaborating when possible with classmates whose native language is their own second language. This is a bilingual class; discussion will be held in English and in Chinese on alternating days. Prerequisite(s): EAP-track students must have completed EAP 101 and EAP 102, or have permission from the instructor. CSL-track students must have completed or placed out of CHINESE 402B.",116,760,7,Topic 7,12.355184,3.8511822
course_0081,Course Catalog,Course Descriptions,Chinese Book Club (4 credits),CHINESE,CHINESE 409,Chinese Book Club (4 credits),4.0,295,"This course is designed for learners of Chinese who already have read authentic texts in textbooks but have read few or no Chinese books for native speaker audiences. The goal is to help students develop stronger extensive reading skills, more specifically, to improve the reading speed, build 295 the ability to guess the meaning of sentences and paragraphs even when students don’t know all the words in them, and increase the comfort level when reading authentic texts. Prerequisite(s): CHINESE 402B or equivalent CHINESE 410A Public Speaking in Chinese (2 credits) Public Speaking in Chinese is designed to improve your advanced communication skills in Chinese. It is a performance-based course, with the primary emphasis on practical experience in developing speaking and listening abilities in Chinese to enable you to communicate orally in clear, coherent Chinese appropriate to the purpose, occasion, and audience. You will also learn and apply the basics of public speaking: speech study, audience analysis, outlining, organizational skills, word choice, and presentation. Furthermore, through discussing contemporary issues, you will build your command of vocabulary relevant to these important social topics and issues. This course is for the students whose Chinese language level reaches at least an Advanced-Low level as defined by ACTFL’s Proficiency Guidelines for Speaking. Prerequisite(s): CHINESE 402B or equivalent CHINESE 410B Public Speaking in Chinese (2 credits) Public Speaking in Chinese is designed to improve your advanced communication skills in Chinese. It is a performance-based course, with the primary emphasis on practical experience in developing speaking and listening abilities in Chinese to enable you to communicate orally in clear, coherent Chinese appropriate to the purpose, occasion, and audience. You will also learn and apply the basics of public speaking: speech study, audience analysis, outlining, organizational skills, word choice, and presentation. Furthermore, through discussing contemporary issues, you will build your command of vocabulary relevant to these important social topics and issues. This course is for the students whose Chinese language level reaches at least an Advanced-Low level as defined by ACTFL’s Proficiency Guidelines for Speaking. Prerequisite(s): CHINESE 410A or equivalent",342,2350,7,Topic 7,12.897317,3.5425718
course_0082,Course Catalog,Course Descriptions,Professional Networking in China (2 credits),CHINESE,CHINESE 411,Professional Networking in China (2 credits),2.0,296,"This performance-oriented course introduces key concepts and practices in networking within Chinese professional contexts to learners of Chinese as a Second Language. Through critical analysis and enactment of observable model behaviors, students develop awareness and basic skills necessary in building effective personal and professional relationship in China. By constantly engaging in a domain-specific online community, students will start to (1) build real-life connections with native Chinese speakers who share their interests in a particular academic or 296 professional domain and (2) acquire learning strategies to exploited authentic Chinese resources and opportunities to sustain Chinese learning as a self-managed learner. Prerequisite(s): CHINESE 402B or equivalent",104,780,7,Topic 7,12.676925,3.3475995
course_0083,Course Catalog,Course Descriptions,Chinese Across the Curriculum: Independent Research (2 credits),CHINESE,CHINESE 412,Chinese Across the Curriculum: Independent Research (2 credits),2.0,297,"This course aims to train advanced Chinese learners in developing independent research projects on current issues and allow students to put their knowledge and skills to use in Chinese speaking contexts. Learners will choose their own research topics and learning materials, such as news reports, editorials, research papers, books, and documentaries. The materials must be authentic pieces produced for native Chinese speakers, and learners will work with the instructor to interpret and digest the texts and multimedia materials. By the end of the course, learners are expected to develop a structure of knowledge and an ability to exchange ideas with native Chinese speakers in their chosen domains. Prerequisite(s): CHINESE 402B or equivalent",112,746,7,Topic 7,12.671255,3.3994627
course_0084,Course Catalog,Course Descriptions,Advanced Chinese – New Media Narratives (2 credits),CHINESE,CHINESE 413,Advanced Chinese – New Media Narratives (2 credits),2.0,297,"This content-based course contextualizes advanced-level Chinese language learning in new media narratives. It aims to help students further their oral and literacy skills by creating content on a platform of new media to communicate ideas and tell stories of experience and/or interests to a broader audience in the DKU community and beyond. Through various reading, writing and discussion activities, students will get familiar with major platforms of new media in China, critically review popular projects, and get hands-on experience of creating and sharing their original projects. Prerequisite(s): CHINESE 402B or equivalent",91,629,5,Topic 5,12.370402,3.6186898
course_0085,Course Catalog,Course Descriptions,Reading Chinese Love Stories in Novels and Memoirs (2 credits),CHINESE,CHINESE 414/WOC 214,Reading Chinese Love Stories in Novels and Memoirs (2 credits),2.0,297,"This course introduces a variety of love stories in Chinese novels and memoirs from the 16th century to the present, supplemented with cultural topics and English research articles to facilitate inter- cultural communication. We will explore how the concept of love has evolved throughout Chinese history, how it contributes to many taboos and innovative solutions in Chinese society, and how its narrative forms, novels and memoirs, help define and deconstruct gender roles and cultural identity. With the class discussions alternating between “Chinese days” and “English days,” both international students and Chinese students will get the chance to practice reading and writing in their target languages and conduct final written creative projects (research paper, fanfiction, drama script writing, etc.). 297 Prerequisite(s): Chinese (EAP-track) students must have completed EAP 102 or have permission from the instructor; international (CSL-track) students must have completed or placed out of CHINESE 402.",146,1011,1,Topic 1,12.088529,3.3225076
course_0086,Course Catalog,Course Descriptions,Watching Forbidden Love in Chinese Films (2 credits),CHINESE,CHINESE 415/WOC 215,Watching Forbidden Love in Chinese Films (2 credits),2.0,298,"This course introduces a variety of Chinese romance films and related cultural discussion from the last decade of the 20th century to the 21th century. We will explore how these films present and twist the idea of forbidden love in modern China, how they shape and break contemporary director’s and audience’s expectations, and how they connect to the development of contemporary Chinese pop culture and media industry. With the class discussion alternating between “Chinese days” and “English days,” both international students and Chinese students will get the chance to practice listening and speaking in their target languages and learn to make presentable digital essays using video making tools. Prerequisite(s): Chinese (EAP-track) students must have completed EAP 102 or have permission from the instructor; international (CSL-track) students must have completed or placed out of CHINESE 402.",135,900,1,Topic 1,11.794282,3.1558223
course_0087,Course Catalog,Course Descriptions,Translation Workshop: Adaptation and Transformation (Chinese-,CHINESE,CHINESE 416/WOC 210,Translation Workshop: Adaptation and Transformation (Chinese-,2.0,298,"English; English-Chinese) (2 credits) This class is a hands-on exploration of the art of written translation for students with advanced proficiency in both Chinese and English. Its emphasis is on creative translation and localization— situations where the act of translation must necessarily change the message being translated, and where a “faithful” translation is not possible or desirable. Students will undertake a series of translation challenges, working both into and out of their native languages, collaborating when possible with classmates whose native language is their own second language. This is a bilingual class; discussion will be held in English and in Chinese on alternating days. Prerequisite(s): Chinese (EAP-track) students must have completed EAP 102 or have permission from the instructor; international (CSL-track) students must have completed or placed out of CHINESE 402B.",131,900,7,Topic 7,12.350935,3.8433754
course_0088,Course Catalog,Course Descriptions,Li Yu and Seventeenth-century Chinese Pop Culture,CHINESE,CHINESE 417/LIT 217,Li Yu and Seventeenth-century Chinese Pop Culture,,298,"Seventeenth-century China witnessed a booming of what we now will call pop culture, thanks to increases in literacy and the rise of consumer culture. This course introduces students to a representative and unique author of that time, Li Yu, and his many commercially successful works, including novels, play scripts, and a DIY manual. We will delve into the seventeenth-century Chinese pop cultural environment, understand the tastes and concerns of Li’s contemporaries, and 298 dissect the interwoven relationships between novels, plays, and various aesthetic practices such as garden construction and performance training. Prerequisite(s): International (CSL-track) students must have completed or placed out of Chinese 402. Students who have completed Chinese 401 may seek permission from the instructor.",116,807,1,Topic 1,12.245173,3.1591132
course_0089,Course Catalog,Course Descriptions,Independent Study in Chinese (4 credits),CHINESE,CHINESE 491,Independent Study in Chinese (4 credits),4.0,299,"This independent study course, offered by the Language and Culture Center through the Language Learning Studio, gives students an opportunity to build advanced Chinese skills in areas for which regular courses are not offered at Duke Kunshan University. In this course students will work with one of the Chinese language faculty members in the Language Learning Studio to design a language learning plan and will then work with that faculty member to carry it out for one term. Students may repeat independent study courses. Prerequisite(s): CHINESE 402B or equivalent 299 Courses with Course Subject: Chinese Society and Culture (CHSC) These credits cannot be counted toward the 136 credit requirement, but they may be counted toward the additional credit requirements for students from the Chinese mainland, Hong Kong, Macau, and Taiwan. (See section on Credits Required for Degrees in Part 3.) CHSC courses are taught in Chinese.",146,932,7,Topic 7,12.653959,3.182941
course_0090,Course Catalog,Course Descriptions,Chinese Humanistic Spirit and Institutions (6 credits),CHSC,CHSC 101,Chinese Humanistic Spirit and Institutions (6 credits),6.0,300,"This course explores the humanistic spirit inherent in Chinese culture and the forms and changes of historically influential political systems. Topics will be closely linked to two aspects of the humanistic spirit and social institutions. On the one hand, it allows students to understand the philosophical spirit and moral reasoning characteristic of Chinese culture, as well as the Chinese political system along with its changes. On the other hand, it enables students to appreciate the intrinsic spirit of Chinese culture featuring introspection, learning, tolerance and constant change, therefore revealing the internal spiritual forces for China’s social institution reforms as well as the universality and uniqueness of contemporary China’s social, political and legal institutions. This course requires class attendance and a final exam (4 credits), as well as a 5000-word social practice report in Chinese (2 credits). Note that this is a compulsory course for all Chinese mainland and HMT students.",150,1008,1,Topic 1,11.958357,1.9507035
course_0091,Course Catalog,Course Descriptions,Social Changes in China (6 credits),CHSC,CHSC 102,Social Changes in China (6 credits),6.0,300,"This course reviews the history in which how China, as an ancient civilization, has revived from the fallen state in modern times to a mighty power in today’s world, helping students to understand and perceive Chinese society along with its changing trends with longer-term vision, the connotation of the Chinese national spirit, and the reason why today’s China cherishes independence while vigorously promoting opening up. This course requires class attendance and participation in discussion (4 credits), as well as a 7000-word themed paper (2 credits) in Chinese. Note that this is a compulsory course for all Chinese mainland and HMT students.",101,648,1,Topic 1,12.090755,2.0705416
course_0092,Course Catalog,Course Descriptions,Selected Readings of Chinese Classics (2 credits),CHSC,CHSC 103,Selected Readings of Chinese Classics (2 credits),2.0,300,"This course introduces a series of readings of Chinese classics, including the Four Books that illustrate the core value and belief system of Confucianism, Taoist classics of Lao Tzu and Chuang Tzu, Zen classic of the Sixth Patriarch (Liuzu tanjing), and Sun Tzu’s The Art of War. Selected chapters will be covered by combining the readings with the challenges faced by people today, with an emphasis on uncovering the enduring spirit in the books that transcends time. Note that this is an elective course offered for HMT students who need to take extra CHSC courses to replace the military training credits. 300",102,613,1,Topic 1,12.014963,2.1956234
course_0093,Course Catalog,Course Descriptions,Trends and Policies (2 credits),CHSC,CHSC 104,Trends and Policies (2 credits),2.0,301,"This course mainly consists of a series of 8 lectures on domestic and global challenges and issues, as well as the latest developing trends and policies. Students are required to attend 8 lectures from a defined list of lecture series. Students will earn 2 credits after they complete this requirement. The course will be graded on CR/NC basis. Note that this is a compulsory course for all Chinese mainland and HMT students.",72,425,7,Topic 7,12.391993,2.5314994
course_0094,Course Catalog,Course Descriptions,An Introduction to the Basic Principles of Marxism (2 credits),CHSC,CHSC 105,An Introduction to the Basic Principles of Marxism (2 credits),2.0,301,"This course is a compulsory course for all Chinese mainland and HMT students. The course content covers the organically unified basic components of Marxist philosophy, Marxist political economy, and scientific socialism, including introduction, the materiality and laws of development of the world, the nature and laws of development of knowledge, human society and its laws of development, the nature and laws of capitalism, the development and trends of capitalism, the development and laws of socialism, communism and its ultimate realization. Focusing on both the overall picture and key points, a combination of rigorous logic and vivid expression, a unity of theories and methods are some of the basic characteristics of this course. Note that this is a compulsory course for all Chinese mainland and HMT students.",126,820,1,Topic 1,12.160936,2.12556
course_0095,Course Catalog,Course Descriptions,Appreciation of World Chinese Literature Classics (2 credits),CHSC,CHSC 106,Appreciation of World Chinese Literature Classics (2 credits),2.0,301,"Appreciation of World Chinese Literature Classics is a course that explores the beauty of world Chinese literature and the general rules of people’s feelings about its beauty. On the one hand, this course starts with the basic concepts and logical structure of the world Chinese literature classics, and explores their significance in the generation of the language style and discourse system of the world Chinese literature in the 20th century; on the other hand, it illustrates the types, characteristics and effect on its unique contribution to the aesthetic construction and artistic presentation of Chinese literature, revealing its status and influence in the history of world literature. Note that this is an elective course offered for HMT students who need to take extra CHSC courses to replace the military training credits.",130,834,1,Topic 1,12.013789,2.4406958
course_0096,Course Catalog,Course Descriptions,An Introduction to Chinese Culture (2 credits),CHSC,CHSC 107,An Introduction to Chinese Culture (2 credits),2.0,301,"Learning Chinese culture is like drinking sweet tea: you will taste the wisdom of philosophy and culture, the depth of political culture, the profoundness of academic culture, the elegance of aesthetic culture, the freshness of folk culture, the weight of science and technology and the dazzling array of utensils culture. There is a huge space for interpretation between modern MOOC and traditional culture: you will appreciate the spiritual charm of Chinese culture, and finally get the nourishment of personality self-shaping, the wisdom of life journey and the oasis of spiritual 301 habitation. Note that this is an elective course offered for HMT students who need to take extra CHSC courses to replace the military training credits. 302 Courses with Course Subject: Computer Design (COMPDSGN)",124,799,1,Topic 1,12.223321,2.4253657
course_0097,Course Catalog,Course Descriptions,Senior Seminar (4 credits),COMPDSGN,COMPDSGN 490,Senior Seminar (4 credits),4.0,303,This seminar is a core component of the interdisciplinary major in Computation and Design. Students will apply to interdisciplinary topics the knowledge and methods of analysis that they have gained in different disciplines. Students will re-connect with the broader community of faculty and students in their major and further develop their capacities to translate between their areas of expertise and the larger questions and issues that apply across a variety of disciplines. The seminar will foster the ability to see their disciplinary knowledge from a wider perspective and to apply it flexibly. Specific topics will vary. This seminar is required for all seniors in the major. Other students may enroll with the permission of the instructor. 303 Courses with Course Subject: Computer Science (COMPSCI) COMPSCI 20 Computer Science Principles (4 credits) Credit for Advanced Placement on the basis of the College Board Examination in Computer Science Principles.,147,967,2,Topic 2,6.055326,4.8270426
course_0098,Course Catalog,Course Descriptions,Introduction to Computer Science (4 credits),COMPSCI,COMPSCI 101,Introduction to Computer Science (4 credits),4.0,304,"As an introductory course for computer science, this course will bring you not only the fundamental knowledge on a variety of CS topics, but also the essential computational problem-solving skills with hands on programming experience. Successfully completing this course will serve a solid foundation for other courses in the computer science or data science major. It can also bring new concepts and tools to other domains in social science, arts humanities and natural science. This course is an elective course open to everyone, and no specific prerequisite required. Anti-requisite(s): COMPSCI 201 and STATS 102",94,615,2,Topic 2,6.1650953,4.9106827
course_0099,Course Catalog,Course Descriptions,Introduction to Programming and Data Structures (4 credits),COMPSCI,COMPSCI 201,Introduction to Programming and Data Structures (4 credits),4.0,304,"This course covers data and representations, functions, conditions, loops, strings, lists, sets, maps, hash tables, trees, stacks, graphs, object-oriented programming, programming interface and software engineering. While no previous knowledge is required, some background is advantageous.",35,289,2,Topic 2,5.945038,4.8858523
course_0100,Course Catalog,Course Descriptions,Discrete Math for Computer Science (4 credits),COMPSCI,COMPSCI 203,Discrete Math for Computer Science (4 credits),4.0,304,"This course focuses on the following: mathematical notations, logic, and proof; linear and matrix algebra; graphs, digraphs, trees, representations, and algorithms; counting, permutations, combinations, discrete probability, Markov models; advanced topics from algebraic structures, geometric structures, combinatorial optimization, and number theory. Pre/Co-requisite(s): COMPSCI 201 or MATH 202",46,396,2,Topic 2,5.4713993,4.7532206
course_0101,Course Catalog,Course Descriptions,Introduction to Artificial Intelligence (4 credits),COMPSCI,COMPSCI 204,Introduction to Artificial Intelligence (4 credits),4.0,304,"This course covers the algorithms and representations used in artificial intelligence. It provides an introduction to and implementation of algorithms for search, planning, decision, theory, logic, Bayesian networks, robotics and machine learning. Prerequisite(s): COMPSCI 201 304",36,280,2,Topic 2,5.6220737,4.6552777
course_0102,Course Catalog,Course Descriptions,Computer Organization and Programming (4 credits),COMPSCI,COMPSCI 205,Computer Organization and Programming (4 credits),4.0,305,"This course focuses on the following: computer structure, assembly language, instruction execution, addressing techniques, and digital representation of data. Computer system organization, logic design, microprogramming, cache and memory systems, and input/output interfaces are also central. Prerequisite(s): COMPSCI 201",38,321,2,Topic 2,6.0659447,5.1515293
course_0103,Course Catalog,Course Descriptions,Computational Microeconomics (4 credits),COMPSCI,COMPSCI 206/ECON 206,Computational Microeconomics (4 credits),4.0,305,"Use of computational techniques to operationalize basic concepts from economics. Expressive marketplaces: combinatorial auctions and exchanges, winner determination problem. Game theory: normal and extensive-form games, equilibrium notions, computing equilibria. Mechanism design: auction theory, automated mechanism design. Prerequisite(s): MATH 101 or 105; and STATS 101 or MATH 205; and COMPSCI 101 or COMPSCI 201 or STATS 102",56,429,6,Topic 6,6.7138734,3.71307
course_0104,Course Catalog,Course Descriptions,Image Data Science (4 credits),COMPSCI,COMPSCI 207,Image Data Science (4 credits),4.0,305,"This course introduces the logical structure of digital media and explores computational media manipulation. The course uses the Python programming language to explore media manipulation and transformation. Topics include spatial and temporal resolution, color, texture, filtering, compression and feature detection. Prerequisite(s): COMPSCI 101 or 201 or STATS 102",48,365,2,Topic 2,6.857831,5.333393
course_0105,Course Catalog,Course Descriptions,Computer Graphics (4 credits),COMPSCI,COMPSCI 208/MEDIART 206,Computer Graphics (4 credits),4.0,305,"This course offers an overview and history of computer graphics as well as an introduction to key software technologies and concepts. These include coordinate systems and geometric transforms; drawing routines, antialiasing, supersampling; 3D object representation, spatial data structures, constructive solid geometry; hidden-surface-removal algorithms, z-buffer, A-buffer; illumination and shading models, surface details, radiosity; achromatic light, color specification, colorimetry, different color models; graphics pipeline; animation, levels of detail. Prerequisite(s): COMPSCI 201 or INFOSCI 201 or Consent of the Instructor",77,632,2,Topic 2,6.8402805,5.3847814
course_0106,Course Catalog,Course Descriptions,Everything Data (4 credits),COMPSCI,COMPSCI 210,Everything Data (4 credits),4.0,305,"Everything Data is the study of data and its acquisition, integration, querying, analysis, and visualization. Concepts and computational tools for working with unstructured, semi-structured, 305 and structured data and databases. Interdisciplinary perspectives of data and its impact crossing science, humanities, policy, and social science. Culminating team project applied to real datasets. Prerequisite(s): COMPSCI 101 or 201, or STATS 101 or 102, or MATH 205 or 206",66,469,2,Topic 2,6.6820016,4.726676
course_0107,Course Catalog,Course Descriptions,Algorithms and Databases (4 credits),COMPSCI,COMPSCI 301,Algorithms and Databases (4 credits),4.0,306,"This course covers sorting, order statistics, binary search, dynamic programming, greedy algorithms, graph algorithms, minimum spanning trees, shortest paths, SQL, file organization, hashing, sorting, query, schema, transaction management, concurrency control, rash recovery, distributed database, and database as a service. Prerequisite(s): COMPSCI 201 Anti-requisites: COMPSCI 308 and 310",47,390,2,Topic 2,5.823784,4.970923
course_0108,Course Catalog,Course Descriptions,Computer Vision (4 credits),COMPSCI,COMPSCI 302,Computer Vision (4 credits),4.0,306,"This course covers image formation and representation, camera geometry and calibration, multi- view geometry, stereo, 3D reconstruction from images, motion analysis, image segmentation, and object recognition. Prerequisite(s): STATS 302 or COMPSCI 309 or (MATH 405 and COMPSCI 201)",38,281,2,Topic 2,6.7531834,5.4270062
course_0109,Course Catalog,Course Descriptions,Search Engines (4 credits),COMPSCI,COMPSCI 303,Search Engines (4 credits),4.0,306,"This course covers Boolean retrieval, dictionary, index, vector space model, score, query, XML, language model, text classification, clustering, and web search. Prerequisite(s): COMPSCI 201; MATH 202; MATH 205 or 206",30,216,2,Topic 2,5.78206,4.916174
course_0110,Course Catalog,Course Descriptions,Speech Recognition (4 credits),COMPSCI,COMPSCI 304,Speech Recognition (4 credits),4.0,306,"This course covers speech production and perception, feature extraction, template-based recognition, hidden Markov modeling, language model, sub-word units, robust recognition and applications. Prerequisite(s): STATS 302 or COMPSCI 309 or (MATH 405 and COMPSCI 201) 306",35,269,2,Topic 2,5.5795546,4.5033836
course_0111,Course Catalog,Course Descriptions,Introduction to Operating Systems (4 credits),COMPSCI,COMPSCI 306,Introduction to Operating Systems (4 credits),4.0,307,"This course focuses on basic concepts and principles of multiprogrammed operating systems. Topics covered include processes, interprocess communication, CPU scheduling, mutual exclusion, deadlocks, memory management, I/O devices, file systems, protection mechanisms. Prerequisite(s): COMPSCI 201; and COMPSCI 205 as the prerequisite or co-requisite",42,348,2,Topic 2,5.909781,5.2534256
course_0112,Course Catalog,Course Descriptions,Software Design and Implementation (4 credits),COMPSCI,COMPSCI 307,Software Design and Implementation (4 credits),4.0,307,"This course focuses on techniques for design and construction of reliable, maintainable and useful software systems. Programming paradigms and tools for medium to large projects are explored, including revision control, UNIX tools, performance analysis, GUI, software engineering, testing, documentation. Prerequisite(s): COMPSCI 201",42,333,2,Topic 2,5.918405,5.145701
course_0113,Course Catalog,Course Descriptions,Design and Analysis of Algorithms (4 credits),COMPSCI,COMPSCI 308,Design and Analysis of Algorithms (4 credits),4.0,307,"This course focuses on the design and analysis of efficient algorithms including sorting, searching, dynamic programming, graph algorithms, fast multiplication, and others. It also includes nondeterministic algorithms and computationally hard problems. Prerequisite(s): COMPSCI 201; and COMPSCI 203 or MATH 205 or MATH 206.",43,323,2,Topic 2,5.8117485,4.9413834
course_0114,Course Catalog,Course Descriptions,Elements of Machine Learning (4 credits),COMPSCI,COMPSCI 309,Elements of Machine Learning (4 credits),4.0,307,"This course covers theoretical and practical issues in modern machine learning techniques. Topics considered include statistical foundations, supervised and unsupervised learning, decision trees, hidden Markov models, neural networks, and reinforcement learning. Prerequisite(s): MATH 201; MATH 202; MATH 205 or 206; COMPSCI 201. Anti-requisites: MATH 405 and STATS 302",48,369,2,Topic 2,5.4792905,4.2446084
course_0115,Course Catalog,Course Descriptions,Introduction to Databases (4 credits),COMPSCI,COMPSCI 310,Introduction to Databases (4 credits),4.0,307,"Databases and relational database management systems. Data modeling, database design theory, data definition and manipulation languages, storaging and indexing techniques, query processing and optimization, concurrency control and recovery, database programming interfaces. Current research issues including XML, web data management, data integration and dissemination, data mining. Hands-on programming projects and a term project. Prerequisite(s): COMPSCI 201 307",56,465,2,Topic 2,6.3219666,4.9553747
course_0116,Course Catalog,Course Descriptions,Computer Network Architecture (4 credits),COMPSCI,COMPSCI 311,Computer Network Architecture (4 credits),4.0,308,"Introduces students to the fundamentals of computer networks. Focuses on layered architecture of the network protocol stack. Case studies will be drawn from the internet, combined with practical programming exercises. Concepts include the internet architecture, HTTP, DNS, P2P, sockets, TCP/IP, BGP, routing protocols, and wireless/mobile networking and their applications such as how to achieve reliable/secure communications over unreliable/insecure channels, how to find a good path through a network, how to share network resources among competing entities, how to find an object in the network, and how to build network applications. Prerequisite(s): COMPSCI 205",93,667,2,Topic 2,5.9221654,5.1809735
course_0117,Course Catalog,Course Descriptions,Software Reliability (4 credits),COMPSCI,COMPSCI 320,Software Reliability (4 credits),4.0,308,"Topics to be covered: software reliability growth models, software failure data analytics, classical software fault tolerance techniques based on design diversity, novel software fault tolerance techniques based on environmental diversity, classification of software faults, software aging and rejuvenation, and software safety, security and survivability. Statistical methods used in this context, methods of predicting software availability during operation, prediction of time to failure and optimal times to rejuvenate will be discussed. Practical application of these ideas will also be presented via case studies of SDN open source software ONOS and ODL, NASA Satellite on-board software, Apache Webserver and Android operating system. Prerequisite(s): COMPSCI 101 or 201",105,777,2,Topic 2,5.907514,5.1302495
course_0118,Course Catalog,Course Descriptions,Cloud Computing (4 credits),COMPSCI,COMPSCI 401,Cloud Computing (4 credits),4.0,308,"This course covers cloud infrastructures, virtualization, distributed file system, software defined networks and storage, cloud storage, and programming models such as MapReduce and Spark. Prerequisite(s): COMPSCI 301 or 306 or 308 or 310 or 311",35,245,2,Topic 2,5.907733,5.109082
course_0119,Course Catalog,Course Descriptions,Artificial Intelligence (4 credits),COMPSCI,COMPSCI 402,Artificial Intelligence (4 credits),4.0,308,"This course covers uninformed search, informed search, constraint satisfaction, classical planning, neural network, deep learning, hidden Markov model, Bayesian network, Markov decision process, reinforcement learning, active learning and game theory. Prerequisite(s): STATS 302; or COMPSCI 309; or MATH 405 and COMPSCI 201 308",43,327,2,Topic 2,5.6000757,4.5751185
course_0120,Course Catalog,Course Descriptions,Programming Languages and Compilers (4 credits),COMPSCI,COMPSCI 403,Programming Languages and Compilers (4 credits),4.0,309,"Implementation of programming languages, compilers and interpreters, lexical analysis, parsing, semantic analysis, type checking, code generation, optimization, automatic memory management. Prerequisite(s): COMPSCI 205",23,218,2,Topic 2,6.017294,5.0426555
course_0121,Course Catalog,Course Descriptions,Computer Architecture and Hardware Design (4 credits),COMPSCI,COMPSCI 404,Computer Architecture and Hardware Design (4 credits),4.0,309,"The focus of the course is to explore on various forms of parallelism found in computer architecture and processor design. Topics include pipelining, superscalar, out-of-order execution, caches (memory hierarchies), virtual memory, storage systems, graphics unit, on-chip network. A set of labs would guide students to implement a pipelined processor using HDL and simulation tool flows. COMPSCI 306 recommended. Prerequisite(s): COMPSCI 205",61,441,2,Topic 2,5.9558573,5.2029495
course_0122,Course Catalog,Course Descriptions,Embedded Systems (4 credits),COMPSCI,COMPSCI 405,Embedded Systems (4 credits),4.0,309,"The purpose of this course and laboratory is to expose and train the students in modern embedded systems software and hardware design techniques and practices including networking and mobile connectivity. The rationale for the course and lab is based on the explosive growth of embedded systems in the industry, specifically industrial automation, aviation, surveillance, medical devices, and common consumer products. The course topics cover a wide range of material as follows. Microcontroller systems based on the ARM processor. Essential components, memories, busses interfaces. Devices, peripherals, GPIOs, device drivers. Sensors and Actuators, A/D, D/A, DSP. Embedded Linux, kernels, kernel modules, compilers, and assemblers. The Lab will be based on common platforms such as Raspberry PI, Arduino, ARM embed, supported by a network of Linux workstations. PHYS 121 and PHYS 122 are recommended. Prerequisite(s): COMPSCI 205, COMPSCI 306",136,944,2,Topic 2,6.0097957,5.244679
course_0123,Course Catalog,Course Descriptions,Logic and Formal Methods (4 credits),COMPSCI,COMPSCI 406,Logic and Formal Methods (4 credits),4.0,309,"Topics include Boolean logic, first-order and second-order logic, resolution, Boolean computation, constraint and satisfiability solving, linear temporal and computation tree logic, model checking algorithms, applications and tools in digital system verification. COMPSCI 308 or COMPSCI 301 is recommended. Prerequisite(s): COMPSCI 201, COMPSCI 203 309",44,352,2,Topic 2,5.9486165,5.0059786
course_0124,Course Catalog,Course Descriptions,Scientific Computing (4 Credits),COMPSCI,COMPSCI 413/MATH 413,Scientific Computing (4 Credits),4.0,310,"Numerical methods for ODE. Finite difference method and finite element method for elliptic and parabolic PDE. Basic training for mathematical simulation programming. Introduction to numerical analysis foundations including Sobolev spaces and Fourier analysis. Prerequisite(s): MATH 302, MATH 303, and MATH 403 310 Courses with Course Subject: Cultural Anthropology (CULANTH) CULANTH 20 Topics in Cultural Anthropology Studies (4 credits) Credit for International Baccalaureate (IB) Diploma in Cultural Anthropology or equivalent.",69,529,2,Topic 2,4.5593915,3.7967706
course_0125,Course Catalog,Course Descriptions,Introduction to Cultural Anthropology (4 credits),CULANTH,CULANTH 101,Introduction to Cultural Anthropology (4 credits),4.0,311,"This course introduces the key concepts and debates within Cultural Anthropology with topics such as racism and essentialism, kinship, gender and sexuality, globalization, etc. In an age where debates addressing migration, robotics, genetic engineering, and ecological crises abound, questions about how humanity is experienced and defined have become more pertinent than ever before.",53,384,0,Topic 0,8.913009,1.3229322
course_0126,Course Catalog,Course Descriptions,Sound in Everyday Life: Anthropological Perspectives (4 credits),CULANTH,CULANTH 105,Sound in Everyday Life: Anthropological Perspectives (4 credits),4.0,311,"This course introduces students to the study of sound and sonic environments in urban spaces. Students will learn about theoretical approaches that approach sound and sonic landscapes as socially cultivated and study listening as a cultural practice. This course includes study of sound and music from different traditions around the world, recorded soundscapes (films, games, and installations), built and ecological environments (parks, subways, streets, institutions, clubs, neighborhoods), the politics of making sound, and the history and use of sound technology (sound production, reproduction, reception, acoustic materials). This course introduces students to the study of noise in relation to public life, the representation of public life in sound, the shaping of city living practices by its acoustic architecture, and creative responses of sound in urban activist projects. Students in this course will conduct their own fieldwork on urban soundscapes.",138,964,5,Topic 5,10.896992,4.8760753
course_0127,Course Catalog,Course Descriptions,"Home, House, and Housing: An Anthropological Exploration of Human",CULANTH,CULANTH 106,"Home, House, and Housing: An Anthropological Exploration of Human",4.0,311,"Dwellings (4 credits) This course will explore the home as a site of attachment, the house as a place that emerged from social relationships, and housing an infrastructure whose construction is shaped by politico- economic forces. The interrelationship between the home, the house, and housing will be discussed. The course will cover contemporary issues of housing such as gentrification, segregation, and eviction. The course will provide broader and deeper understandings of the meanings of home and our relationship to the built environment. 311",83,549,6,Topic 6,10.343594,3.3128574
course_0128,Course Catalog,Course Descriptions,"Food, Ethnicity and Globalization (2 credits)",CULANTH,CULANTH 107,"Food, Ethnicity and Globalization (2 credits)",2.0,312,"Food is one of the most essential and tangible elements of human life, as well as a revealing index of social and cultural boundaries. What can, cannot, and should not be eaten? Under what context? How does food contribute to the construction of gender, class, race, and ethnic identities? From McDonalds in Beijing and kitchens in Greece to the discussions about food taboos, this course provides a taste of food anthropology by applying a comparative, anthropological lens to the study of food in relation to ethnicity and globalization by examining the connections between what we eat and who we are.",100,603,0,Topic 0,9.622133,0.90730226
course_0129,Course Catalog,Course Descriptions,New Media and Society (4 credits),CULANTH,CULANTH 201/MEDIA 201,New Media and Society (4 credits),4.0,312,"New media – ranging from the Internet to Twitter and Facebook, from informational networks to handheld devices – have in recent years drastically influenced the social relations for individual and communities, and have exerted profound influence on social, economic and political life. The course traces the development of new media, their relationship to previous modes of communication and transmission, and how digital technologies influence emerging and changing spheres of economic, political and social exchanges.",74,519,5,Topic 5,9.130026,5.7087193
course_0130,Course Catalog,Course Descriptions,Culture and Industry (4 credits),CULANTH,CULANTH 202/GCULS 201/MEDIA 202,Culture and Industry (4 credits),4.0,312,"Apple is currently the most valuable company/brand in the world. Despite its technological origin, the company has always valued design, interface, affect, imagination and creativity – skills that the humanities and the interpretive social sciences offer and promote. This course examines how cultural studies, in its analyses of fandom, reception theory, cultural hegemony, etc., provide students the theoretical skills to understand, analyze and prepare for working in the emerging creative industries in China today. Topics that might be included in this course: cultural industry and modernity, popular culture and everyday life, representations of gender and sexuality in advertisement, the impact of new social media and information technology, and censorship.",109,766,1,Topic 1,11.538982,2.9221194
course_0131,Course Catalog,Course Descriptions,The Ethnography of China: New Directions (4 credits),CULANTH,CULANTH 206,The Ethnography of China: New Directions (4 credits),4.0,312,"The course provides a critical overview to the anthropology and ethnography of contemporary China. Beginning with the emergence of ethnology in China in the 1920s and 1930s, students will be introduced to some of the key figures in the pre-revolutionary period of China, and the key concepts, theories, and frameworks that emerged during this period in dialogue both with Soviet and British anthropology. The course then turns to the socialist period, and considers early Maoist approaches to the social sciences, and the state project to identify and classify China’s minority nationalities in the 1950s. The post- Mao reform era (1978 to the present) witnesses the globalization of China and the flourishing of a wide range of new kinds of ethnographic projects. This section of the course will pay particular attention to issues of transformations in class, gender, and ethnicity, 312 the study of rural to urban migration, the anthropology of China’s urbanization, environmentalism, commodification and consumption, and the study of development in China’s ethnic border regions.",166,1082,1,Topic 1,11.684328,1.7466966
course_0132,Course Catalog,Course Descriptions,Cultures of New Media (4 credits),CULANTH,CULANTH 207/MEDIA 207,Cultures of New Media (4 credits),4.0,313,"This course is an anthropological examination of ‘new media’ – their varied forms and histories, how they are used and understood, and their meanings and effects within different communities of users. We will chart a number of technologies deemed ‘new’ in their day and the social meanings and communities that such technologies generated. We will also explore new media in domains of art and literature, as well as issues of race, gender, sexuality and how other indices of difference come to bear on new media and its use. Most course material will be drawn from anthropology, but will also draw on media studies, visual studies, cultural studies and critical theory, queer and gender theory, history and geography. Students will make use of the Duke Library resource page for this class: http://guides.library.duke.edu/new_media.",131,832,5,Topic 5,9.260352,5.600333
course_0133,Course Catalog,Course Descriptions,Global Migration and Ethics (4 credits),CULANTH,CULANTH 208,Global Migration and Ethics (4 credits),4.0,313,"This course examines the current scholarship on the anthropology and interdisciplinary study of global migration, and the ethical predicaments at center of contemporary forms of human mobility. Students will consider the particularities of migratory experiences in different regions of the world, and the different types of local, national, and global moral economies that emerge in these different places and histories. Particular attention will be focused on the political questions that arise when human compassion runs into conflict with the desire to preserve the cultural integrity of one’s national identity. The course will draw on ethnographic texts, legal and policy materials, biographies, literature, film, and artistic responses to contemporary migration and refugee crises.",112,787,4,Topic 4,10.115766,1.058659
course_0134,Course Catalog,Course Descriptions,Globalization and Alternative-Globalizations (4 credits),CULANTH,CULANTH 209,Globalization and Alternative-Globalizations (4 credits),4.0,313,"The course explores the culture, politics and process of globalization in light of the responses, ideologies, and practices of the anti-globalization movement. We will focus on the interrelationship between the analysis of globalization and policy formulation on such topics as social justice, radical environmentalism, animal rights, labor, migration, poverty, natural resource management, religion and citizenship. Special attention will be focused on the role of social media, film, and photography in anti- and alternative globalization movements. Case studies from the United States, Latin America, South and East Asia, Africa, and Europe will be explored.",93,661,4,Topic 4,9.370227,0.67588663
course_0135,Course Catalog,Course Descriptions,"Gender, Mobility and Labor (4 credits)",CULANTH,CULANTH 211,"Gender, Mobility and Labor (4 credits)",4.0,313,"This course takes students on a journey into the worlds of gender, labor, and mobility as they intersect in dynamic and intimate ways. Topics include: exploration the concept of gender by using anthropological and sociological theories; examination of foundational concepts in political 313 economy, including the state, the family firm, class, labor, migration and accumulation; ethnographic case studies on factory labor, housework, sex work, the service industry and IT work across Asia, Europe, and North America; analyzing how historical and contemporary pressures of industrialization, urbanization, uneven development, and information technology challenge our assumptions about gendered labor and migration; how care work, domestic labor, intimacy, and affect do not fit singularly into cultural categories of feminine versus masculine; public versus private; or individual versus collective domains.",125,907,4,Topic 4,9.327244,1.1147016
course_0136,Course Catalog,Course Descriptions,Authoritarianism and the Struggle for Democracy in Latin America (4 credits),CULANTH,CULANTH 214,Authoritarianism and the Struggle for Democracy in Latin America (4 credits),4.0,314,"This subject explores the precarious balance between the ideal of democracy and histories of authoritarianism in Latin America. Using case studies from different historical contexts, the class examines continuities and ruptures in Latin American political history, and the cultural contexts in which populisms of the left or right, and authoritarian regimes, emerge or recede. This subject encourages students to consider political theory in relation to historical and cultural specificity. Key questions addressed include: what political cultures are associated with democratic, authoritarian and populist forms of rule? What role do struggles over memories of authoritarian pasts play in contemporary democracies? How do democracies evolve into dictatorships, and dictatorships into democracies? Previous study of international relations is helpful, but not required.",119,869,4,Topic 4,9.225082,1.6702445
course_0137,Course Catalog,Course Descriptions,Visual Anthropology (4 credits),CULANTH,CULANTH 220/MEDIART 220,Visual Anthropology (4 credits),4.0,314,"Students will examine, contextualize and capture the human experience in ways that communicate deeper connections to the environment that surrounds them. We will explore audiovisual material in dialogue with selected theoretical, ethnographic, and case study readings in urban studies. These time-based works provide a powerful model for training students observational skills and conceptualizing scales of analysis. Students will gain basic skills of analyzing and producing visual ethnography to enhance their understanding of the intricate relationship between visuality and politics, and then extend into reflections over the crucial ethical questions about the author’s authority as well as reciprocity with the subjects.",100,726,5,Topic 5,10.52807,4.733075
course_0138,Course Catalog,Course Descriptions,Ethnographic Field Methods (4 credits),CULANTH,CULANTH 302,Ethnographic Field Methods (4 credits),4.0,314,"This course explores the history and practice of ethnographic field research and engages central debates about ethnographic method. The readings prompt deeper reflection on doing field research, and challenges students to think about anthropological ways of knowing. Students will be required to carry out field research, define and design a project, recording (through field notes or other methods) every step of the way. This is thus a writing- and field research-intensive course. It is organized into several practical components—constituting “the field,” participant-observation (“deep hanging out”), interviewing, and writing up findings. Students will get the chance to put several key methods into practice —analyzing spaces, collecting life histories, doing semi- 314 structured interviews and conducting participant-observation. Students will also have the option to experiment with other methods of collecting data, including the use of photography or digital video.",137,977,5,Topic 5,10.255959,4.611229
course_0139,Course Catalog,Course Descriptions,"Politics of Food: Land, Labor, Health, and Economics (4 credits)",CULANTH,CULANTH 303,"Politics of Food: Land, Labor, Health, and Economics (4 credits)",4.0,315,"Explores the food system through fieldwork, study, and guest lectures that include farmers, nutritionists, sustainable agriculture advocates, rural organizers, and farmworker activists. Examines how food is produced, seeks to identify and understand its workers and working conditions in fields and factories, and, using documentary research conducted in the field and other means, unpacks the major current issues in the food justice arena globally and locally. Fieldwork required, but no advanced technological experience necessary. At least one group field trip, perhaps to a local farm or farmers market, required.",88,618,5,Topic 5,9.419045,0.9380515
course_0140,Course Catalog,Course Descriptions,The Anthropology of Doing Good: China and Beyond (4 credits),CULANTH,CULANTH 304,The Anthropology of Doing Good: China and Beyond (4 credits),4.0,315,"This course explores the intersection of neoliberalism, development and humanitarianism, largely from the perspective of cultural anthropology and the social studies of development. We often think of development as the betterment of mankind and as overall progress. Personal, economic, or otherwise, we tend to view development as a positive process. This course is meant to question widespread assumptions about development. How has development become a discourse and a practice of power since the 1940s? Why do many observers see development as a neocolonial phenomenon? Is development mitigating the domination of the “first world” on the “third world,” or is it contributing to it? How have development agencies evolved and responded to critiques over time? We will pay close attention to the social relations that constitute and inform the relations, rights and obligations that exist between wealthy and the poor, including China, the US, and many other countries.",147,970,4,Topic 4,8.335806,0.7303314
course_0141,Course Catalog,Course Descriptions,The Culture of Development: Africa (4 credits),CULANTH,CULANTH 305,The Culture of Development: Africa (4 credits),4.0,315,"This course takes up the vexed issue of economic development in Africa – its failures and its successes – from the early colonial period to the present, focusing especially on the transition from the 1960s “modernizing” moment to the Millennium projects and the humanitarian aid of the present. We will read the works of development experts, World Bank executives, anthropologists and historians, exploring the challenges of these projects and what might be done in the future.",76,477,4,Topic 4,8.35842,0.6233004
course_0142,Course Catalog,Course Descriptions,"Borders, Boundaries and Ethnic Peoples in China (4 credits)",CULANTH,CULANTH 306,"Borders, Boundaries and Ethnic Peoples in China (4 credits)",4.0,315,"Ethnic groups in China can be found in both remote border regions and metropolitan areas. None of them live in complete isolation, or in “primitive” society. On the contrary, most of them have always lived in conditions of diversity through interactions with neighboring groups, dominant 315 ethnic groups as well as various states. This course will explore the intersections of ethnicity, religion, gender, health, media and politics through case studies of ethnic peoples in both China’s borders and cities. Highlighting how and why people construct and cross boundaries, this course sheds new light on being a global citizen.",98,628,1,Topic 1,11.559896,1.5842873
course_0143,Course Catalog,Course Descriptions,Refugees and the Biopolitics of Citizenship (4 credits),CULANTH,CULANTH 314/POLSCI 314,Refugees and the Biopolitics of Citizenship (4 credits),4.0,316,"The refugee is caught between national and international political logics. Each country applies its own calculus for deciding which asylum seekers should be granted the status of refugee, and how refugees should be accommodated or denied access to public goods, rights and residency. This course examines the politics of national responses to record numbers of people seeking asylum, including bureaucracies of (in) validation, xenophobia, the construction of walls and detention centers, international accords, multicultural solidarity, and novel categories of citizenship. Contemporary responses to refugees reveal the interconnectedness of political and structural violence, the limits of humanitarianism and hope for new forms of international cooperation.",104,760,4,Topic 4,9.995278,0.8172704
course_0144,Course Catalog,Course Descriptions,Why Be a Bandit? (4 credits),CULANTH,CULANTH 315/HIST 315,Why Be a Bandit? (4 credits),4.0,316,"Bandits and outlaws have historically played a unique role in popular imagination. In the Chinese classic Water Margin, outlaws flee tyrannical administrators but eventually make their peace with the emperor. Robin Hood occupies an equally ambivalent position between outlaw and elite roles. Seventeenth and 18th-century Atlantic pirates were feared, but their ships are viewed by scholars as laboratories for democratic experiment. Pirates, bandits and insurgents often occupy similar marginal spaces between illegality and social legitimacy today. This course will study this ambiguous status, through historical cases and ending with banditry and border violence in Central Africa and in North America.",100,705,4,Topic 4,10.4562025,1.5977722
course_0145,Course Catalog,Course Descriptions,Medical Anthropology (4 credits),CULANTH,CULANTH 405,Medical Anthropology (4 credits),4.0,316,"Illness and healing fundamentally shape our sense of the boundaries between nature and culture, life and death, mind and body, self and environment, and human and machine. The central goal of this course is to examine where, how, and why we encounter, challenge, bridge, or sustain these divisions. To pursue this goal, we examine the cultural, social, and political dimensions of biomedicine globally and cross-culturally. We study ethnographic writing as unique methodological and theoretical inroads into these perspectives. Our discussions will draw on both scholarly and popular cultural accounts of the experiential and interpretive aspects of medicine. Course readings introduce you to key concepts in critical medical anthropology, and trace health, illness, and biomedicine through gender, sexuality and race. 316 Courses with Course Subject: Cultures and Movements (CULMOVE)",128,884,0,Topic 0,6.6521177,1.4282362
course_0146,Course Catalog,Course Descriptions,Cultures of Globalization (4 credits),CULMOVE,CULMOVE 101,Cultures of Globalization (4 credits),4.0,317,"This course traces the histories of global exchange and explores how they intersect with various cultures of globalization in the present-day. This course analyzes how early exploration and colonial trade relate to global connections in the contemporary period. This course shows how historical and anthropological approaches have shed light on the importance of border-crossings and cross-cultural encounters in shaping social identities and differences; spatial cores and peripheries; and hierarchies and societal transformations. Attention to global encounters allows us to deepen our understanding of trade, civilization, state-building, labor, and global food chains. Together, these aspects of everyday life and social organization reveal the diversity and dynamism of globalization.",107,789,4,Topic 4,9.827306,0.6444016
course_0147,Course Catalog,Course Descriptions,Displacement and Identity: Stories of Diasporic Migration in China and the,CULMOVE,CULMOVE 115,Displacement and Identity: Stories of Diasporic Migration in China and the,2.0,317,"World (2 credits) This course explores diasporic cultures across Asia, Africa, and the Americas from historical and anthropological perspectives. We begin by exploring the rise of Chinatowns across the world, with an emphasis on the Chinese-American experience, particularly during the U.S. Civil Rights period. We then examine how transnational migration has historically shaped the worlds of indentured labor, colonial trade, and hybrid food cultures. From narratives of turtle soup and beer to the personal accounts of female Chinese scholars, African traders, and coolie laborers, we examine how stories of transnational mobility color our understandings of migration, race, gender, and global connection.",101,709,1,Topic 1,10.521497,1.3882912
course_0148,Course Catalog,Course Descriptions,"Migration, Inequality and Culture (4 credits)",CULMOVE,CULMOVE 201,"Migration, Inequality and Culture (4 credits)",4.0,317,"This course introduces you to the major episodes and patterns in the history of human migration over the last millennium. We will examine how people on the move have shaped various institutions and cultural forms which illuminate global structures of power and inequality. We will learn how migrations have shaped and have been shaped by ideas and practices of race, class, gender, citizenship, colonialism, nation, nationalism, political movements, trade, religion, and labor. Ultimately, we will observe the change over time in the mutually constitutive relationship between migration and systems of power and inequality. While the arc of the course is historical, we will use various sociological, anthropological and political theories in our historical analysis of migration patterns and the social position of the migrants. Topics will include Indian Ocean trade networks, pilgrimage, Atlantic slave trade, mobility and colonial state building processes, and trans-national political movements. 317",146,1004,4,Topic 4,10.143206,0.7183014
course_0149,Course Catalog,Course Descriptions,"Wealth, Inequality and Power (4 credits)",CULMOVE,CULMOVE 203,"Wealth, Inequality and Power (4 credits)",4.0,318,"This course is about how some people get ahead and have income, wealth, and power while others stay poor. People generally agree that having some wealth is better than having none, but wealth – and the processes that create wealth – are perhaps more important than we usually acknowledge. In the course, we will distinguish wealth (ownership of houses, savings, and investments) from income (wages and salaries) and discuss why this difference matters. We will discuss how wealth, income, and other material benefits are distributed across people and families. Then we will spend the bulk of the term exploring the origins and consequences of wealth ownership and inequality.",108,675,6,Topic 6,7.7258263,0.9121197
course_0150,Course Catalog,Course Descriptions,"Religion, Power, and Social Change (4 credits)",CULMOVE,CULMOVE 205/RELIG 205,"Religion, Power, and Social Change (4 credits)",4.0,318,"Why hasn’t religion disappeared? Many social theorists predicted that the power and influence of religion would fade away during the modernization process, yet religion remains a vital force in contemporary societies around the world. This course provides social scientific and humanities perspectives on religion and society, with an emphasis on the ways in which religion is implicated in issues of power and inequality and the roles religion has played in social change. In doing so, students will consider the impact that religion continues to have on individuals’ lives and local communities as well as society more broadly.",97,629,0,Topic 0,8.637514,-0.5842886
course_0151,Course Catalog,Course Descriptions,Ethnic and Religious Diversity in the Middle East (4 credits),CULMOVE,CULMOVE 206,Ethnic and Religious Diversity in the Middle East (4 credits),4.0,318,"What is the Middle East and how can we understand its diverse ethnic and religious groups from a political perspective? To answer these questions, this course will explore the topics of knowledge production, Orientalism, ethnicity, religion, and gender with ethnographic research conducted in the region. The Middle East has largely been mistaken as a homogeneous and timeless place. We will examine how diverse and dynamic the region is and how national politics (often with Western intervention) has empowered or marginalized certain ethnic and religious groups in such countries, including Egypt, Turkey, Lebanon, Palestine, and Israel.",95,639,0,Topic 0,9.152607,-0.2424599
course_0152,Course Catalog,Course Descriptions,Social Science Perspectives on China: From the Socialist Past to the Global,CULMOVE,CULMOVE 301,Social Science Perspectives on China: From the Socialist Past to the Global,4.0,318,"Present (4 credits) This is an advanced course on social science approaches to the study of China. We will read social science research from a range of disciplines such as Geography, Anthropology, and Sociology. We will study how social science research informs our understandings of China, and how China challenges existing social science paradigms. We will cover issues that are particularly salient in the field of China studies, including the dynamics between the rural and the urban, theories of “guanxi” (social exchange), etc. Finally, we will add a comparative dimension by bringing in scholarly works that focus on other socialist and post-socialist countries such as Romania and Russia. 318",109,700,1,Topic 1,11.63556,1.5132738
course_0153,Course Catalog,Course Descriptions,Culture and Social Movements (4 credits),CULMOVE,CULMOVE 302,Culture and Social Movements (4 credits),4.0,319,"This course focuses on the culture and politics of social movements, interest groups, NGOs, and collective protest activity. This course explores theoretical approaches to understand the organizational, tactical, and affective dimensions of social discontent, resistance, collective action, and protest. It will also examine histories of direct action such as public provocation and moral shock, occupation of buildings and sit-ins, marches and street blocking, performance and “art- activism”. The students will be required to select and conduct an independent research project. Possible examples: Black Lives Matters, the Tea-Party, “white rage” and the election of Donald Trump, neo-fascist movements in Europe and elsewhere, the Arab Spring, environmental protest movements, labor activism, and suicide as a form of protest.",116,828,4,Topic 4,9.387929,1.4743544
course_0154,Course Catalog,Course Descriptions,Junior Seminar: Advanced Topics (4 credits),CULMOVE,CULMOVE 390,Junior Seminar: Advanced Topics (4 credits),4.0,319,This seminar is a core component of the interdisciplinary major in Cultures and Movements. Students will apply to interdisciplinary topics the knowledge and methods of analysis that they have gained in different disciplines. Students will re-connect with the broader community of faculty and students in their major and further develop their capacities to translate between their areas of expertise and the larger questions and issues that apply across a variety of disciplines. The seminar will foster the ability to see their disciplinary knowledge from a wider perspective and to apply it flexibly. Specific topics will vary. This seminar is required for all juniors in the major. Other students may enroll with the permission of the instructor.,116,748,0,Topic 0,7.236853,1.7999899
course_0155,Course Catalog,Course Descriptions,Senior Seminar: Advanced Topics (4 credits),CULMOVE,CULMOVE 490,Senior Seminar: Advanced Topics (4 credits),4.0,319,"This seminar is a core component of the interdisciplinary major in Cultures and Movements. Students will apply to interdisciplinary topics the knowledge and methods of analysis that they have gained in different disciplines. Students will re-connect with the broader community of faculty and students in their major and further develop their capacities to translate between their areas of expertise and the larger questions and issues that apply across a variety of disciplines. The seminar will foster the ability to see their disciplinary knowledge from a wider perspective and to apply it flexibly. Specific topics will vary. This seminar is required for all seniors in the major. Other students may enroll with the permission of the instructor. 319 Courses with Course Subject: Economics (ECON) ECON 21 Introduction to Microeconomics (4 credits) This is the equivalent for Principles of Microeconomics from Advanced Placement on the basis of a score of 4 or 5 on the Advanced Placement Microeconomics exam, or credit for a sufficient score on a Duke Kunshan University -recognized international examination such as the International Baccalaureate. ECON 22 Introduction to Macroeconomics (4 credits) This is the equivalent for Principles of Macroeconomics from Advanced Placement on the basis of a score of 4 or 5 on the Advanced Placement Macroeconomics exam, or credit for a sufficient score on a Duke Kunshan University-recognized international examination such as the International Baccalaureate.",228,1503,6,Topic 6,7.212404,0.9703313
course_0156,Course Catalog,Course Descriptions,Economics Principles (4 credits),ECON,ECON 101,Economics Principles (4 credits),4.0,320,"Basic microeconomic concepts such as demand and supply, market structures and pricing, market efficiency and equilibrium. Macroeconomic concepts such as inflation, unemployment, trade, economic growth and development. Different perspectives on issues of monetary and fiscal policy. Emphasis on public policy issues and the logic behind the economic way of thinking.",50,365,6,Topic 6,7.2122693,0.45667958
course_0157,Course Catalog,Course Descriptions,Sustainable Investing (4 credits),ECON,ECON 106,Sustainable Investing (4 credits),4.0,320,"This course introduces the theoretical foundation, empirical evidence, and practice of environmentally and socially responsible investing globally and in China. We will examine the strategies in ESG (environmental, social, and governance) investing and impact investing. We will also discuss how policies, markets, and social norms can mobilize investment in sustainability. We will pay particular attention to the climate finance that stimulates investment in decarbonization and conservation finance that promotes biodiversity conservation in investment activities. The course is a combination of lectures and seminars. ECON 101 is helpful but not required.",90,659,6,Topic 6,6.27966,0.04751284
course_0158,Course Catalog,Course Descriptions,Intermediate Microeconomics I (4 credits),ECON,ECON 201,Intermediate Microeconomics I (4 credits),4.0,320,"Introduction of the concepts of preferences and technologies. Intermediate development of the theory of demand, supply and competitive equilibrium from individual preferences and technologies. Income and substitution effects, uncompensated demand and marginal willingness to pay. Conditions under which competitive markets result in efficient outcomes. Conditions under which government policy has the potential to increase efficiency. Tension between economic efficiency and different notions of equity. 320 Prerequisite(s): ECON 101. Anti-requisite: PUBPOL 205",71,562,6,Topic 6,6.86421,0.3556989
course_0159,Course Catalog,Course Descriptions,Intermediate Microeconomics II (4 credits),ECON,ECON 202,Intermediate Microeconomics II (4 credits),4.0,321,"Calculus-based generalization of the theory of demand and supply developed in Intermediate Microeconomics I. Individual behavior in environments of risk and uncertainty. Introduction to game theory and strategic interaction. Adverse selection, moral hazard, non-competitive market structures, externalities, public goods. Prerequisite(s): ECON 201; MATH 101 or 105",46,364,6,Topic 6,6.3672686,3.4682586
course_0160,Course Catalog,Course Descriptions,Introduction to Econometrics (4 credits),ECON,ECON 203,Introduction to Econometrics (4 credits),4.0,321,"Introduction to the theory and practice of econometrics. Estimation, hypothesis testing and model evaluation in the linear regression model. Observational and experimental methods to identify causal effects including instrumental variable and panel data methods. Lectures are supplemented by labs that use STATA. Prerequisite(s): ECON 101 or SOSC 101; STATS 101",50,361,6,Topic 6,7.0499372,0.56168216
course_0161,Course Catalog,Course Descriptions,Intermediate Macroeconomics (4 credits),ECON,ECON 204,Intermediate Macroeconomics (4 credits),4.0,321,"Intermediate level treatment of macroeconomic models, fiscal and monetary policy, inflation, unemployment, economic growth. Prerequisite(s): ECON 101",17,149,6,Topic 6,7.176152,0.47441593
course_0162,Course Catalog,Course Descriptions,Computational Microeconomics (4 credits),ECON,ECON 206/COMPSCI 206,Computational Microeconomics (4 credits),4.0,321,"Use of computational techniques to operationalize basic concepts from economics. Expressive marketplaces: combinatorial auctions and exchanges, winner determination problem. Game theory: normal and extensive-form games, equilibrium notions, computing equilibria. Mechanism design: auction theory, automated mechanism design. Prerequisite(s): MATH 101 or 105; and STATS 101 or MATH 205 or 206; and COMPSCI 101 or",53,411,6,Topic 6,6.6846128,3.7201445
course_0163,Course Catalog,Course Descriptions,Survey of Economic Policy (4 credits),ECON,ECON 207,Survey of Economic Policy (4 credits),4.0,322,"This course will cover a variety of economics policy-oriented topics throughout the course utilizing the tools of analysis introduced in ECON 101. Examples include the financial crisis in Greece, merger analysis, free trade areas, social security, and unemployment. The course will provide students with an introduction to the topics covered in the advanced classes in economics including industrial organization, public finance, game theory, international trade, and intermediate macroeconomics. Prerequisite(s): ECON 101",71,522,6,Topic 6,7.2189,0.62667227
course_0164,Course Catalog,Course Descriptions,Intelligent Economics: An Explainable AI approach (4 credits),ECON,ECON 211,Intelligent Economics: An Explainable AI approach (4 credits),4.0,322,"This course explores the interdisciplinary conversation between economics and artificial intelligence (AI). In experiential education, this course shows how the two disciplines advance each other by an explainable AI approach: economics makes AI more explainable by clarifying causal relationship and AI empowers economic applications by increasing efficiency. Advanced research in Microeconomics, Macroeconomics, and Behavioral and Experimental Economics is covered with both general literature review and a case study. The course concludes with a capstone project where students produce academic research and automated products collaboratively in a team of Economist, Data Scientist, and Data Engineer. Prerequisite(s): MATH 101 or 105; and STATS 101 or MATH 205 or 206; and COMPSCI 101 or 201 or STATS 102",115,808,6,Topic 6,6.915702,3.6307673
course_0165,Course Catalog,Course Descriptions,Comparative Economic History (4 credits),ECON,ECON 212,Comparative Economic History (4 credits),4.0,322,"The goal of this course is to introduce students to recent research in economic history and to prepare them to undertake their economics history research. It will be grounded in a consideration of diverse comparative case studies. Students will work to find what differentiates economic histories and what histories share. Topics include comparative economic growth and development, as well as the contours of globalization. Students are encouraged to take a comparative approach to common questions, such as how have different societies industrialized and how to explain the income inequality within and among nations. Prerequisite(s): ECON 101 or consent of instructor",100,670,6,Topic 6,7.71779,0.51158416
course_0166,Course Catalog,Course Descriptions,Health Economics (4 credits),ECON,ECON 301,Health Economics (4 credits),4.0,322,"Economic aspects of the production, distribution, and organization of health care services, such as measuring output, structure of markets, demand for services, pricing of services, cost of care, financing, mechanisms, and their impact on the relevant markets. 322 Prerequisite(s): ECON 201",41,290,6,Topic 6,6.8436403,0.7799413
course_0167,Course Catalog,Course Descriptions,Environmental Economics & Policy (4 credits),ECON,ECON 302,Environmental Economics & Policy (4 credits),4.0,323,"The role of the environment in the theory and practice of economics. Topics include ways in which markets fail to efficiently allocate resources in the presence of pollution, along with the array of policies regulators used to correct those failures; the empirical techniques used by economists to put values on environmental commodities; and an examination of questions related to everyday environmental issues, particularly those confronting China, and the developing world. Prerequisite(s): ECON 201",73,502,6,Topic 6,6.360238,0.10902362
course_0168,Course Catalog,Course Descriptions,Financial Institutions (4 credits),ECON,ECON 303,Financial Institutions (4 credits),4.0,323,"The operations of commercial and central banking and non-banking financial institutions and instruments in the United States, determination of monetary aggregates and interest rates, the financial impacts of Treasury operations, and the linkages from Federal Reserve actions to price level, employment, economic growth, and balance of payments objectives. Coverage of models of monetary economics (for example the Cagan money demand function, cash in advance models). The dynamics and real effects of inflation. Prerequisite(s): ECON 204",75,537,6,Topic 6,7.1699123,0.4480624
course_0169,Course Catalog,Course Descriptions,Economic Growth (4 credits),ECON,ECON 304,Economic Growth (4 credits),4.0,323,"Examination of the enormous differences in living standards across countries, which reflect differences in growth experiences. Course studies both analytical foundations of modern growth theory and the most recent advances in modeling to shed light on old and new questions about such experiences. Prerequisite(s): ECON 203, ECON 204",48,333,6,Topic 6,7.6140585,0.62515837
course_0170,Course Catalog,Course Descriptions,Mathematical Economics (4 credits),ECON,ECON 305,Mathematical Economics (4 credits),4.0,323,"The purpose of the Mathematics for Economics course is to provide students with a survey of the basic math tools applied in the study of intermediate and advanced level Microeconomics, Macroeconomics, Econometrics and related areas such as Finance, Supply Chain Management, and Business Analytics. The course covers three main topics: 1) Applied Calculus; 2) Linear Algebra; and, time permitting, 3) an introduction to Dynamic Optimization. Prerequisite(s): ECON 201 323",69,470,2,Topic 2,5.8575673,3.692436
course_0171,Course Catalog,Course Descriptions,History of Monetary & International Crises (4 credits),ECON,ECON 307,History of Monetary & International Crises (4 credits),4.0,324,"Course examines monetary/financial crises plaguing the world since the 16th century. Analyzes origin, unfolding, and impact of crises, debates generated by them, and formulation/implementation of policy measures. Attention is paid to international implications/connections on European/Asian money supply, banking/credit systems; reaction to South Sea Bubble and John Law Credit Systems in numerous European nations; experiments with paper money in America; rise/demise of gold standard in 19th/20th century; currency and exchange rate problems of last three decades. Case studies will be selected and assigned according to participants’ interests. Prerequisite(s): ECON 204",89,673,6,Topic 6,7.4564743,0.28971893
course_0172,Course Catalog,Course Descriptions,Economic History and Modernization of the Islamic Middle East (4 credits),ECON,ECON 308,Economic History and Modernization of the Islamic Middle East (4 credits),4.0,324,"Economic development of the Middle East from the rise of Islam to the present. Transformation of the region from an economically advanced area into part of the underdeveloped world. Role of religion in economic successes and failures. Obstacles to development today. Topics: Islamic economic institutions, economic roles of Islamic law, innovation and change, political economy of modernization, interactions with other regions, economic consequences of Islamism. Prerequisite(s): ECON 101",68,489,0,Topic 0,9.08704,-0.2641006
course_0173,Course Catalog,Course Descriptions,Behavioral Finance (4credits),ECON,ECON 309,Behavioral Finance (4credits),4.0,324,"The field of Behavioral Finance uses psychology to explain anomalies that we observe in the financial markets—investment behavior that are not consistent with the classical economic models of rational decision-making. In behavioral models, we recognize that individuals (and markets) may behave irrationally, sometimes for extended periods of time. Using some of the more popular and accepted theories of human behavior from the fields of psychology and decision-making, we will characterize some prevalent features of irrational behavior in the financial markets. We will discuss typical errors made by financial market participants as a result of behavioral biases, and examine the extent to which irrationality can affect financial markets at the aggregate level (“bubbles”), how long irrationality may persist, and what factors will eventually cause these bubbles to burst (“crashes”). Prerequisite(s): ECON 101",131,915,6,Topic 6,6.2823844,3.630197
course_0174,Course Catalog,Course Descriptions,Urban Economics (4 credits),ECON,ECON 310,Urban Economics (4 credits),4.0,324,"Introduction to urban and spatial economics. Neoclassical monocentric city spatial model, patterns of land values, property prices, residential density and impact of distressed communities on 324 broader development. Systems of cities and regional growth, role of cities in economic development. United States urban features: ethical and socio-economic effects of housing segregation and implications for discrimination. Tradeoffs between efficiency and fairness in housing resource allocation. Business location theory, impact of innovations in transportation, and technology’s effect on work patterns. Prerequisite(s): ECON 201",81,629,6,Topic 6,10.508916,3.1060715
course_0175,Course Catalog,Course Descriptions,Economic Analysis of Current Energy Issues (4 credits),ECON,ECON 311,Economic Analysis of Current Energy Issues (4 credits),4.0,325,"This course provides an examination of present-day sources and end-users of energy in U.S. and selected foreign nations with attention to external cost of energy systems. Topics include fossil fuel prospects, new and renewable energy sources and nuclear power as well as opportunities for increasing energy productivity. Proposals for dealing with climate change will be considered. The course equips students to evaluate proposals and arguments from all sides of the energy debates using facts and analysis. Prerequisite(s): ECON 201",79,534,6,Topic 6,6.2585163,0.049100123
course_0176,Course Catalog,Course Descriptions,International Trade (4 credits),ECON,ECON 314,International Trade (4 credits),4.0,325,"The economics of globalization and trade policy are the focus of this course. Topics will include the Ricardian Model of Comparative Advantage, benefits (and costs) of free trade, trade policies and protectionism, trade and economic relations between industrialized countries, policies toward developing countries and the development of multilateral international institutions, such as the World Trade Organization (WTO) and the European Union. At all times the economic theory we study will be presented in the context of current and historical events and ongoing International Trade and policy debates. Prerequisite(s): ECON 201",90,630,6,Topic 6,8.144772,0.32784623
course_0177,Course Catalog,Course Descriptions,Economics of the Public Sector (4 credits),ECON,ECON 315/PUBPOL 315,Economics of the Public Sector (4 credits),4.0,325,Applies tools of intermediate microeconomics to the public sector. Develops economic justifications for government intervention into the economy and examines and evaluates various government policies and programs. Provides a solid foundation for applied benefit cost analysis. Prerequisite(s): ECON 201 or PUBPOL 205,42,316,6,Topic 6,7.0383854,0.534047
course_0178,Course Catalog,Course Descriptions,Quantitative Finance (4 credits),ECON,ECON 317/MATH 317,Quantitative Finance (4 credits),4.0,325,"This is a course in mathematical models in ﬁnance, centered around the problem of how to apply quantitative methods to accurately solve finance problems. The first part of the course focuses on 325 the success of mathematical finance in traditional areas. These include the time value of money, risk diversification, and factor models. The second part of the course emphasizes how to apply modern machine learning methods to finance datasets and introduces some popular regression and classification methods will be introduced. Specifically, this course addresses what is the difference between financial data and other data and how should machine learning methods be applied in this field. Some coding experience is encouraged, but not strictly required. Prerequisites: MATH 201 and 202; and MATH 205 or 206 or equivalent probability course. Some coding experience is encouraged, but not strictly required.",138,907,2,Topic 2,5.8129807,3.9977188
course_0179,Course Catalog,Course Descriptions,Social and Economic Networks (4 credits),ECON,ECON 333/SOSC 333,Social and Economic Networks (4 credits),4.0,326,"Individuals are embedded in a network of relationships used to exchange information and favors, access economic opportunities and share risk. The structure of these relationships determine the individual’s opportunities and the aggregate outcomes of social and economic systems. The course will discuss the typical properties of network structures (e.g. 6-degrees of separation, clustering, homophily and segregation), how network ties are formed and how agents interact through these ties. Students will learn about a wide range of applications, including the spread of diseases, fashions and political opinion; financial networks; networks in organizations and the labor market; online social networks, etc. Familiarity with quantitative reasoning and calculus is expected, and some degree of familiarity with programming (especially in Python) will be an advantage, though not a prerequisite.",125,895,6,Topic 6,6.9415817,3.8079138
course_0180,Course Catalog,Course Descriptions,Competitive Strategy and Industrial Organization (4 credits),ECON,ECON 401,Competitive Strategy and Industrial Organization (4 credits),4.0,326,"Foundations of the field of industrial organization, including the theory of the firm, models of competition, market structure, pricing and dynamic models. Emphasis on theory with support from specific industries, including telecommunications, retail and airlines. Prerequisite(s): ECON 202",38,290,6,Topic 6,6.926013,0.44262794
course_0181,Course Catalog,Course Descriptions,International Finance (4 credits),ECON,ECON 402,International Finance (4 credits),4.0,326,"Analysis of the determinants of international capital movements, trade imbalances, and nominal and real exchange rates. Policy debates such as the foreign indebtedness of the United States, emerging market debt crises, exchange-rate-based inflation stabilization, and balance-of-payment crises. Prerequisite(s): ECON 204 326",41,324,4,Topic 4,7.8911524,0.17378595
course_0182,Course Catalog,Course Descriptions,"Environmental Justice: The Economics of Race, Place and Pollution (4",ECON,ECON 404/ENVIR 404,"Environmental Justice: The Economics of Race, Place and Pollution (4",,327,"credits) Minorities and low-income households bear a disproportionate burden from environmental pollution. The inequality may happen in many countries, cultures and contexts. This course examines ways in which environmental injustices in the USA, China and in the world may arise out of discriminatory behavior and/or market forces founded on individual, firm, and government incentives. The course also analyses policies that are aimed at providing fair treatment and equal protection from pollution regardless of race, color, or income. The course first sets the theoretical framework used to document and explain disproportionate exposures. Based on this foundation, students then review existing empirical evidence through case studies and evaluate competing explanations of sources of injustice. The objective of this course is to enable students to examine environmental justice issues using an economics framework, which provides a different perspective for evaluating policies to address environmental inequities observed in today’s world. Prerequisite(s): ECON 201",149,1073,6,Topic 6,6.04637,-0.042930756
course_0183,Course Catalog,Course Descriptions,Game Theory (4 credits),ECON,ECON 405,Game Theory (4 credits),4.0,327,"This course introduces game theory to undergraduate students in various disciplines. It focuses on the fundamentals of game theory, including basic concepts and techniques, various ways of describing and solving games, and various applications in economics, political science, and business. Prerequisite(s): ECON 201 or instructor permission",46,341,6,Topic 6,6.974871,3.7372525
course_0184,Course Catalog,Course Descriptions,Stochastic Process for Finance (4 credits),ECON,ECON 411/MATH 411,Stochastic Process for Finance (4 credits),4.0,327,"This is a course in mathematical models in ﬁnance, centered around the problem of building mathematical models for the stock market and its applications in pricing and hedging derivative securities. Due to the uncertainty inherent in the evolution of the stock market, the theory naturally involves probabilistic tools and structures such as conditioning, martingales, and Markov processes. To focus on the main idea, the course works with a simple model so-called binomial asset pricing model for the discrete cases, and the geometric Brownian motion model for the continuous cases, for most of the time. In addition, some finance theories behind and application to empirical data will be discussed. Some coding experience is encouraged, but not strictly required. Prerequisite(s): Prerequisite: MATH 101 or 105; and MATH 205 or MATH 206 or equivalent probability course. 327 Courses with Course Subject: English (ENGLISH) ENGLISH 20 Literature and Composition (4 credits) Credit for Advanced Placement on the basis of the College Board examination in Literature and Composition. ENGLISH 22 Composition and Language (4 credits) Credit for Advanced Placement on the basis of the College Board examination in Composition and Language. 328 Courses with Course Subject: English for Academic Purposes (EAP) EAP 101A Writing about Language Learning – A (2 credits) This is a content-based academic English skills course focused on writing, designed for first term EAP-track students. In this course students will study one or more issues related to language learning (e.g. how to sustain motivation); then they will write course papers presenting their views on these issues. Students will learn how to research an issue, and how to appropriately quote and/or cite sources. They will learn how to plan and write course papers that summarize the views of others, state clear positions in response, and make cases for those positions. Students will also practice making short presentations. Additionally, students will design and carry out plans to improve the accuracy of their written English. This course, required for EAP-track students, is normally taken in Year 1, Term 1. EAP 101B Writing about Language Learning – B (2 credits) Continuation of EAP 101A. Prerequisite(s): EAP 101A EAP 102A Writing about Culture Learning – A (2 credits) This is a content-based academic writing course for EAP-track students that further builds written and oral communication skills introduced in EAP101. In this course students will study generalizations that are often made about significant aspects of a Western culture (e.g. the idea that U.S. culture is relatively individualistic); then they will write papers in which they analyze and critically examine these generalizations. Students will practice researching issues and appropriately making use of resource materials. They will practice planning and writing course papers in which they take a stand on an issue and then make a case for their position. Students will also share ideas by making presentations. This course, required for EAP-track students, is normally taken in Year 1, Term 2. Prerequisite(s): EAP 101B EAP 102B Writing about Culture Learning – B (2 credits) Continuation of EAP 102A. Prerequisite(s): EAP 102A 329",503,3271,2,Topic 2,5.7292204,3.895189
course_0185,Course Catalog,Course Descriptions,Writing about Intercultural Encounters (2 credits),EAP,EAP 103,Writing about Intercultural Encounters (2 credits),2.0,330,"This course is about one of the most important and interesting topics in today’s globalizing world – intercultural communication. In this course, students will build academic English skills through the study of intercultural communication. They will learn about the intercultural communication process and the factors that affect interpretive judgements made in intercultural encounters. In this course students will also build intercultural communication skills and oral English skills through group discussion activities (e.g. critical incident exercises). Students will also build written English skills by writing short essays in which they analyze intercultural encounters. Additionally, students will design and carry out plans to further improve the accuracy of their written English. This is an elective course for EAP track students.",118,842,7,Topic 7,12.450998,4.148636
course_0186,Course Catalog,Course Descriptions,Presenting Ideas to Global Audiences (2 credits),EAP,EAP 110,Presenting Ideas to Global Audiences (2 credits),2.0,330,In this course students will learn how to give more effective presentations in English by first studying presentations available on websites such as TEDtalks and then giving brief in-class presentations.,30,203,7,Topic 7,13.032833,4.11703
course_0187,Course Catalog,Course Descriptions,Building Intercultural Competence (4 credits),EAP,EAP 201,Building Intercultural Competence (4 credits),4.0,330,"In this course, students will build academic English skills through the study of intercultural communication. They will learn about the intercultural communication process and the factors that affect interpretive judgements made in intercultural encounters. In this course students will also build intercultural communication skills and oral English skills through group discussion activities (e.g., critical incident exercises). Students will also build written English skills by writing short essays in which they analyze intercultural encounters. Additionally, students will design and carry out plans to further improve the accuracy of their written English. This is an elective course for EAP track students. Prerequisite(s): EAP 102B or equivalent",104,753,7,Topic 7,12.454108,4.202405
course_0188,Course Catalog,Course Descriptions,Studying Cultures through the Media (4 credits),EAP,EAP 202,Studying Cultures through the Media (4 credits),4.0,330,"In this course students will carefully and critically learn about other cultures by studying media products (e.g., films, television programs, pop songs, etc.) from those cultures, and learn to make effective presentations through which they share the results of their studies. The specific media products focused on in the course will vary according to instructor. This is an elective course for EAP track students. Prerequisite(s): EAP 102B 330",68,446,5,Topic 5,12.188888,4.2514486
course_0189,Course Catalog,Course Descriptions,Global Languages (4 credits),EAP,EAP 203,Global Languages (4 credits),4.0,331,"In this course students will study the rise of global languages such as English and Chinese. They will build academic reading skills by studying the history of global languages and the factors (e.g., political, economic, cultural, etc.) that have led to the rise of these languages to global status, and they will develop the ability to present arguments both orally and in writing by making cases about the likely future prospects of these languages. This is an elective course for EAP track students. Prerequisite(s): EAP 102B",86,528,7,Topic 7,12.650313,4.176947
course_0190,Course Catalog,Course Descriptions,Endangered Languages (4 credits),EAP,EAP 204,Endangered Languages (4 credits),4.0,331,"In this course students will learn about the issue of endangered languages by studying one particular endangered or threatened language, its current status, and the society in which is it used. Students will then build argumentation skills by making a case, presented through both written papers and oral presentations, for what should be done – or not be done – about the issue. This is an elective course for EAP track students. Prerequisite(s): EAP 102B",75,456,7,Topic 7,12.661916,4.310926
course_0191,Course Catalog,Course Descriptions,Strategies for Independent Language Learning (4 credits),EAP,EAP 205,Strategies for Independent Language Learning (4 credits),4.0,331,"In this course students will learn about independent language learning by designing and carrying out a project to improve some aspect of their second language skills. In the course students will learn about major factors that play a role in independent language learning (e.g., learner autonomy, language learning strategies, motivation). Students will keep journals as they carry out their projects, and write final reports drawing on material from their journals. This is an elective course for EAP track students. Prerequisite(s): EAP 102B 331 Courses with Course Subject: Environment (ENVIR) ENVIR 20 Environmental Science (4 credits) Credit for Advanced Placement on the basis of the College Board examination in Environmental Science",110,739,7,Topic 7,12.561403,4.3282924
course_0192,Course Catalog,Course Descriptions,Introduction to Environmental Sciences (4 credits),ENVIR,ENVIR 101,Introduction to Environmental Sciences (4 credits),4.0,332,"An introduction to the study of environmental sciences and policy through exploration of basic environmental principles in the life, physical, and social sciences. Emphasis on understanding how the atmosphere, hydrosphere, lithosphere, cryosphere, and biosphere function, and how these spheres interact with human consumption, production, and technological patterns and processes. The course includes field trips to local sites as relevant.",59,440,6,Topic 6,6.0283866,0.13730358
course_0193,Course Catalog,Course Descriptions,Dynamic Earth and Oceans: Physical and Biological Sciences for the Environment (4,ENVIR,ENVIR 102,Dynamic Earth and Oceans: Physical and Biological Sciences for the Environment (4,,332,"credits) Introduction to the dynamic processes that shape the Earth, the oceans, and the environment and their impact upon society. Earth science topics might include volcanoes, earthquakes, seafloor spreading, floods, landslides, groundwater, seashores and geohazards. Ocean sciences topics might include seafloor evolution, marine hazards, ocean currents and climate, waves and beach erosion, tides, hurricanes/cyclones, marine life and ecosystems, and marine resources. Emphasis on the formulation and testing of hypotheses, quantitative assessment of data, and technological developments that lead to understanding of the biosphere dynamics and associated current and future societal issues.",91,695,3,Topic 3,5.8961654,0.12680769
course_0194,Course Catalog,Course Descriptions,Applied Environmental Science and Policy (4 credits),ENVIR,ENVIR 201,Applied Environmental Science and Policy (4 credits),4.0,332,"An examination of the interactions between the natural and the social systems as they relate to the environment. Focuses on ecological and earth system cycles, processes, and fundamental relationships, the environmental impact of human-induced change at the local, regional, and global levels. The role of technology and the policy process in determining how environmental problems evolve are addressed. Students will make use of ethical analysis to evaluate environmental tradeoffs, use case studies to integrate multiple disciplinary perspectives on environmental problems and to address issues of environmental justice. Prerequisite(s): ENVIR 101 332",91,653,6,Topic 6,6.179722,-0.04540433
course_0195,Course Catalog,Course Descriptions,Biodiversity and Conservation (4 credits),ENVIR,ENVIR 202,Biodiversity and Conservation (4 credits),4.0,333,"An overview of biological diversity, its patterns, and the current extinction crisis. Historical and theoretical foundations of conservation, from human values and law to criteria and frameworks for setting conservation priorities; island biogeography theory, landscape ecology, and socioeconomic considerations in reserve design; management of endangered species in the wild and in captivity; managing protected areas for long term viability of populations; the role of the landscape matrix around protected areas; and techniques for conserving biological diversity in semi-wild productive ecosystems such as forests. Prerequisite(s): ENVIR 102 or Consent of the Instructor",91,674,3,Topic 3,5.4950356,0.5151881
course_0196,Course Catalog,Course Descriptions,The Theory and Practice of Sustainability (4 credits),ENVIR,ENVIR 203,The Theory and Practice of Sustainability (4 credits),4.0,333,"This course is an introduction to the theories and practices of sustainability. Sustainability is the art of living well, within the ecological limits of a finite planet. Sustainable development aims to balance economic efficiency, environmental compatibility and social equity. Students will learn and apply various concepts, frameworks, and tools related to sustainability (e.g., UN Sustainable Development Goals, planetary boundaries, circular economy, life cycle thinking, cost benefit analysis, carbon footprint, sustainability accounting and reporting). In this activity-based course, students will become practiced in sustainable approaches to environmental problems.",87,674,6,Topic 6,6.0808787,0.11244125
course_0197,Course Catalog,Course Descriptions,Global Environmental Issues and Policies (2 credits),ENVIR,ENVIR 204,Global Environmental Issues and Policies (2 credits),2.0,333,"This course examines problems associated with the interaction of humans with their environment. This course mainly focuses on various global environmental concerns, such as climate change, biodiversity, environmental pollution, and natural resources. This course explores case studies illustrating specific problems in different regions and countries and the proper role of local governments and intergovernmental organizations in the regulation of the environment. Students will also be expected to participate in discussions or debates on climate and environment-related issues including role play.",80,600,6,Topic 6,6.2064586,-0.02184061
course_0198,Course Catalog,Course Descriptions,"Environment, Health, and Development in China (4 credits)",ENVIR,ENVIR 205,"Environment, Health, and Development in China (4 credits)",4.0,333,"This course provides a critical overview and investigation of the culture, politics, and political economy of environment, health, and development issues in contemporary China, with special attention to case studies exploring a range of issues from public health panics, HIV and AIDS, sex work, migrant workers, the Beijing Olympics, water politics, earthquake relief, and environmental protest. Includes readings across disciplines, and engagement with the work of government, academic, multilateral and non-governmental groups. Prerequisite: Consent of the Instructor 333",78,573,1,Topic 1,11.778923,1.4650506
course_0199,Course Catalog,Course Descriptions,Energy and the Environment (4 credits),ENVIR,ENVIR 206,Energy and the Environment (4 credits),4.0,334,"This course provides an overview of the challenges confronting humanity as a consequence of our reliance on energy. Challenges include dwindling supplies, rising demand and environmental degradation. Realistic responses require an understanding of the complexity of the energy system, including energy resources, uses, and impacts, in the context of social, political and economic imperatives. Lectures will be augmented by presentations from guest speakers from industry, government and non-profit organizations.",69,513,6,Topic 6,6.2541595,0.018517345
course_0200,Course Catalog,Course Descriptions,Environmental Data Analytics (4 credits),ENVIR,ENVIR 208,Environmental Data Analytics (4 credits),4.0,334,"Environmental data exponentially grow in both volume and dimension. Analyzing those big data requires innovative methods from modern statistics and machine learning. This course aims to arm students with statistical and machine learning skills to analyze environmental data. This course covers linear models, tree-based models, support vector machines, deep learning, and unsupervised learning, but concentrates on their applications to environmental data (e.g., satellite imagery) through (1) regression; (2) classification; (3) unsupervised learning; and (4) time series analysis. After completing this course, students are expected to be fluent in environmental big data and modern machine learning algorithms. Prerequisite(s): STATS 101 or STATS 102 or COMPSCI 101 or COMPSCI 201",108,783,2,Topic 2,5.6001773,4.2929044
course_0201,Course Catalog,Course Descriptions,International Environmental Policy (4 credits),ENVIR,ENVIR 301,International Environmental Policy (4 credits),4.0,334,"This course examines the international community’s responses to various global environmental problems. Because many environmental problems cross national borders, solutions require some form of global governance such as state-led mechanisms in the form of international environmental regimes. The course will thus explore how and why states both succeed and fail to negotiate international governance mechanisms. The course will also examine why some international environmental regimes are more effective than others and why states choose to comply with environmental regimes.",79,577,6,Topic 6,6.047906,0.0038881365
course_0202,Course Catalog,Course Descriptions,Environmental Economics & Policy (4 credits),ENVIR,ENVIR 302,Environmental Economics & Policy (4 credits),4.0,334,"The role of the environment in the theory and practice of economics. Topics include ways in which markets fail to efficiently allocate resources in the presence of pollution, along with the array of policies regulators used to correct those failures; the empirical techniques used by economists to put values on environmental commodities; and an examination of questions related to everyday environmental issues, particularly those confronting China, and the developing world. Prerequisite(s): ECON 201 334",74,506,6,Topic 6,6.366124,0.11384424
course_0203,Course Catalog,Course Descriptions,Climate Change and Society in China (4 credits),ENVIR,ENVIR 303,Climate Change and Society in China (4 credits),4.0,335,"Analysis of Earth’s climate history and links between climate and society in China, as well as physical climatology and the future climate in China. Topics include: global climate system, climate feedbacks, energy balance, basic circulation of the atmosphere and ocean, hydrological cycle and carbon cycle, paleoclimate reconstruction, record of natural variations of past climate with emphasis on past changes of monsoon rainfall reconstructed from paleoclimate archives for the past, extrinsic forcing mechanisms of observed paleoclimatic variations. The impact of climate variability and change on Chinese society and history will be discussed. Prerequisite(s): ENVIR 101 or Consent of the Instructor",99,703,1,Topic 1,11.985398,1.7281647
course_0204,Course Catalog,Course Descriptions,Environmental Chemistry and Toxicology (4 credits),ENVIR,ENVIR 304,Environmental Chemistry and Toxicology (4 credits),4.0,335,"An overview of the fate and effects of chemicals in the environment. Topics include chemical characterization of pollutants, chemistry of natural waters, soil sediment chemistry, atmospheric chemistry, transfers between and transformations within environmental compartments, toxicokinetics, cellular metabolism, biological levels of organization, and approaches for assessing chemical hazards. Incorporates case studies focused on human health and ecosystem protection. Prerequisite(s): INTGSCI 102 or CHEM 110 or CHEM 120",66,522,3,Topic 3,3.7273846,1.5622741
course_0205,Course Catalog,Course Descriptions,Environment and Development Economics in Developing Countries (4 credits),ENVIR,ENVIR 305,Environment and Development Economics in Developing Countries (4 credits),4.0,335,"Course will focus on the major challenges developing countries face in balancing environmental management and economic growth. Class will use economic analyses to examine these challenges and to devise policy solutions, especially given that developing countries often have weak institutional capacity and fewer financial resources to cope with environmental pollution. Prerequisite(s): ECON 101, or Consent of the Instructor",58,425,6,Topic 6,6.519842,0.15288913
course_0206,Course Catalog,Course Descriptions,Water Pollution (4 credits),ENVIR,ENVIR 306,Water Pollution (4 credits),4.0,335,"This course is designed to present students with a comprehensive introduction to the sources and impacts of pollution in marine and freshwater environments. Fundamental concepts and principles of aquatic biogeochemistry will be introduced first, including marine and freshwater chemistry, primary production and food webs. Specific pollution topics will include biological (e.g., pathogens, invasive species), physical (e.g., thermal, plastics), and chemical (e.g., nutrient loading, oil, pesticides, metals) pollutants. Recent case studies will be discussed in class such as the Fukushima disaster and the Deepwater Horizon oil spill. A field trip will be organized to visit a local sewage treatment plant in Kunshan. Prerequisite(s): INTGSCI 101; or BIOL 110 and CHEM 110; or Consent of the Instructor 335",116,807,3,Topic 3,3.7758875,1.5415725
course_0207,Course Catalog,Course Descriptions,Life Cycle Assessment (4 credits),ENVIR,ENVIR 308,Life Cycle Assessment (4 credits),4.0,336,"This course introduces life cycle assessment (LCA) and its applications. Students will learn how to perform LCA. LCA is a systematic and standardized assessment method for quantifying potential environmental impacts of products, processes, and services. It also has been widely applied to understand environmental sustainability of different engineered systems (e.g., energy, water, food, buildings, waste management, and transport). The systems thinking involved in LCA aims to avoid unintended burden shifting from one environmental impact to another, or from one part of the system to another. LCA related concepts such as carbon accounting and water footprint analysis will also be covered. Prerequisite(s): ENVIR 101",103,721,3,Topic 3,5.924022,0.18059489
course_0208,Course Catalog,Course Descriptions,Elements of Physical Hydrology (4 credits),ENVIR,ENVIR 310,Elements of Physical Hydrology (4 credits),4.0,336,"This course introduces the fundamental physical principles that are necessary to understand the occurrence, distribution, and circulation of water near Earth’s surface. Students will be introduced to the global hydrological cycle and the influence of climate, geology, and human activity. Students will study the processes of precipitation and evapotranspiration; surface water flow, floods, and storage in natural and artificial reservoirs; groundwater flow; and whole-cycle catchment hydrology. Although less emphasized, water-quality and water resources management issues will be discussed and case studies presented. The course will also provide an introduction to hydrological data acquisition and analysis. Prerequisite(s): MATH 101 or 105; PHYS 121",102,755,2,Topic 2,3.774092,1.6283184
course_0209,Course Catalog,Course Descriptions,Biogeochemistry (4 credits),ENVIR,ENVIR 311/BIOL 311,Biogeochemistry (4 credits),4.0,336,"Biogeochemistry is the study of how chemical elements flow through living systems and their physical environments. This course will investigate the factors that influence the cycling of those elements that are essential to life as well as the liberation, transport and exposure pathways of toxic trace elements. Concepts of nutrient limitation, element stoichiometry, primary productivity and carbon sequestration will be covered in depth, and will be applied to the study of human impacts on the global biogeochemical cycles of water, carbon, nutrients and trace metals. Prerequisite(s): INTGSCI 102; or, BIOL 110, and CHEM 110 or 120",96,635,3,Topic 3,3.9137676,1.4356672
course_0210,Course Catalog,Course Descriptions,Ecosystem Service (4 credits),ENVIR,ENVIR 313/BIOL 313,Ecosystem Service (4 credits),4.0,336,"Ecosystem services are the benefits that people obtain from ecosystems and utilizes a system level approach to examine the interactions between four services. The course will include discussion of nutrient recycling as a supporting service, food production as a provisioning service, carbon sequestration as a regulating service and education as a cultural service as well as how they fit 336 together in a sustainable system. Students will learn through case studies of the application of conservation, restoration and market valuation approaches to protecting critical ecosystem processes. Prerequisite(s): BIOL 208 or Consent of the Instructor",94,646,3,Topic 3,5.6757097,0.3327723
course_0211,Course Catalog,Course Descriptions,Aqueous Geochemistry (4 credits),ENVIR,ENVIR 315/CHEM 315,Aqueous Geochemistry (4 credits),4.0,337,"This course is designed to provide the student with an understanding of the fundamentals of aqueous geochemistry. This course focuses on the fundamental aquatic geochemical processes (e.g. mineral precipitation/dissolution, solution complexation, acid-base chemistry) that shape and transform the Earth’s surface as a result of rock-water interactions, and associated impacts on the fate and transport of inorganic and organic contaminants in aqueous and geochemical environments. Topics to be covered include the chemical composition of soils, geochemical 336peculation, mineral weathering and stability, sorption and ion exchange, soil redox processes, chemical kinetics at environmental surfaces, and the nature, composition, structure, and properties of pollutants coupled with the major chemical mechanisms controlling the occurrence and mobility of chemicals in the environment. Prerequisite(s): INTGSCI 102 or CHEM 110 or CHEM 120",126,937,3,Topic 3,3.7008018,1.6701018
course_0212,Course Catalog,Course Descriptions,Energy and Environment Design (4 credits),ENVIR,ENVIR 401,Energy and Environment Design (4 credits),4.0,337,"An integrative design course addressing both creative and practical aspects of the design of systems related to energy and the environment. Development of the creative design process, including problem formulation and needs analysis, feasibility, legal, economic and human factors, environmental impacts, energy efficiency, aesthetics, safety, and design optimization. Application of design methods through a collaborative design project.",57,438,5,Topic 5,9.929521,4.155848
course_0213,Course Catalog,Course Descriptions,Chemical Transformation of Environmental Contaminants (4 credits),ENVIR,ENVIR 402,Chemical Transformation of Environmental Contaminants (4 credits),4.0,337,"Mechanisms and principles underlying organic contaminant transformations in the ambient environment. Topics include hydrolysis, oxidation/reduction, direct and indirect photolysis, and reactions with disinfectant chemicals. Reactions will be considered in context of both natural (e.g., surface water and cloudwater) and engineered (e.g., drinking water, wastewater, and groundwater remediation) systems. Approaches will include both qualitative (reaction mechanism and product identification) as well as quantitative (reaction kinetics and stoichiometry) aspects of environmental reaction chemistry. Prerequisite(s): CHEM 201 337",75,630,3,Topic 3,3.6917076,1.6312554
course_0214,Course Catalog,Course Descriptions,Energy Economics and Policy (4 credits),ENVIR,ENVIR 403,Energy Economics and Policy (4 credits),4.0,338,"This course examines the economics of markets and policies for different energy supply sources (such as petroleum, coal, natural gas, electricity, renewables, nuclear), energy demand and efficiency, and their interactions with each other and with the rest of the economy and environment. We will explore rationales for why markets for energy and energy-using technologies have historically been subject to extensive government intervention. Other topics include markets for energy and energy-using technologies, energy price regulation, and energy security. Prerequisite(s): ECON 101",80,583,6,Topic 6,6.495106,0.103713036
course_0215,Course Catalog,Course Descriptions,"Environmental Justice: The Economics of Race, Place and Pollution (4",ENVIR,ENVIR 404/ECON 404,"Environmental Justice: The Economics of Race, Place and Pollution (4",,338,"credits) Minorities and low-income households bear a disproportionate burden from environmental pollution. The inequality may happen in many countries, cultures and contexts. This course examines ways in which environmental injustices in the USA, China and in the world may arise out of discriminatory behavior and/or market forces founded on individual, firm, and government incentives. The course also analyses policies that are aimed at providing fair treatment and equal protection from pollution regardless of race, color, or income. The course first sets the theoretical framework used to document and explain disproportionate exposures. Based on this foundation, students then review existing empirical evidence through case studies and evaluate competing explanations of sources of injustice. The objective of this course is to enable students to examine environmental justice issues using an economics framework, which provides a different perspective for evaluating policies to address environmental inequities observed in today’s world. Prerequisite(s): ECON 201 338 Courses with Course Subject: Ethics and Leadership (ETHLDR)",158,1137,6,Topic 6,6.1358824,-0.08971119
course_0216,Course Catalog,Course Descriptions,Ethics and Leadership (4 credits),ETHLDR,ETHLDR 101,Ethics and Leadership (4 credits),4.0,339,"This interdisciplinary course draws on philosophy, sociology and public policy to explore ethical leadership in the twenty-first century. From the challenges facing governments to decisions students confront daily, this course seeks to create and evaluate solutions to ethical dilemmas in a global world. Does a government have the right to insist on another government’s adherence to human rights standards? Should a museum be forced to return artifacts that were stolen centuries before the museum acquired them? Do corporations have an obligation to invest in their local communities? Do we have an obligation to help the poor and if so, why?",100,645,0,Topic 0,8.126329,1.1586965
course_0217,Course Catalog,Course Descriptions,"Democracy and Inclusion: Hopes, Prospects, Dilemmas (2 credits)",ETHLDR,ETHLDR 108,"Democracy and Inclusion: Hopes, Prospects, Dilemmas (2 credits)",2.0,339,"Existing democracies are marred by long-standing inequalities, deep-seated exclusions, and profound injustices. Many argue, however, that it is possible to create much more “inclusive” democratic societies. This course examines the core ideals behind this hope, the prospects for its realization, and the dilemmas of its pursuit. We look at normative and empirical literatures, drawn from diverse contexts and disciplines. Central questions include: When actors envision a more “just,” “inclusive” democratic society, what precisely are they envisioning? How do they justify their visions? What major strategies have been employed to create more “inclusive” democratic processes, and how effectively have they worked?",100,717,4,Topic 4,8.779224,1.4950737
course_0218,Course Catalog,Course Descriptions,"Ethics, Citizenship and the Examined Life (4 credits)",ETHLDR,ETHLDR 201,"Ethics, Citizenship and the Examined Life (4 credits)",4.0,339,"Ethics, Citizenship and the Examined Life explores several related themes. It attends to traditional Asian and Western ideals and contemporary analyses of moral self-cultivation, personal achievement and meaning; to obligations beyond the self – to family, community, religion, party, nation, and humanity – and whether it is possible to reconcile the criteria for “doing the right thing” across cultures and ages; and to the ways in which Asian and Western philosophical and political traditions have addressed the relationship between a meritocratic elite and democratic forms of government. Prerequisite(s): GLOCHALL 201",90,623,0,Topic 0,9.884154,0.95449483
course_0219,Course Catalog,Course Descriptions,"Ethics, Markets, Politics (4 credits)",ETHLDR,ETHLDR 202,"Ethics, Markets, Politics (4 credits)",4.0,339,"What should be the relation between markets in which goods and services are exchanged, the state that has potential supportive and regulatory functions toward the markets, and ethical values such as human welfare, the desire for meaningful work, equality, and justice? To what extent can and should markets be regulated by the state for the sake of such values? Should businesses act on moral values as well as the profit motive? To what extent should consumers guide their choices in 339 the market according to ethical values? An interdisciplinary approach through philosophy, political theory and economics.",96,610,6,Topic 6,8.114011,0.94245535
course_0220,Course Catalog,Course Descriptions,Conceptions of Democracy and Meritocracy (4 credits),ETHLDR,ETHLDR 203,Conceptions of Democracy and Meritocracy (4 credits),4.0,340,"This course will examine democracy and meritocracy, exploring specifically the components, strengths, and liabilities of each. Particular focus will be on intersections between virtue, democracy and meritocracy. Readings will come from philosophy, political theory, history, and sociology. Potential application of these theories to the United States and to China, among other countries, will be discussed. Prerequisite(s): SOSC 101",58,432,6,Topic 6,11.034126,1.2894347
course_0221,Course Catalog,Course Descriptions,Environmental Ethics (4 credits),ETHLDR,ETHLDR 204,Environmental Ethics (4 credits),4.0,340,"This course addresses the morality of respecting the natural world, including plants, animals and all forms of planetary life for their own sake. Is pollution of air and water wrong in itself, and not simply because it damages resources that present and future generations of human beings need? Does the suffering of nonhuman animals impose a moral claim upon human beings? Do all species have a claim to survive in the face of human development? Different philosophical theories as well as a variety of cultural traditions of thought about the environment will be studied and discussed.",96,587,3,Topic 3,6.1399794,-0.111713305
course_0222,Course Catalog,Course Descriptions,Trust and Cross-Cultural Leadership (4 credits),ETHLDR,ETHLDR 205,Trust and Cross-Cultural Leadership (4 credits),4.0,340,"Leadership works through the cultivation of trust between leaders and the people they lead. Leaders make trade-offs in providing direction (“coercive control”) versus cultivating trust-based commitment (“enabling control”). Recently, there has emerged the concept of “soft power,” which is the power to get others to want what you want through their attraction to your culture. Leaders often face the challenge of fostering trust across diverse cultures, values, and beliefs. This course draws on philosophy, political science, organizational behavior, sociology and psychology to study the conditions that foster trust within and across societies, and between leaders, the institutions of governance and the governed.",102,718,0,Topic 0,7.8886337,1.4990333
course_0223,Course Catalog,Course Descriptions,Global Justice and Health Care (4 credits),ETHLDR,ETHLDR 206,Global Justice and Health Care (4 credits),4.0,340,"The gap between those who receive the best health care and those who receive the worst health care in the world is staggering. Do all people have an equal right to long life and prosperity regardless of where they happen to live? Is there a right to basic health care? What should the most advantaged nations do for the least advantaged? This course studies philosophical theories of global justice, along with particular issues such as the “brain drain” of health care personnel from developing to rich countries, and the alleged bias of pharmaceutical companies against developing drugs most needed in developing markets. 340",103,627,4,Topic 4,6.733751,1.2563467
course_0224,Course Catalog,Course Descriptions,The Psychology of Values (4 credits),ETHLDR,ETHLDR 209,The Psychology of Values (4 credits),4.0,341,"Human beings value things. We find things important, meaningful, admirable, righteous, sacred, worth pursuing, and so on. Because so much of our lives involves this process of valuing things, it is a process that we should try to understand in a rigorous way. To that end, this course examines the psychological basis of human values and the processes involved in forming and expressing those values. Within that examination, it pays special attention to issues underlying the question of how people might navigate cross-cultural spaces, exploring how we might understand various values as universal or culturally-dependent, innate or learned, fixed or flexible, and so on. In doing so, it provides a vital foundation for discussions of values that occur in fields like philosophy, religious studies, politics, and public policy.",128,829,0,Topic 0,8.4487915,0.36880317
course_0225,Course Catalog,Course Descriptions,The Sociology of Morality and Politics (4 credits),ETHLDR,ETHLDR 210,The Sociology of Morality and Politics (4 credits),4.0,341,"Religious, philosophical, social and cultural psychology explain how morality varies so much across cultures, despite the fact that cultures share so many similarities and recurrent themes. This course explores the foundation, the virtues, narratives, and institutions that sit on top of shared moral foundations, and the ways in which they lead to conflict within and across nations as well as the possibilities for managing that conflict.",66,440,0,Topic 0,8.409684,0.14784817
course_0226,Course Catalog,Course Descriptions,Ethics of Nudging (4 credits),ETHLDR,ETHLDR 301,Ethics of Nudging (4 credits),4.0,341,"Behavioral economics and the idea of “nudging” have captured the attention of policy makers and the public. The idea that situations can be structured to make some choices and practices easier (and thus more likely) and make others harder (and thus less likely) is well established in psychology, organizational behavior, political science and sociology, but this raises the question of whether it is ethical for those in power to intentionally structure situations to nudge people one way or the other. This course will examine the work on behavioral economics and nudging, and the earlier research in other fields that underpins “nudging” and the practical moral dilemmas it raises.",108,684,6,Topic 6,7.2121634,3.0815551
course_0227,Course Catalog,Course Descriptions,Organizational Behavior and Leadership (4 credits),ETHLDR,ETHLDR 303/BEHAVSCI 303,Organizational Behavior and Leadership (4 credits),4.0,341,"What makes an effective and ethical leader? This course covers three critical pillars of organizational leadership. First, students discuss the foundations of effective, emotionally intelligent, and performance-boosting management of the human capital of the organization. Second, students study the predictors of effective leadership and cover the ways in which leaders develop organizational goals and motivate their subordinates to achieve them. Finally, students address the ethical dimensions of successful organizational leadership, including the development of inclusive work environments through specific institutional arrangements and the proactive establishment of organizational culture and norms. 341 ETHLDR 390: Junior Seminar: Advanced Topics (4 credits) This seminar is a core component of the interdisciplinary major in Ethics and Leadership. Students will apply to interdisciplinary topics the knowledge and methods of analysis that they have gained in different disciplines. Students will re-connect with the broader community of faculty and students in their major and further develop their capacities to translate between their areas of expertise and the larger questions and issues that apply across a variety of disciplines. The seminar will foster the ability to see their disciplinary knowledge from a wider perspective and to apply it flexibly. Specific topics will vary. This seminar is required for all juniors in the major. Other students may enroll with the permission of the instructor. ETHLDR 490: Senior Seminar: Advanced Topics (4 credits) This seminar is a core component of the interdisciplinary major in Ethics and Leadership. Students will apply to interdisciplinary topics the knowledge and methods of analysis that they have gained in different disciplines. Students will re-connect with the broader community of faculty and students in their major and further develop their capacities to translate between their areas of expertise and the larger questions and issues that apply across a variety of disciplines. The seminar will foster the ability to see their disciplinary knowledge from a wider perspective and to apply it flexibly. Specific topics will vary. This seminar is required for all seniors in the major. Other students may enroll with the permission of the instructor. 342 Courses with Course Subject: French (FRENCH) FRENCH 24 Advanced Intermediate French Language and Culture (4 credits) Credit for Advanced Placement on the basis of the College Board Examination in French, French Language or French Literature.",375,2566,0,Topic 0,7.667891,1.4373361
course_0228,Course Catalog,Course Descriptions,Beginning French 101 (4 credits),FRENCH,FRENCH 101,Beginning French 101 (4 credits),4.0,343,"This is an introductory French course in which students use French to communicate during class meetings and breakout sessions. The main objective is to develop the following intertwined proficiencies: linguistic and communicative skills (speaking, listening, reading, and writing), intercultural competence (knowledge, skills, and attitudes), as well as critical understanding of the French-speaking world in order to communicate in French (talk with others, express ideas in writing, read and understand what others have written or said). At the end of the term, students should be able to comprehend inputs, and express themselves, in a variety of familiar everyday contexts. This course is also designed to help students learn to become more effective independent language learners.",114,785,7,Topic 7,13.211946,4.1772385
course_0229,Course Catalog,Course Descriptions,is the second introductory French course. Students will use French to communicate,FRENCH,FRENCH 102,is the second introductory French course. Students will use French to communicate,4.0,343,"during class meetings and breakout sessions and further their linguistic and communicative skills), intercultural competence, and critical understanding of the French-speaking world. Students will interview French speakers, participate in class projects and an independent languaculture project, and reflect on their learning. This course culminates with a public event. At the end of the semester, students should be able to comprehend inputs, and express themselves, in a variety of familiar everyday contexts. This course will also help students learn to become more effective independent language learners. Prerequisite(s): FRENCH 101 343 Courses with Course Subject: German (GERMAN) GERMAN 24 Advanced Placement in German (4 credits) Credit for Advanced Placement on the basis of the College Board Examination in German, German Language and Literature.",121,857,7,Topic 7,13.191955,4.158652
course_0230,Course Catalog,Course Descriptions,Beginning German 1 (4 credits),GERMAN,GERMAN 101,Beginning German 1 (4 credits),4.0,344,"This is the first course in the beginning level German sequence. In this course students will build a solid base of vocabulary and pronunciation skills and set a foundation for reading, writing, listening and speaking in order to begin to engage in daily life in German. In this course students will also learn about how to learn a new language and about how to independently build language skills. This course will mostly be conducted in German and students will consistently and systematically use German to communicate both in and out of the classroom. There is no prerequisite.",97,581,7,Topic 7,13.369792,4.4100122
course_0231,Course Catalog,Course Descriptions,Beginning German 2 (4 credits),GERMAN,GERMAN 102,Beginning German 2 (4 credits),4.0,344,"This is the second course in the beginning level German sequence. In this course students will expand their base of vocabulary and pronunciation skills and strengthen their skills in reading, writing, listening and speaking. This course will help students learn to engage in small talk in German and read short, informative texts as well as write grammatically sound short essays of at",62,385,7,Topic 7,13.338039,4.34696
course_0232,Course Catalog,Course Descriptions,words. In this course students will also learn more about how to design independent,LEAST,LEAST 200,words. In this course students will also learn more about how to design independent,,344,language learning activities. Students will also experiment with different language learning strategies and reflect on how well these strategies work for them. Prerequisite(s): GERMAN 101 344 Courses with Course Subject: Global China Studies (GCHINA),34,250,7,Topic 7,13.094022,4.0804453
course_0233,Course Catalog,Course Descriptions,From Empire to Nation (4 credits),GCHINA,GCHINA 201,From Empire to Nation (4 credits),4.0,345,"This course examines concepts and theories of empire, imperialism, colonialism, and the nation- state, with a particular focus on their circulation and impact in East Asia and China. We trace the history of Western theories of “nation,” looking at what the term meant prior to the European nation-state and the imperialist and colonial projects of the 19th and early 20th centuries, and we examine what they mean in the present era of multiculturalism and globalization. We explore how historically Chinese conceptions of civilization and empire were transformed in post-imperial era. We look also at how related concepts of race, ethnicity, religion, gender, and culture have traveled from the West, through the Soviet Union, to China and beyond.",117,747,1,Topic 1,11.212446,1.5673804
course_0234,Course Catalog,Course Descriptions,Modern Chinese Politics (4 credits),GCHINA,GCHINA 202,Modern Chinese Politics (4 credits),4.0,345,"How is the Chinese political system organized? What are the rules, both formal and informal, about how policy is made in China? What determines whether a policy actually works in China? How do everyday people experience politics in China? This class introduces students to readings, arguments, and concepts that begin to explore the answers to these questions. One of the goals for the class is that students can start to recognize systematic patterns and a logic of action in how the Chinese political system operates.",85,519,1,Topic 1,12.000535,1.5021263
course_0235,Course Catalog,Course Descriptions,Visual China (4 credits),GCHINA,GCHINA 203/ARTS 203,Visual China (4 credits),4.0,345,"From film’s first appearance at a Shanghai teahouse in August 1896 to Jackie Chan’s latest transnational stardom, the history of modern Chinese cinema has always sought to raise questions of national and cultural identity. How do Chinese films between the two fins-de-siècle create the spectacle of “China,” narrate its history, and represent its increasingly diversified cultural landscapes both at home and abroad? Students will study photography, documentary film, cinema and social media in China from the 1930s “Leftist” films to present. 345",82,547,1,Topic 1,11.376358,2.689531
course_0236,Course Catalog,Course Descriptions,China in the World (4 credits),GCHINA,GCHINA101,China in the World (4 credits),4.0,345,"China in the World focuses on the historical and contemporary commercial, intellectual, and scientific exchanges between China and multiple locations around the world. The course invites students to think about the engagement of China in the world and the world in China from an interdisciplinary perspective. We investigate how contemporary China has been shaped by key historical events and processes including science, trade and war. Finally, we consider together how these histories will influence China’s future engagement with the wider world.",81,549,1,Topic 1,11.66722,1.4135972
course_0237,Course Catalog,Course Descriptions,China’s Transitioning Economy (4 credits),GCHINA,GCHINA 301/POLECON 302,China’s Transitioning Economy (4 credits),4.0,346,"This course provides a comprehensive overview of the Chinese economy and China’s role in the world economy. China’s current economic challenges will be given particular attention. Topics addressed will include: the Chinese economy before 1949; the socialist era, 1949-1978; economic reform and market transition; the role of state enterprises; the return of private and family business; foreign investment; foreign trade; China’s role in the East Asian trade-production network; China’s evolving financial system; Chinese monetary and exchange rate policy; China’s role in global trade balances; the internationalization of the Yuan; and the current effort to rebalance the Chinese economy from an investment to a consumption economy.",105,734,1,Topic 1,11.896603,1.3800251
course_0238,Course Catalog,Course Descriptions,The Factory: From Socialist Industrialism to World Assembly (4 credits),GCHINA,GCHINA 302,The Factory: From Socialist Industrialism to World Assembly (4 credits),4.0,346,"The rise of China and its economic transition are inseparable from the workings of the factories and the feminization of labor on those assembly lines. For most workers, the factory has been not simply a place to work, but also a “habitus” where rest, sustenance, leisure and consumption are conditioned, regulated, and at times, contested. In this highly interdisciplinary course, we will examine the factory not only as a political and economic unit of disciplined work, but also as a cultural and ideological space wherein dreams and anxieties are produced and exhausted.",92,574,1,Topic 1,11.614959,2.019918
course_0239,Course Catalog,Course Descriptions,Translating and Using Chinese Non-fictional Sources For Academic Purposes,GCHINA,GCHINA 303,Translating and Using Chinese Non-fictional Sources For Academic Purposes,,346,"This course will give you a good grounding in translation theory to understand what happens when you translate from Chinese to English. We will then translate a variety of Chinese primary and secondary non-fictional sources. You will be taught how to integrate these translations into scholarly papers in English. Students will also introduce their own translation projects, possibly related to their signature work, and receive feedback. Prerequisite(s): CHINESE 402B or Consent of the Instructor",74,497,7,Topic 7,12.247491,3.726247
course_0240,Course Catalog,Course Descriptions,Junior Seminar: Advanced Topics (4 credits),GCHINA,GCHINA 390,Junior Seminar: Advanced Topics (4 credits),4.0,346,This seminar is a core component of the interdisciplinary major in Global China Studies. Students will apply to interdisciplinary topics the knowledge and methods of analysis that they have gained in different disciplines. Students will re-connect with the broader community of faculty and students in their major and further develop their capacities to translate between their areas of expertise and the larger questions and issues that apply across a variety of disciplines. The seminar will foster the ability to see their disciplinary knowledge from a wider perspective and to apply it flexibly. Specific topics will vary. This seminar is required for all juniors in the major. Other students may enroll with the permission of the instructor. 346,117,750,1,Topic 1,7.2950253,1.7148654
course_0241,Course Catalog,Course Descriptions,Political Economy of the Chinese Reform (4 credits),GCHINA,GCHINA 401/POLECON 401,Political Economy of the Chinese Reform (4 credits),4.0,347,"This course is a reading and research seminar that aims to provide students with a solid, broad understanding of China’s reform policies, programs, and strategies since 1978. It also examines the lessons the Chinese reformers and people learned from the 40-year reform experience as well as the challenges facing the Chinese economy and society in the future. Reading materials include both authoritative and new works on China’s politics, institutions, and economic development at various stages of the reform period. Students have opportunities to apply basic economic theories to the empirical analysis of China’s economic transitions and sociopolitical change. Prerequisite: Consent of the Instructor",103,704,1,Topic 1,11.968854,1.4614269
course_0242,Course Catalog,Course Descriptions,Senior Seminar: Advanced Topics (4 credits),GCHINA,GCHINA 490,Senior Seminar: Advanced Topics (4 credits),4.0,347,This seminar is a core component of the interdisciplinary major in Global China Studies. Students will apply to interdisciplinary topics the knowledge and methods of analysis that they have gained in different disciplines. Students will re-connect with the broader community of faculty and students in their major and further develop their capacities to translate between their areas of expertise and the larger questions and issues that apply across a variety of disciplines. The seminar will foster the ability to see their disciplinary knowledge from a wider perspective and to apply it flexibly. Specific topics will vary. This seminar is required for all juniors in the major. Other students may enroll with the permission of the instructor. 347 Courses with Course Subject: Global Challenges (GLOCHALL),124,808,1,Topic 1,7.1870513,1.6253879
course_0243,Course Catalog,Course Descriptions,"Global Challenges in Science, Technology, and Health (4 credits)",GLOCHALL,GLOCHALL 201,"Global Challenges in Science, Technology, and Health (4 credits)",4.0,348,"As the second common core course for DKU students, this course is designed to engage students in an exploration of global challenges in science, technology, and health. Students will attend to the general features of global challenges and the aspects of human nature and society that render these challenges so problematic. While students will investigate in common a number of discrete challenges, they will also work collaboratively in teams to investigate a global challenge, communicate effectively about it to a wide audience, and propose interventions. The course is animated by DKU’s mission to prepare students to work collaboratively and wisely to confront global challenges with imagination and rigor. Prerequisite(s): GCHINA101 348 Courses with Course Subject: Global Cultural Studies (GCULS)",119,803,0,Topic 0,7.1067777,1.5762454
course_0244,Course Catalog,Course Descriptions,Critical Comparative Studies (4 credits),GCULS,GCULS 105,Critical Comparative Studies (4 credits),4.0,349,"What is “culture”? Where can we observe it and how can we study it? And, most importantly for a globalizing world: Can we compare “cultures”? What are the assumptions and parameters that would make such comparison possible in the first place? This course addresses the forces and concerns central to understanding culture and cultural difference. Discussions will pay attention to both the global and local/regional levels on which culture can be observed and compared. Understandings of culture touch upon many forces and concerns, including questions of gender, ideology, religion, nationalism and colonialism. By building a firm understanding of the theoretical approaches to culture, this course will explore the toolbox of comparative cultural studies.",113,757,0,Topic 0,9.121013,2.8192992
course_0245,Course Catalog,Course Descriptions,Our Cities and Ourselves (2 credits),GCULS,GCULS 106,Our Cities and Ourselves (2 credits),2.0,349,"What is a city? How do cities shape the everyday lives and experiences of those who live in them, as well as cultural conceptions of modernity and civilization? Pairing texts drawn from literature and the interdisciplinary field of urban studies, this course will study how writers and thinkers have sought to express and analyze what it means to live in cities. By reading literary accounts of urban life such as Mu Shiying in Shanghai, James Joyce in Dublin, Michel de Certeau in New York, and Orhan Pamuk in Istanbul, alongside perspectives from urban planners and sociologists such as Liang Sicheng, Jane Jacobs, Saskia Sassen, and Spiro Kostof, you will engage with some of the most creative and influential ideas concerning the complex relationship between our cities and ourselves.",128,788,4,Topic 4,10.827752,2.8153512
course_0246,Course Catalog,Course Descriptions,"Berlin-Paris: Sex, Cigarettes, and the Meaning of Life (2 credits)",GCULS,GCULS 107,"Berlin-Paris: Sex, Cigarettes, and the Meaning of Life (2 credits)",2.0,349,"A trip to Europe is not complete without Paris and Berlin: cities of light and darkness, of excesses and extremes. In this course, we will take a stroll around these two world capitals in the company of artists, philosophers, filmmakers, and writers as we try to capture the historical, creative, and existential dilemmas of the times. From Nietzsche to Benjamin by way of the open-minded and gender-fluid nightlife of the Weimar Republic; from Camus to Sartre and Beauvoir by way of the cigarettes and experimentation of the Nouvelle Vague, this course will give an overview of what Berlin and Paris were up to between the late 1800s and the 1950s—and, in doing so, will inquire about the meaning of life.",120,706,4,Topic 4,10.773235,2.6301901
course_0247,Course Catalog,Course Descriptions,"Science, Culture, and Politics (2 credits)",GCULS,GCULS 108,"Science, Culture, and Politics (2 credits)",2.0,349,"What is science? Who has the authority to determine what qualifies as science? Is all scientific knowledge inherently political? This class will focus on the human dimensions of science. We will examine a number of topics, including Social Darwinism and contemporary global climate change 349 discourse. Drawing from recent scholarship in the history of science, the class will explore debates about the meaning and origins of scientific modernity. Did “modern science” originate in the “West” before diffusing elsewhere? We will also focus on questions of identity and representation in the making of scientific cultures.",94,622,0,Topic 0,8.161105,2.5100968
course_0248,Course Catalog,Course Descriptions,Culture and Industry (4 credits),GCULS,GCULS 201/CULANTH 202/MEDIA 202,Culture and Industry (4 credits),4.0,350,"Apple is currently the most valuable company/brand in the world. Despite its technological origin, the company has always valued design, interface, affect, imagination and creativity – skills that the humanities and the interpretive social sciences offer and promote. This course examines how cultural studies, in its analyses of fandom, reception theory, cultural hegemony, etc., provide students the theoretical skills to understand, analyze and prepare for working in the emerging creative industries in China today. Topics that might be included in this course: cultural industry and modernity, popular culture and everyday life, representations of gender and sexuality in advertisement, the impact of new social media and information technology, and censorship.",109,766,1,Topic 1,11.560762,2.953786
course_0249,Course Catalog,Course Descriptions,Empires and Culture (4 credits),GCULS,GCULS 202,Empires and Culture (4 credits),4.0,350,"In 1800, Europeans controlled 35 percent of the earth’s land surface. By 1914, it was 84 percent; American and Japanese imperialism soon followed. Beyond political control and economic exploitation, culture was instrumental in legitimizing imperial rule through the discourses of civilizing mission, scientific racism, social Darwinism, and in the Japanese case, a co-prosperity for Asians through assimilation. However, colonized peoples contested imperialism and colonialism through cultural practices such as mimicry, “signifying”, literary practice, and critique of liberalism and humanism. This course examines how culture is inscribed in the workings and failings of empires and their legacies.",96,700,4,Topic 4,11.042997,1.9689101
course_0250,Course Catalog,Course Descriptions,"Molecular, Behavioral and Social Evolution: Darwin’s Theories between",GCULS,GCULS 203/BIOL 203,"Molecular, Behavioral and Social Evolution: Darwin’s Theories between",4.0,350,"Science and Culture (4 credits) This course examines Darwin’s theories of natural selection and evolution through multiple lenses in scientific and humanistic disciplines. This course covers the key concepts of biological evolution, examines how simple behaviors evolve in animals and humans, and explores current ideas about the evolution of complex social behaviors and societies. The course will also introduce students to the thinkers that influenced Darwin, such as economist Thomas Malthus and geologist Charles Lyell, as well as to Darwin’s influence on later thinkers from political theorist Karl Marx to historian Yuval Noah Harari. Discussion of these topics will be grounded in scientific case studies while also considering the impact of these theories on representations of gender, race and nature in popular culture, film and media. Prerequisite(s): INTGSCI 101 or BIOL 110 or Consent of the Instructor 350",138,920,0,Topic 0,8.080765,2.4318986
course_0251,Course Catalog,Course Descriptions,Global Histories of the Anthropocene (4 credits),GCULS,GCULS 204,Global Histories of the Anthropocene (4 credits),4.0,351,"Over the last several decades, more and more people have used the term “Anthropocene” to describe our current global environmental condition. But what is the Anthropocene? When did it begin and how? And is the Anthropocene a useful framework for understanding environmental history and environmental politics? This course will examine a range of scholarly interpretations about the Anthropocene, including those which have critiqued the very concept of the Anthropocene. We will consider how histories of the Anthropocene intersect with histories of capitalism and imperialism. Drawing from various disciplines and genres, we will also discuss and analyze cultural depictions of the Anthropocene from across the world.",105,718,4,Topic 4,6.4275985,-0.088452086
course_0252,Course Catalog,Course Descriptions,Texts in Motion (4 credits),GCULS,GCULS 205,Texts in Motion (4 credits),4.0,351,"What does it mean for a text to “go global”? How would audiences read it differently across the contexts in which it is marketed? How do various technologies create possibilities and constraints in the publishing industry? This course examines cultural production and circulation through the lenses of material and literary history, economics and industry, and creative practice. Possible topics include print technologies (the typewriter and Xerox machine), popular and countercultural publications (manga and zines), and literary case studies (a text read in various geographic and temporal contexts). Students also produce, “market,” and circulate their own texts, creatively and critically reflecting on the roles of author and publisher as forms of rooted globalism.",112,771,5,Topic 5,10.065648,2.6680112
course_0253,Course Catalog,Course Descriptions,Religion and Sexuality (4 credits),GCULS,GCULS 301,Religion and Sexuality (4 credits),4.0,351,"This course offers a critical examination of the relation of religion and sexuality with special attention to Buddhist literature and experience. The course equips students with tools from religious theory, gender theory, and critical theory, which are then used to interpret a range of phenomena including: religious interpretations of sex, sexuality, and gender; the codification and normalization of these rules through texts, symbols, and practices; and recent challenges to these interpretations. Topics include homosexuality, same-sex marriage, abortion, contraception, gender equality, clerical marriage, married clerics’ wives, and clerical sexual abuse. Places Buddhism in conversation with Jewish, Christian, and Islamic traditions.",99,742,0,Topic 0,8.679926,-0.38913003
course_0254,Course Catalog,Course Descriptions,Gender in Global Perspective (4 credits),GCULS,GCULS 302,Gender in Global Perspective (4 credits),4.0,351,"Is every-body either male or female? Does the body precede being female or male, black or white, gay or straight? Has the body always been so throughout history? This seminar will use interdisciplinary and cross-cultural lenses to examine gender, one of the most important aspects by which our bodies are categorized. We will consider the contestation of “gender” in the context of decolonial critique and conservative “anti-Gender” backlash; and will read a wide range of texts on questions such as embodiment, medicine, historiography, trans debate, and performativity. 351",88,575,0,Topic 0,8.85206,1.0975827
course_0255,Course Catalog,Course Descriptions,Chinatowns: A Cultural History (4 credits),GCULS,GCULS 303,Chinatowns: A Cultural History (4 credits),4.0,352,"This course explores the intersection of space and ethnicity through the myriad ways Chinatown has circulated as memory, fantasy, narrative, and myth in the dominant cultural imagination. Through this exploration, the course engages the lived realities of overseas Chinese communities, placing them in the broader context of Asian American history. It aims to show how changing conceptions of “Chineseness” have productively engaged with real Chinatowns from Japan to America, and the phantom Chinatowns of film and fiction. Employing multidisciplinary approaches including urban history, architecture and ethnography, the course reveals how the Chinatowns of myth and memory intersect with the lived reality of overseas Chinese communities.",105,741,1,Topic 1,11.099916,2.1705048
course_0256,Course Catalog,Course Descriptions,Chinese Culture and Ideology in the 20th Century and Now (4 credits),GCULS,GCULS 304,Chinese Culture and Ideology in the 20th Century and Now (4 credits),4.0,352,"This course considers a variety of literary texts from the perspective of the nexus of cultures and societies in Asia, primarily on modern and contemporary China. This course exposes students to cultural and literary expressions and representations of modern China from the beginning of the 20th century to the present. It explores issues of politics and ideology and the formation of Chinese exceptionalism. The class is divided into two parts: 1. The beginning of the 20th century (1900-1949) and the Mao era (1949-1976); 2. Contemporary China since the era of reform and opening up (1978- present). The course takes comparative, interdisciplinary approaches of intellectual and cultural history, literary and cultural studies, and political science. It aims at unraveling the complex relationship of political, ideological formations and cultural, intellectual movements in modern China within the global context of Asia and beyond.",140,935,1,Topic 1,11.602759,1.8833929
course_0257,Course Catalog,Course Descriptions,Junior Seminar: Advanced Topics (4 credits),GCULS,GCULS 390,Junior Seminar: Advanced Topics (4 credits),4.0,352,This seminar is a core component of the interdisciplinary major in Global Cultural Studies. Students will apply to interdisciplinary topics the knowledge and methods of analysis that they have gained in different disciplines. Students will re-connect with the broader community of faculty and students in their major and further develop their capacities to translate between their areas of expertise and the larger questions and issues that apply across a variety of disciplines. The seminar will foster the ability to see their disciplinary knowledge from a wider perspective and to apply it flexibly. Specific topics will vary. This seminar is required for all juniors in the major. Other students may enroll with the permission of the instructor.,116,749,0,Topic 0,7.376771,1.8203863
course_0258,Course Catalog,Course Descriptions,"Games and Culture: Politics, Pleasure and Pedagogy (4 credits)",GCULS,GCULS 401,"Games and Culture: Politics, Pleasure and Pedagogy (4 credits)",4.0,352,"Everyone plays games. All the time. But how well can people “read” the games they play? What roles do culture, race, gender, class or ideology “play” in games? In this course students will read games as cultural texts. Topics will include how games engage broader cultural and political themes; how prevailing cultures and values affect design, popularity, and even user experience; 352 the relation between role-playing and questions of identity, ethics, group behavior, and politics. In this course students will play many games. But they will also ask: Do we play the game, or does the game play us?",99,602,5,Topic 5,9.180817,4.4265
course_0259,Course Catalog,Course Descriptions,Digital Tribes (4 credits),GCULS,GCULS 402,Digital Tribes (4 credits),4.0,353,"This course tracks digital life and creative expression of groups online in a close study of images, captions and hyperlinked tags. It examines rituals, symbols and cultural patterns that structure everyday life of digital tribes online and investigates impact of digital and social media (Weibo, Twitter, Instagram Facebook, livestreaming apps) on the constitution of communities online and offline. Studying varied array of digital tribes: tribes of the deaf, of oil rig workers, of Hindu worshippers, of prison wives and laptop entrepreneurs, students learn about underlying myths, rituals, and cultural symbols that connect groups of people online.",96,652,5,Topic 5,9.311848,5.5845056
course_0260,Course Catalog,Course Descriptions,The Curatorial: Theory and Practice (4 credits),GCULS,GCULS 405/MEDIART 405,The Curatorial: Theory and Practice (4 credits),4.0,353,"Is everyone a curator? The etymological meaning of to curate – to take care of – has become, with the ever-expanding meaning of art and exhibition making, both central to and contested by practitioners who carefully conceptualize, comment, organize, and show art. In this course, we ask fundamental questions of what curation does and should do. We will: 1. Look at different theories of curation, illustrated by exemplary exhibitions across the world, 2. Learn about curation in its multifaceted practicalities, 3. Critically assess new trends in curation and artistic practices at large, 4. Have opportunity to curate art exhibitions and/or cultural events on campus. Prerequisite: Consent of the Instructor",109,709,5,Topic 5,10.702665,4.3296795
course_0261,Course Catalog,Course Descriptions,Senior Seminar: Advanced Topics (4 credits),GCULS,GCULS 490,Senior Seminar: Advanced Topics (4 credits),4.0,353,This seminar is a core component of the interdisciplinary major in Global Cultural Studies. Students will apply to interdisciplinary topics the knowledge and methods of analysis that they have gained in different disciplines. Students will re-connect with the broader community of faculty and students in their major and further develop their capacities to translate between their areas of expertise and the larger questions and issues that apply across a variety of disciplines. The seminar will foster the ability to see their disciplinary knowledge from a wider perspective and to apply it flexibly. Specific topics will vary. This seminar is required for all seniors in the major. Other students may enroll with the permission of the instructor. 353 Courses with Course Subject: Global Health (GLHLTH),124,805,0,Topic 0,6.9060383,1.5464151
course_0262,Course Catalog,Course Descriptions,Introduction to Global Health (4 credits),GLHLTH,GLHLTH 101,Introduction to Global Health (4 credits),4.0,354,"This course introduces students to the essential features of global health from the varying perspectives of natural science, social science, and the humanities, drawing from a variety of conceptual frameworks at different scales (individual, community, country, and global). This course examines the global burden of diseases, how this burden is measured, and debate the utility of interventions used for disease mitigation and prevention. This course also introduces the state of the world’s global health infrastructure and explores how that infrastructure might or should adapt to the future world.",88,601,3,Topic 3,6.45549,1.2921003
course_0263,Course Catalog,Course Descriptions,Novel Coronavirus: Epidemics and Response in the Age of Global,GLHLTH,GLHLTH 105,Novel Coronavirus: Epidemics and Response in the Age of Global,2.0,354,"Interdependence (2 credits) The novel coronavirus outbreak has put public health onto the front pages of newspapers worldwide. However, the daily news cycle is hardly the best way to digest issues that require a contextual understanding of epidemiology, virology, history, sociology, and health humanities. This course will use the outbreak as a starting point for a multidisciplinary and interdisciplinary analysis that brings together diverse methodologies to gain a broader understanding of the crisis, its origins, and how to address it. Students will engage in intercultural collaboration and develop skills in problem solving and information literacy through readings, weekly class activities, and a culminating team project. Leading experts from various fields will engage the class in live, interactive participatory sessions. The course will be conducted fully online and will be cross listed between Duke Kunshan University and Duke University, allowing undergraduates from the two institutions to exchange ideas and learn from one another.",152,1050,5,Topic 5,6.8192973,1.5800899
course_0264,Course Catalog,Course Descriptions,Global Health Ethics (4 credits),GLHLTH,GLHLTH 201,Global Health Ethics (4 credits),4.0,354,"This course introduces students to ethical theories and frameworks in the context of historical and current issues in global health. As part of this context students learn about best practices and standards of care in clinical settings, so that they can make cross-cultural and transnational comparisons and use these to set up difficult ethical questions about health disparities. The course emphasizes self-reflection, cultural sensitivity, and flexibility in thinking about ethical issues in a globalized world. In the context of historical and current issues, students analyze and critique the choices of multinational, national, and local policymakers; clinicians; and researchers, with an eye to the impact these choices have on individuals, families, and communities. Students also explore ethical issues of conducting research on or working with marginalized/stigmatized populations, using case studies and the theoretical frameworks introduced in the course. Students are encouraged to think creatively about the relationship between ethics and health and to explore solutions to what appear to be ethical dilemmas in a variety of contexts. Topics include human 354 rights and development; the ethics of aid; differential standards of care; protection of human subjects; access to essential medicines; genetic information and confidentiality; pharmaceutical development; health information technology; placebo controlled trials; best outcomes vs. distributive justice.",206,1477,0,Topic 0,6.741764,1.371337
course_0265,Course Catalog,Course Descriptions,Media and Health Communication (4 credits),GLHLTH,GLHLTH 202,Media and Health Communication (4 credits),4.0,355,"This course examines health communication theory, research, and practice. Major topics include the impact of media on health and behavior; use of mass, new, and social media strategies for health promotion, patient-provider communication; and the role of culture in health communication campaign design. Students should have basic understanding of social science research methods. Students will develop the skills necessary to use media strategically to advance public health policies and social change. The course covers the design, implementation and evaluation of media campaigns to promote public health goals and examines theories and research on media influences with respect to its potential harmful effects on wellbeing. Students will design a digital media- based health communication campaign.",114,803,5,Topic 5,9.063002,5.5452127
course_0266,Course Catalog,Course Descriptions,Social Determinants of Health (4 credits),GLHLTH,GLHLTH 205,Social Determinants of Health (4 credits),4.0,355,"This course introduces students to the major social factors that affect public health at both the global and national level. Globally, students study a wide range of topics from the health impact of global income inequality, gender, and access to education, to the role of specific work place policies, among other topics. Lectures introduce a social variable (such as race or gender), discuss its theoretical underpinnings, and then link it to the current empirical evidence to health outcomes. Students learn to analyze the strengths and weaknesses of the empirical evidence. The course considers the implications for intervention strategies and policy, with a focus on applicability to lower and middle-income country settings. Students also study how social factors influence health and wellbeing, with a particular focus on national context in specific countries. Topics could include obesity, aging, socioeconomic disadvantage, access to health insurance, public health systems, the role of the media, and racial/ethnic and gender inequalities. The course provides descriptive assessments of health inequalities and analytic examinations of the mechanisms through which social factors affect health.",175,1205,6,Topic 6,6.8311954,1.224187
course_0267,Course Catalog,Course Descriptions,Ecosystem Health and Human Well-Being (4 credits),GLHLTH,GLHLTH 280,Ecosystem Health and Human Well-Being (4 credits),4.0,355,"Explores interactions between ecosystem health and human well-being in context of global change and human population growth. Effects of climate change on food supply, water availability, land degradation and human well-being; impact of species distribution, disease spread, and human health; ecosystem services and human well-being. Case studies used to illustrate the scientific process and to evaluate supporting evidence. 355",59,428,3,Topic 3,5.617599,0.5095199
course_0268,Course Catalog,Course Descriptions,Global Health Research Methods (4 credits),GLHLTH,GLHLTH 301,Global Health Research Methods (4 credits),4.0,356,"This course introduces research methods in global health. Global health is a multi-disciplinary field, so the course considers approaches common to the behavioral and social sciences, public health, and medicine. Primary interest is the study of causal inference. Global health researchers, practitioners, and donors need to know what programs and interventions “work” and why. To answer questions of impact, the course explores randomized controlled trials, a mainstay of medical research, and spends significant time helping students understand the rationale, process, and limitations of field experiments. Randomization is not always possible or advisable, however, and researchers must build a causal argument using non-experimental methods. The course reviews several approaches, considers relevant threats to causal inference, and discusses how to improve non-experimental research designs. The course also covers research basics, such as developing and testing theory, asking good questions, understanding variability, designing good measurement, and selecting research participants. The latter part of the course turns to more specialized topics in global health research, such as cost effectiveness, community based participatory research, research on humanitarian aid, and monitoring and evaluation. Students will learn how to evaluate published and unpublished research and how to design a global health research project. Prerequisite(s): GLHLTH 101 or Consent of the Instructor",204,1489,6,Topic 6,6.575085,1.3363903
course_0269,Course Catalog,Course Descriptions,Global Comparative Health Care Systems (4 credits),GLHLTH,GLHLTH 303,Global Comparative Health Care Systems (4 credits),4.0,356,"This course introduces students to the components of health systems (populations, financing, payment, workforce, service delivery, information, medicines and technologies, governance) as they appear in various health system frameworks, and to the ways in which these components and their combinations vary from country to country around the world. The course focuses on comparisons across countries at the same economic level (high-, middle-, and low-income), as well as on comparisons across levels. The course also considers how to assess health system performance, with attention to how measures of performance are invariably tied to often implicit and varying conceptions of health from country to country and culture to culture. Students will learn about the most significant challenges facing health systems within each economic level and about successes and failures in meeting these challenges with health system reforms. The latter part of the course introduces students to the role of politics and policy in strengthening health systems. Throughout the course, students learn not only about health systems but also about what systems (physical, biological, social) are, how they function, and about how systems thinking can be applied fruitfully to the study of health systems. Prerequisite(s): GLHLTH 101 356",195,1319,6,Topic 6,6.7609987,1.2210263
course_0270,Course Catalog,Course Descriptions,Global Health Governance and Policy (4 credits),GLHLTH,GLHLTH 304,Global Health Governance and Policy (4 credits),4.0,357,"This course introduces global health governance and policy in four modules: 1. Globalization; 2. Health; 3. Governance; 4. Policy. Draws on faculty from a range of disciplines, including anthropology, biology, economics, history, medicine, political science, public policy, and sociology, to situate the concept and practice of “global health” within these four broad themes. This course introduces students to the primary governmental, intergovernmental, private, and civil society actors in global health, and provides an understanding of current issues in global health policy, including the political economies of health care, decision-making processes, governance structures, and the resource-constrained realities of global health policy-making. Prerequisite(s): GLHLTH 101",103,779,6,Topic 6,6.6846137,1.2906687
course_0271,Course Catalog,Course Descriptions,Biological Basis of Disease (4 credits),GLHLTH,GLHLTH 305,Biological Basis of Disease (4 credits),4.0,357,"This course covers the basics of the structure and function of major organ systems of the human body in health and disease. The course is geared towards any students who are interested in learning more about how the human body works, how disease develops, and how mind-body connections can alleviate the progression of a disease process. Prerequisite(s): GLHLTH 101; and INTGSCI 101 or BIOL 110",65,394,3,Topic 3,5.3314867,2.148627
course_0272,Course Catalog,Course Descriptions,Evolution of Health and Disease (4 credits),GLHLTH,GLHLTH 306,Evolution of Health and Disease (4 credits),4.0,357,"Covers evolutionary approaches to understand human health and disease at a global scale. Integration of evolutionary thinking and medical science provides new insights to a wide array of medical issues including obesity, cancer, allergies, and mental illness. Evolutionary perspectives reveal why some pathogens are more harmful than others, shed light on the origins and spread of infectious diseases in humans, and help in controlling antibiotic resistance. Evolutionary approaches provide insights as to why we age and provide solutions to alleviate human health problems that often differ from modern medical practice. Course will place these perspectives in the context of global health challenges. Prerequisite(s): GLHLTH 101; and INTGSCI 101 or BIOL 110",111,760,3,Topic 3,5.624261,1.2375728
course_0273,Course Catalog,Course Descriptions,Global Mental Health (4 credits),GLHLTH,GLHLTH 307,Global Mental Health (4 credits),4.0,357,"Course examines global mental health from perspectives of culture, public health, epidemiology, human rights, policy, and intervention. Readings in the course focus on peer-reviewed research literature highlighting topics such as the prevalence of mental health disorders worldwide, the role of culture in mental health, and the interventions backed by strong evidence for prevention and 357 treatment. Students will discuss and critique study methodologies and explore the needs for future research in this emerging field. Course is designed for students with prior research methods and psychology coursework. Prerequisites: GLHLTH 101; and either SOSC 102 or GLHLTH 301",96,671,0,Topic 0,6.7841773,1.4899529
course_0274,Course Catalog,Course Descriptions,Global Disease Control Programs and Policies (4 credits),GLHLTH,GLHLTH 310,Global Disease Control Programs and Policies (4 credits),4.0,358,"This course presents the history, social and political context, organization, technical content, funding and evaluation of current, major, global initiatives for disease control. This course emphasizes programs focused on health problems of the developing world and includes, initiatives for vaccines and immunization, non-communicable diseases, safe motherhood and reproductive health, malaria, Neglected Tropical Diseases, HIV, emerging infectious diseases, TB, tobacco control, nutritional interventions and injury control. This course also examines the process of policy formulation and resource allocation to international health and disease control.",83,655,3,Topic 3,6.2197433,1.3790867
course_0275,Course Catalog,Course Descriptions,Introduction to Epidemiology (4 credits),GLHLTH,GLHLTH 311,Introduction to Epidemiology (4 credits),4.0,358,"Introduces students to the main concepts and methods used in population-based epidemiology research. Topics covered include measures of disease frequency, study design, measures of association, and problems of bias, especially as they pertain to global health research. Students will learn to understand and evaluate epidemiological studies. Introduction to main concepts and methods used in population-based epidemiology research. Topics include measures of disease frequency, study design, measures of association, and problems of bias, especially as they pertain to global health research. Students will learn to understand and evaluate epidemiological studies. Prerequisite(s): GLHLTH 101",92,692,3,Topic 3,6.524924,1.4833663
course_0276,Course Catalog,Course Descriptions,Global Aging and Care (4 credits),GLHLTH,GLHLTH 312,Global Aging and Care (4 credits),4.0,358,"This course explores the tremendous variation in how people experience aging and care systems & practices across the globe. Drawing perspectives from sociology, anthropology, demography, political economy, public health, and humanities, this course helps students gain a solid understanding of the current global patterns in aging, the opportunities and challenges with regard to care posed by aging populations, and how societies approach the wellbeing and welfare of the elderly population in the Global North and the Global South. Students will also have the opportunity to develop an original research paper while receiving extensive peer and instructor feedback. Prerequisite(s): GLHLTH 101 recommended 358",102,711,4,Topic 4,6.9158015,1.2173859
course_0277,Course Catalog,Course Descriptions,Fundamental Immunology (4 credits),GLHLTH,GLHLTH 409/BIOL 409,Fundamental Immunology (4 credits),4.0,359,"This course introduces the fundamentals of immunology, from cellular, molecular, and biochemical aspects of the healthy immune system to disease and treatments involving immunization, immunodeficiency, and autoimmunity. Another focus of this course is to introduce the application of immune molecules in diagnosis and clinical therapeutic, such as manipulating the immune system for cancer treatment and vaccine development. In this course, students will develop critical reading skills in research papers related to fundamental immunology and be able to understand the application of various experimental approaches to study human immune diseases and identify novel drug targets. Prerequisite(s): BIOL 201 and BIOL 202",100,719,3,Topic 3,5.2416487,1.7702777
course_0278,Course Catalog,Course Descriptions,Principles of Nutrition and Disease (4 credits),GLHLTH,GLHLTH 410/BIOL 410,Principles of Nutrition and Disease (4 credits),4.0,359,"Nutrition is becoming ever more central to our understanding of virtually all metabolic processes. Its biological basis offers insight into the mechanisms by which diet influences human health and disease. This course explores the physiological functions and dietary sources of macro and micronutrients and how the nutrients impact the cellular processes in type 2 diabetes mellitus, cardiovascular, stroke, obesity, child obesity Alzheimer’s, food allergies, cancer, stomach ulcers, osteoporosis, Crohn’s disease, kidney and liver disease, linking them to immunology and biochemical pathways. Prerequisite(s): BIOL 110",84,619,3,Topic 3,4.8290434,1.5712733
course_0279,Course Catalog,Course Descriptions,Vaccine Development for Emerging Infectious Diseases (4 credits),GLHLTH,GLHLTH 411/BIOL 411,Vaccine Development for Emerging Infectious Diseases (4 credits),4.0,359,"This course investigates the role of vaccines in preventing diseases and explore case studies that demonstrate successful strategies. The course will focus on emerging and remerging infectious diseases, the background of vaccine manufacturing, old versus new technology of vaccines development including mRNA, DNA vaccines. Pharmacovigilance, efficacy, vaccine safety, public health. In addition, models that are currently used to predict mutations for vaccine development and the pathway to EUA, licensure and beyond. Prerequisite(s): BIOL 110, CHEM 101 359 Courses with Course Subject: History (HIST) HIST 20 Basic Art History (4 credits) Credit for Advanced Placement on the basis of the College Board examination in art history. HIST 21 World History (4 credits) Credit for Advanced Placement on the basis of College Board examination in World History HIST 23 American History I (4 credits) Credit for Advanced Placement on the basis of College Board examination in American History (score of 4 or 5) or equivalent HIST 24 American History II (4 credits) Credit for Advanced Placement on the basis of College Board examination in American History (score of 4 or 5) or equivalent HIST 25 European History I (4 credits) Credit for Advanced Placement on the basis of College Broad examination in European History (score of 4 or 5) or equivalent HIST 26 European History II (4 credits) Credit for Advanced Placement on the basis of College Broad examination in European History (score of 4 or 5) or equivalent",237,1509,3,Topic 3,5.523618,1.7284601
course_0280,Course Catalog,Course Descriptions,Ancient Chinese History and Philosophy (4 credits),HIST,HIST 101/PHIL 102,Ancient Chinese History and Philosophy (4 credits),4.0,360,"This course examines the origin stories of Chinese civilization as found in the historical documents and archeological evidence from the Warring States period. Students use primary source material and historical evidence to interpret the philosophical theories of Confucius, Mozi, Laozi, Zhuangzi, and Han Feizi in their historical, social and political contexts, with special regard to their understanding of the state, the role of government, the military, and civil education.",69,479,1,Topic 1,11.888121,1.9883856
course_0281,Course Catalog,Course Descriptions,Medieval Chinese History (4 credits),HIST,HIST 102,Medieval Chinese History (4 credits),4.0,360,"This course examines what Hu Shi has called the “Indianization” of China. It traces the import of Buddhist ideas, values and practices from India and central Asia, and their impact on Chinese 360 society, religion and politics. It examines the notion of China as multireligious, multiethnic empire and considers the transition from political diversity in the Six Dynasties period to renewed unity in Sui and Tang dynasties. With Chang’an (Xi’an) as the capital of a culturally rich and diverse China, the course examines the impact of a newly discovered inner-Asian cosmopolitanism on Tang aristocracy, culture, religion and politics.",98,634,1,Topic 1,11.453611,1.6562225
course_0282,Course Catalog,Course Descriptions,Premodern Chinese History (4 credits),HIST,HIST 103,Premodern Chinese History (4 credits),4.0,361,"The course introduces the foundations of modern China from the Song Dynasty up through the late imperial period (about 1800 CE to 1911). It will cover the major historical events, developments, and trends -- social, political, economic, philosophical, literary, cultural, multi-ethnic, and China’s relations with the other regions. The main focus of the course will be on primary sources, which include dynastic histories, historical biographies, novels, folktales, satires, poetry, contracts, ritual manuals, diaries, letters, scientific treatises, philological studies, and court debates. This course will take an interdisciplinary approach, integrating history with literary studies, philosophy, and anthropology, in order for student to better understand these texts in their historical context.",109,799,1,Topic 1,11.890377,2.0489755
course_0283,Course Catalog,Course Descriptions,American History to 1876 (4 credits),HIST,HIST 104,American History to 1876 (4 credits),4.0,361,"This course will survey the history of the present-day United States from precolonial times (pre- 1500) to 1876. This was a tumultuous era of American, and world history, fraught with conquest and enslavement, revolutions and civil wars, mass migrations and democratization. This course will particularly investigate indigenous societies, European colonization and African slavery, the American Revolution and the founding of the US nation-state, social movements, sectional conflicts, expansionism and the American Civil War, as well as the reconstruction of American democracy in the wake of the Civil War. Throughout, the course will emphasize the place of the US in global history, the growth of American capitalism, tensions between race and democracy, and the various contributions of women, slaves, merchants, planters, Native Americans, and workers to American culture and politics.",129,890,4,Topic 4,9.886668,1.5859431
course_0284,Course Catalog,Course Descriptions,American History from Reconstruction to the Present (4 credits),HIST,HIST 105,American History from Reconstruction to the Present (4 credits),4.0,361,"This course will survey the history of the United States, from the downfall of Reconstruction (1877) to the present day. Globally, this era was marked by industrialization, the consolidation and collapse of colonial empires, World Wars, socialist revolutions, decolonization, and the emergence of the United States as the world’s pre-eminent geopolitical and economic power. This course will investigate America’s place within these global transformations. It will explore the rise of America’s industry and the expansion of its frontiers (both within and beyond North America). It will explore the impact of immigrants from across the world upon American society. It will explore America’s role in two World Wars and the global Cold War. It will also examine the shifts in American politics, 361 from the expansion of women’s rights, labor rights, and African American rights, to the New Deal and Neo-Conservatism, to Barack Obama and Donald Trump.",146,949,4,Topic 4,9.842452,1.5272694
course_0285,Course Catalog,Course Descriptions,European Art History 1 (4 credits),HIST,HIST 106/ARTS 106,European Art History 1 (4 credits),4.0,362,"Rather that aiming at a comprehensive survey, this course offers an introduction to key moments in the intersection of history, politics and visual art in the world before 1900s. It places art in a global context, highlighting themes from European, Asian, African and Indigenous art and focuses on art as the exercise of cultural power, and the way that artists have both promoted and resisted these entanglements with elite authority. In each case studied, students will gain sufficient historical background to understand the art in question, but will also engage in the comparative study of art to highlight issues of power, religion, class, and gender.",105,656,5,Topic 5,10.695676,4.2049565
course_0286,Course Catalog,Course Descriptions,Shanghai Nightscapes: A Nocturnal History of the City (2 credits),HIST,HIST 108,Shanghai Nightscapes: A Nocturnal History of the City (2 credits),2.0,362,"This interdisciplinary course combining the fields of history, sociology, urban studies and urban ethnography examines Shanghai, China’s most modern and dynamic city since the 19th century, through the lens of its nighttime leisure pursuits. It explores how the city’s nightlife has contributed to its identity and image as a global cosmopolitan metropolis.",52,357,1,Topic 1,11.469848,2.2678
course_0287,Course Catalog,Course Descriptions,"Everyday Maoism in Objects: Revolution, Culture, and Life (2 credits)",HIST,HIST 109,"Everyday Maoism in Objects: Revolution, Culture, and Life (2 credits)",2.0,362,"This course explores everyday life in Maoist China through the perspective of material culture. Objects, such as the Red Book, Mao badges, propaganda posters, statues, and wall paintings, were produced in and of importance to the Mao era. Everywhere in people’s daily life, these objects constituted a crucial component of the social, economic, and political order under Mao. Drawing on the combination of archival sources, digital materials, and secondary literature, this course looks at the creation, transformation, and implication of Maoist material objects and their connections to contemporary China. Students have opportunities to sharpen their writing and analytical skills through a series of innovative writing assignments.",106,734,1,Topic 1,11.76846,2.3814197
course_0288,Course Catalog,Course Descriptions,Historical Perspectives on Contemporary Global Issues (4 credits),HIST,HIST 110,Historical Perspectives on Contemporary Global Issues (4 credits),4.0,362,"This course takes a comparative historical approach to contemporary global issues in various temporal and geographical contexts. Students will focus on issues that emerged in the modern era and may include such topics as terrorism and national security, environmental protection and degradation, resource distribution and trade, health and welfare, and cultural and religious diversity. Students explore the nature of historical change and continuity and will apply historical methods of research and analysis as they investigate the formation and development of particular global issues. The specific case studies and themes in the course will vary by term and instructor. 362",99,677,4,Topic 4,9.407899,0.44042283
course_0289,Course Catalog,Course Descriptions,Ancient Roots to Global Routes (4 credits),HIST,HIST 111,Ancient Roots to Global Routes (4 credits),4.0,363,"This course explores the nature of historical change and continuity between the pre-modern era and our current era of global connectivity, taking students from ancient roots to global routes. Instead of a chronological survey, the focus is on broad subjects that cut across fields, regions, and periods. Students will have multiple opportunities to apply historical and interdisciplinary methods of research and analysis to investigate the formation and development of particular global issues and compare historical and contemporary perspectives on these issues. Topics will vary by term and instructor.",88,604,4,Topic 4,9.483215,0.3859465
course_0290,Course Catalog,Course Descriptions,History of the Indian Ocean World (4 credits),HIST,HIST 112,History of the Indian Ocean World (4 credits),4.0,363,"The Indian Ocean world encompasses a vast geographical area from the East African coasts to the islands of South China Sea. As the oldest site of “globalization”, people and commodities moving across this ocean had played key roles in the spread of religion, highroads of commerce, and geo- politics of empire. Taking the period between 2500BCE and 1900CE as our point of reference we will study, the various approaches employed by historians towards writing the history of the Indian Ocean world. We will learn the various ways of thinking of Indian Ocean as a region and to periodize it.",99,589,4,Topic 4,10.3439045,0.4019131
course_0291,Course Catalog,Course Descriptions,"Peoples and Cultures of Ancient South Asia, 3500BCE-1750CE (4 credits)",HIST,HIST 113,"Peoples and Cultures of Ancient South Asia, 3500BCE-1750CE (4 credits)",4.0,363,"Peoples of South Asia have produced one of the oldest and ever evolving cultures of the world. This course will survey the history of the region from the earliest times to the eve of European conquest. We will learn the historical development of various religious traditions, the state formation processes, and the socio-political institutions that are foundational to South Asian history. In tracing the development of agrarian and urban societies, economic and ecological transformations, formation of various ethnic/religious/linguistic identities and inequalities, we will pay special attention to South Asia’s interactions with the wider world.",94,649,1,Topic 1,10.586259,0.5231646
course_0292,Course Catalog,Course Descriptions,Conflicts and Resolutions Modern South Asia (4 credits),HIST,HIST 114,Conflicts and Resolutions Modern South Asia (4 credits),4.0,363,"South Asia, the most populous part of the world, also boasts of the most diverse population. We will learn the history of modern South Asia through an exploration of South Asian society in under British colonial rule and the problems of South Asia’s post-coloniality. Topics will include colonial extraction, racism, communal warfare, casteism, anti-colonial struggles, trade unionism, women’s movements and anti-caste movements. Finally, keeping in mind that people did not form any monolithic category, we will study the varying nature of people’s identities and resistances, and their position in the imperial formation and the nation state. 363",97,648,1,Topic 1,10.644733,0.6462752
course_0293,Course Catalog,Course Descriptions,"Brides of the Sea: Trading Cities in the Indian Ocean World, 200BCE to 2000CE (2",HIST,HIST 115,"Brides of the Sea: Trading Cities in the Indian Ocean World, 200BCE to 2000CE (2",,364,"credits) Seaborne trade linked the port cities of the Indian Ocean World and Southeast Asia to each other and the world beginning as early as 200BCE. Our class will examine the rise and fall of Asia and Africa’s coastal trading cities; the transcultural character of Indian Ocean trading entrepot; the life of merchants; labor migration; and cultural and religious exchange. Student will explore ancient and modern networks of interconnections through group projects on one or more of the global commodities that animated Asian trade, such as silk, slavery, cinnamon, opium, rubber, prostitution, nutmeg, palm oil, bird’s nests, black pepper, etc.",100,647,1,Topic 1,10.456132,0.42684054
course_0294,Course Catalog,Course Descriptions,Mughal India Through the Eyes of European Travelers (2 credits),HIST,HIST 116,Mughal India Through the Eyes of European Travelers (2 credits),2.0,364,"This course will survey the history of one of the greatest empires in Indian history, the Mughal empire through the lens of European travel writing between the fifteenth and eighteenth centuries. Some of the questions we will explore are: How are European travelogues important sources for studying Indian history? Is European perspective on Indian society monolithic or is there a variety of European perspectives? Apart from introducing basic history of Mughal India, the course will explore themes such as early Orientalism and the history of the early modern world.",89,569,0,Topic 0,10.1125,0.4701788
course_0295,Course Catalog,Course Descriptions,Sounds and the Chinese City: Live Music Scenes in Urban China (2 credits),HIST,HIST 117,Sounds and the Chinese City: Live Music Scenes in Urban China (2 credits),2.0,364,"This interdisciplinary course explores the live music scenes of cities in China today and the history of those scenes over the past century. Focusing on the urban space of the live house featuring jazz, blues, rock, hip hop, electronica, and DJs, we will delve into these scenes and styles of music. Major topics touched upon in this course include globalization, localization, creative cultures and industries, and musical communities and scenes. Cities covered in this course will include Beijing, Shanghai, Kunshan, and Suzhou. Writing assignments will focus on analyzing particular scenes based on research and observations.",95,628,1,Topic 1,11.2234125,2.7419934
course_0296,Course Catalog,Course Descriptions,The American Empire (2 credits),HIST,HIST 118,The American Empire (2 credits),2.0,364,"Is the United States an empire? It once colonized the Philippines but then distanced itself from colonial empire at the end of World War II. Ever since, it has wielded power through its overseas military base network and its system of alliances with foreign countries. The objective of this course to engage in a thoughtful, informed discussion about how Americans have interacted with the larger world, and how other peoples have grappled with U.S. power. Students will be asked to formulate their own conclusions about the nature of U.S. power by reading and assessing a variety of scholarly interpretations. 364",100,614,4,Topic 4,10.120122,1.3350154
course_0297,Course Catalog,Course Descriptions,The Birth of the Modern Middle East: 1918-1930 (2 credits),HIST,HIST 119,The Birth of the Modern Middle East: 1918-1930 (2 credits),2.0,365,"This course examines the cultural, military and political developments of the Middle East in the very first decade of the post-First World War, in other words the post-Ottoman, period. Via their engagements with the readings and developing critical analyses, the course will expand students’ perspective on the various issues of the early post-Ottoman Middle East.",55,364,0,Topic 0,9.305576,-0.06538678
course_0298,Course Catalog,Course Descriptions,Pan-Africanism: Global Story of an Idea (2 credits),HIST,HIST 121,Pan-Africanism: Global Story of an Idea (2 credits),2.0,365,"Pan-Africanism began as an idea among ex-slaves and antislavery reformers in America, who believed that Africans and people of African descent across the world had common histories, common experiences, and common struggles against various forms of racism and marginalization. Pan-Africanism, which meant different things to different people, would go on to influence numerous intellectuals and social movements, from Negritude poets to African/Caribbean Independence and the American Civil Rights Movement. This course would survey the growth of this idea in a variety of facets, by looking at is influence upon history-writing, philosophy, poetry, political thought and social movements.",97,688,4,Topic 4,10.042207,1.5645434
course_0299,Course Catalog,Course Descriptions,World History in Seven Meals (2 credits),HIST,HIST 122,World History in Seven Meals (2 credits),2.0,365,"This course offers a study of global history using food as a central focus. The course will center on a series of meals as case studies to examine broader themes, such as human environmental modification and exchange, the role of trade and migration in human history, the powerful influence of identity, and the gendered nature of labor roles in food production and preparation. Students will focus on these themes in various regional and national contexts to identify global patterns in the development of food cultures, and to engage in comparative analyses.",91,560,4,Topic 4,9.574278,0.621041
course_0300,Course Catalog,Course Descriptions,"All Around Us – Technology, Infrastructure, and History (2 credits)",HIST,HIST 123,"All Around Us – Technology, Infrastructure, and History (2 credits)",2.0,365,"All around and yet invisible: infrastructure. Modern life would be unimaginable without energy, communication, and transport networks. This 2-credit-writing course explores the centrality of infrastructure for human life. By looking at themes such as urban life, travel, disaster, and the environment, students will learn how infrastructures have shaped the way we live, think, and communicate. Students will identify how technologies improved lives and created new challenges. Participants in this class will receive guidance for developing short written pieces. Their brief final paper will draw from our discussions and comment on any topic they are eager to explore further during their time at DKU. 365",104,707,5,Topic 5,10.254577,3.3916357
course_0301,Course Catalog,Course Descriptions,Methods of Historical Research (4 credits),HIST,HIST 201,Methods of Historical Research (4 credits),4.0,366,"This course offers an introduction to theories, methods and approaches to historical inquiry and research including the use of archives, the interpretation of visual and textual documents, and the recording of oral histories. Students will be exposed to both the humanist and the social scientific approaches to historical research, as well as broader theoretical questions of history and historiography. As such, students learn what is history, how is it made, and what constitutes valid scholarly approaches to historiography. Students will apply their learning by conducting original historical research on a topic of their own choosing and writing a research paper.",100,669,4,Topic 4,9.707425,0.5059013
course_0302,Course Catalog,Course Descriptions,Global Interactions in Historical Perspective (4 credits),HIST,HIST 202,Global Interactions in Historical Perspective (4 credits),4.0,366,"This course offers a survey of the history of the world, by which is meant a historical overview of major processes and interactions in the development of human society since its early development some 60,000 years ago, going beyond the fundamental questions and concerns of area studies (such as East Asian studies, South Asian studies). In explaining the large-scale processes such as empire building, commerce and religious practices, this course will show how various forms of human interactions, especially migration played a key role. This course will provide deep historical understanding for some of the pressing issues of the contemporary world such as migration, globalization, and imperialism.",107,704,1,Topic 1,10.227736,0.46916756
course_0303,Course Catalog,Course Descriptions,"America in Asia, Asians in America (4 credits)",HIST,HIST 203,"America in Asia, Asians in America (4 credits)",4.0,366,"This course explores the intersection between foreign relations and the evolution of American society, with a focus on Asian-Americans in different moments of history. It is divided into three main historical eras and themes: (1) the early period of Chinese emigration and the building of American railroads until the Exclusion Acts; (2) Japanese-American society before and after Pearl Harbor; (3) Chinese Americans in modern American science, engineering, and innovation. Through the use of representative cases, the course trains students to understand the lives of Asian Americans in relevant historical, cultural and political contexts.",93,641,1,Topic 1,10.867893,1.5808012
course_0304,Course Catalog,Course Descriptions,Asia in World History (4 credits),HIST,HIST 204,Asia in World History (4 credits),4.0,366,"Asia as the largest continent of the world comprises of 30 percent of world’s land surface and 60 percent of the world’s population. But what are the parameters for understanding Asia as a unified, identifiable place? Was there ever an Asian identity in history? Is this identity cultural, economic, political or a mix of all three? Since, all identities are formed in relation to other identities, was an Asian identity formed in reaction to other forms of existing identities in the world? Taking the period between 500 CE and 1950CE as the point of reference, this course exams the above questions in reaching an understanding of what are the various ways and the various historical moments in which we can think of Asia as a shared space amongst an extremely diverse population. Moreover, 366 the course will discuss whether the historical processes that went into the creation of Asian identities were world historical in nature, or in other words, whether these processes had any effect in shaping the histories of societies both within Asia and outside of Asia. This course will aim at developing skills to evaluate to what extent we are “Asian,” “global” or otherwise and provide a foundational knowledge to interact with people and institutions within Asia and then the world.",213,1285,1,Topic 1,10.60173,0.5260845
course_0305,Course Catalog,Course Descriptions,Shanghai: From Treaty Port to Global Metropolis (4 credits),HIST,HIST 205,Shanghai: From Treaty Port to Global Metropolis (4 credits),4.0,367,"Since the late 19th century, Shanghai has emerged as the leading metropolis in China in many respects. It has served as the breeding grounds and model for the social, political, economic and cultural modernization, and urbanization of China over the century that followed. Through a combination of lectures, readings, film screenings, field trips, and research projects, this course explores the history of Shanghai and connects the colorful legacy of the treaty port era (1842-1943) with the re-emergence of Shanghai as a global metropolis since the 1990s. While focusing mainly on those two eras, which have been the subjects of the bulk of scholarship in the emerging field of “Shanghai Studies,” we also examine the relatively neglected history of Shanghai prior to the 1840s, as well as the Mao Years of 1949-1976 when Shanghai became a bastion for the violent politics of the Cultural Revolution.",144,902,1,Topic 1,11.50712,2.1045105
course_0306,Course Catalog,Course Descriptions,History of Art and Science (4 credits),HIST,HIST 207/ARTS 207,History of Art and Science (4 credits),4.0,367,"This course will provide an overview of the pioneering artists and scientists who have challenged the traditional boundaries between the artistic and technological disciplines. Its premise is that the role of the artist who engages with science and technology is not only to interpret, borrow, and communicate ideas from science and technology but also to be an active partner in determining the direction of technoscience research, knowledge, and innovation. We will survey the works and ideas of artists who have explored new interactive and interdisciplinary forms, as well as engineers and mathematicians who have developed information technologies and influential scientific and philosophical ideologies that have affected the arts.",108,737,5,Topic 5,10.48953,4.1873198
course_0307,Course Catalog,Course Descriptions,America Fractured (4 credits),HIST,HIST 208,America Fractured (4 credits),4.0,367,"Many commentators have observed that the sense of national community in the United States has declined over the past several decades. In the eyes of some critics, as political debate has polarized and as wealth has concentrated, the nation’s commitment to community responsibility, eroded by such forces as identity politics and market-based individualism, has shrunk to ever-smaller circles. This course will explore the so-called “Age of Fracture” in recent U.S. history, paying close attention to debates among public thinkers on both the political right and the political left. The course uses this material to teach students the basics of academic writing. 367",102,665,4,Topic 4,9.584641,1.8413833
course_0308,Course Catalog,Course Descriptions,Refugees and War since 1914 (4 credits),HIST,HIST 209,Refugees and War since 1914 (4 credits),4.0,368,"The twentieth century was a time of major transformations in the way war was waged. In particular, civilians were targeted and suffered from direct military and police action in such a way as to produce tidal waves of displaced persons. This course follows these refugees, seeking shelter from violence, in wartime and after. In this inquiry, we attend to the voices of refugees themselves. We focus on the terrifying threats they encountered, the actions they took, and their flight and fate during and after war. We then show the interaction between refugees and agents of empathy, those private or public actors who helped protect and restore the dignity of these victims of war.",113,682,4,Topic 4,9.880587,0.69675326
course_0309,Course Catalog,Course Descriptions,Global Art History (4 credits),HIST,HIST 210/ARTS 210,Global Art History (4 credits),4.0,368,"Art has been a part of every society since recorded history. How have the arts told stories about civilizations, ethnicities, communities and peoples? How have the arts evolved and circulated across the globe? The arts provide vital narratives in our understandings of each other as our cultures have both clashed and shared over time. This course asks these questions by focusing on visual arts across cultures not with the aim of comprehensive coverage, but representation of key issues in the interpretation of art. Students will learn how to interpret art from a critical perspective in terms of its relation to broader social, cultural and political dynamics.",106,664,5,Topic 5,10.568239,4.423815
course_0310,Course Catalog,Course Descriptions,Media History: Old and New (4 credits),HIST,HIST 211,Media History: Old and New (4 credits),4.0,368,"This course focuses on the development of various media forms in historical and social contexts. It considers the impact of old ""new"" media on established art, commerce, education, politics, entertainment from 19th c. on. Topics considered include changing ideas about authenticity, authority, agency, reception, identity, and power relating to emerging media forms, production, and circulation. The course considers overlaps, disjunctures, convergences, persistences and antiquations via case studies and examples. Technologies explored in the course include print publishing, photography, audio recording, film, telegraph, maps, exhibitions, architecture and installations alongside contemporary web, multimedia, database, game, virtual reality, and telepresence systems. Final rich media research project required.",104,817,5,Topic 5,9.271219,5.4481053
course_0311,Course Catalog,Course Descriptions,Pandemics in World History from the Black Death to COVID-19 (4 credits),HIST,HIST 212,Pandemics in World History from the Black Death to COVID-19 (4 credits),4.0,368,"The study of pandemic disease, past and present, is a call to understand our world as complexly interconnected global community. It is sustained human-to-human interaction that facilitates the spread of disease thus linking pandemics to the development of agriculture, long distance trade, and the creation of urbanized settlements. Moreover, the ever-growing desire and necessity to exploit remote resources and settle uninhabited spaces disrupts local ecologies and bring human communities into closer contact with deadly pathogens. Pandemics only make sense when studied 368 alongside the forces of globalization: trade, migration, transportation, war, colonization, exploration and economic development.",96,707,3,Topic 3,6.0305777,1.2432929
course_0312,Course Catalog,Course Descriptions,Arts of China (4 credits),HIST,HIST 217/ARTS 217,Arts of China (4 credits),4.0,369,"This survey course covers art in a variety of contexts from the foundations of Chinese civilization until the end of the imperial period in 1912 including tomb artifacts, religious images and statuary, court art, crafted objects and the painting and calligraphy of the literati. A number of themes may be addressed, such as the cross-cultural transmission of ornamentation and iconography, the ideal of scholar-amateur, the skills and techniques of the professional artisan and the connoisseurship and circulation of fine objects.",80,530,1,Topic 1,10.993845,3.8140006
course_0313,Course Catalog,Course Descriptions,Women in East Asian Art (4 credits),HIST,HIST 218/ARTS 218,Women in East Asian Art (4 credits),4.0,369,"This course explores the roles of female in art history, and their contributions in shaping East Asian societies and cultures from the 2nd century to 18th century CE. We will examine key female figures and historical events, consider how the notions of certain feminine roles became ordinary in premodern East Asia, and how women achieved the extraordinary in the male-dominated societies. Students would develop a good understanding of the material remains and artworks of the women artisans and patrons in premodern East Asia, and a global perspective through cross-cultural studies.",90,585,1,Topic 1,10.897641,3.66355
course_0314,Course Catalog,Course Descriptions,The History of the Modern Middle East: 1930-1990 (4 credits),HIST,HIST 219,The History of the Modern Middle East: 1930-1990 (4 credits),4.0,369,This course examines the geopolitical and geocultural peculiarities of the Modern Middle East by touching upon the perspectives of Orientalism and Occidentalism in the era between 1930-90. Through engagement with primary documents the course will expand students’ perspective on the various issues of the Middle East in the six decades after the 1930s.,53,352,4,Topic 4,9.250154,-0.13367964
course_0315,Course Catalog,Course Descriptions,Global Media History (4 credits),HIST,HIST 220,Global Media History (4 credits),4.0,369,"This course explores the emergence and development of different communication media in a broad social and cultural context. From the ancient Asian typewriters to modern Social Networking Service (SNS), media operate in relation to particular social, economic, and technological conditions. This course will aid students in their efforts to make sense of how communications processes have mediated and shaped our interactions with each other as well as our understanding of the world. It does so by examining specific instances of media communications in a number of key cases observed in world history and by showing how technological innovation in media communications has led to new social, cultural, and political forms. 369",111,727,5,Topic 5,9.117355,5.725833
course_0316,Course Catalog,Course Descriptions,US/China Relations (4 credits),HIST,HIST 221,US/China Relations (4 credits),4.0,370,"The relationship between China and the United States is the most important—and often the most perplexing—international relationship of our era. In order to understand present and future challenges and opportunities more fully, this course will examine the history of U.S.-China relations from 1776 to the present. Paying equal attention to perspectives from both countries, we will reconstruct the surprising, tragic, and rewarding ways Chinese and Americans have engaged with one another over the centuries. Students who complete this course will learn why mutual distrust permeates contemporary bilateral relations. They will also devise realistic pathways toward a more cooperative future.",99,692,1,Topic 1,11.065821,1.2085168
course_0317,Course Catalog,Course Descriptions,Gandhi and Moral Leadership (4 credits),HIST,HIST 250,Gandhi and Moral Leadership (4 credits),4.0,370,"Central to Mohandas Karamchand Gandhi’s thought and activism was the principle of “moral force.” It formed the basis of his unique method of activism, satyagraha (quest for truth), his concept of non-violence, his life-style choices including vegetarianism, his idea of religion and politics, state-building and economics. This course explores the various meanings of the “moral force” in Gandhian thought and examines its salience within the history of the political milieu – especially, anti-colonial movements in India that he belonged to. This course also discusses the legacies of Gandhi and the relevance of his “moral force” for the twenty-first century world.",100,667,0,Topic 0,10.06127,0.6153202
course_0318,Course Catalog,Course Descriptions,China in Global Perspective 1: China and the Silk Roads World: 500-1500 (4 credits),HIST,HIST 301,China in Global Perspective 1: China and the Silk Roads World: 500-1500 (4 credits),4.0,370,"This course introduces the rich and diverse world of trade, religions, and cultures that connected the two ends of the Eurasian world. It starts with survey of Han and Roman trade contacts, and Chinese connections with India via Buddhism, focusing on 7th-15 centuries CE. It examines global interactions produced by the land-based silk routes, including the coming of Islam and Nestorian Christians to China, and travelers to China during the vast Mongol Empire including Marco Polo. It also documents the opening of maritime silk routes through the voyages of the Chinese admiral Zheng He to Africa at the beginning of the 15th century.",103,637,1,Topic 1,10.473362,0.36901376
course_0319,Course Catalog,Course Descriptions,China in Global Perspective 2: The Internationalization of Modern China (4 credits),HIST,HIST 302,China in Global Perspective 2: The Internationalization of Modern China (4 credits),4.0,370,"This course studies how foreign relations have shaped modern China from the Opium War to Alibaba. Topics include commercialization, militarization, and industrialization in the making of the modern state; the international education of Chinese at home and abroad; foreigners in China; the international evolution of Chinese enterprise under capitalism and socialism; the People’s Republic and the socialist world economy of the 1950s and 1960s; the “international development of China” as conceived by Sun Yat-sen, and the birth of the modern infrastructure state; the Chinese diaspora and the re-opening of China after 1978; contemporary China’s state-led and private investments abroad and the emergence of a Chinese global citizenry. 370",108,740,1,Topic 1,11.594719,1.2689037
course_0320,Course Catalog,Course Descriptions,China and the US Comparative 1: The United States and China in War and Revolution,HIST,HIST 303,China and the US Comparative 1: The United States and China in War and Revolution,4.0,371,"(4 credits) This course looks at the Chinese-American alliance during World War II from multiple perspectives. What did the partners in this anti-Japanese alliance have in common? What was the level of their mutual understanding? What was the role of key decision-makers in Chongqing, Washington, and Yanan? How did the various actors imagine Chinese-American relations after the war? What can we learn from a Chinese-American alliance that was at once successful and fragile?",73,476,1,Topic 1,11.1131735,1.1493367
course_0321,Course Catalog,Course Descriptions,China and the US Comparative 2: The World of Universities in China and the United,HIST,HIST 304,China and the US Comparative 2: The World of Universities in China and the United,4.0,371,"States (4 credits) The Unites States is home to many of the world’s leading universities, at present. China has developed the fastest growing system of higher education—in quality as in quantity—in the world. What are the strengths and weaknesses of these systems, each of which is very diverse? How can we best compare admissions systems? Governance systems? Research results? And Educational outcomes? What can each system learn from the other?",70,446,6,Topic 6,12.26747,2.0576384
course_0322,Course Catalog,Course Descriptions,Special Topics in History of Chinese Institutions (4 credits),HIST,HIST 305,Special Topics in History of Chinese Institutions (4 credits),4.0,371,"This special topics course focuses on the historical development of a specific set of institutions in China, such as the evolution of health care, social welfare, military organizations, or child and family institutions over time. In so doing the course provides an opportunity for students to dive deeply into the historical evolution of institutions as a way to understand the development of modern China in a specific sphere. In this way students gain a deep, specialized knowledge in the history of a particular area, and then demonstrate how that knowledge can be applied more broadly to better understand the historical evolution of modern Chinese society.",105,662,1,Topic 1,11.984171,1.6636119
course_0323,Course Catalog,Course Descriptions,The United States and China in War and Revolution (4 credits),HIST,HIST 306,The United States and China in War and Revolution (4 credits),4.0,371,"This course examines the rise and fall of the Sino-U.S. alliance during World War II and the Chinese Civil War. While the Sino-U.S. alliance played a crucial role in the victory over Japan, it also contributed to Chinese Nationalist leader Chiang Kai-shek’s defeat in the Chinese Civil War. By focusing on interactions between American military personnel and Chinese from all walks of life, we will build a deep understanding of this paradoxical alliance and its relevance to 21st-century U.S.-China relations. Our sources will include letters, diaries, memoirs, speeches, films, treaties, military reports, and the best scholarship on the topic. 371",100,650,1,Topic 1,11.101767,1.194243
course_0324,Course Catalog,Course Descriptions,Cold War America (4 credits),HIST,HIST 307,Cold War America (4 credits),4.0,372,"This course explores the nearly 50-year conflict between the superpowers of the US and USSR and considers the domestic impact of America’s “cold war” against communism. It assesses both the ideological clash and the economic conflict between capitalism and state control. Topics include the development of the atomic bomb, George Kennan’s “containment” strategy, the moon race and military and technology competition and the key historical developments such as the Korean War and the Cuban Missile Crisis, as well as relations with China and US influence in Third World countries.",89,580,4,Topic 4,10.5750675,0.93645126
course_0325,Course Catalog,Course Descriptions,Immigration and the American Experience (4 credits),HIST,HIST 308,Immigration and the American Experience (4 credits),4.0,372,"This course studies immigrants and immigration policy in the United States from 1850 to the present, with a focus on the origins and power of immigrant exclusion during three waves of migration: Northern European and Asian migrations between 1850 and 1880; Eastern European, Latin American, and Asian migrations, 1880-1920; and Latin American, African, and Asian migrations, post 1965. The course examines the roles of immigrants in shaping policy debates, citizenship rights, labor movements, and American culture, past and present. The course also considers migration patterns and policies in comparison to other major immigrant destinations.",94,644,4,Topic 4,10.392416,1.1874582
course_0326,Course Catalog,Course Descriptions,Documenting Durham and the New South (4 credits),HIST,HIST 311,Documenting Durham and the New South (4 credits),4.0,372,"The course trains students to document and represent Durham past and present with digital media. Students learn how to digitize historical and cultural materials, research in archives and public records and present information through various forms including web pages, databases, maps, video and other media. In addition to producing digital representations of historical materials, students learn more broadly how to think about and analyze the social impact of new representations of place and space.",74,503,5,Topic 5,9.52014,5.1813354
course_0327,Course Catalog,Course Descriptions,Southeast Asia and the Rise of Global Trade (4 credits),HIST,HIST 312,Southeast Asia and the Rise of Global Trade (4 credits),4.0,372,"Southeast Asia, located at the center of the seaborne Silk Road, is one of the great global crossroads of economic and cultural exchange. For two thousand years it’s been a magnet for merchants, missionaries, pilgrims, adventurers, and mercenaries from India and China, the Middle East, and eventually from Europe. Globalization is sometimes thought to be a feature of modernity, but in Southeast Asia global cultures have been mixing for millennia. This course begins with the peopling of Southeast Asia, the rise of global trading entrepot, and concludes in the 16th C. with the dawn of European colonization. 372",98,615,1,Topic 1,10.4953785,0.4133976
course_0328,Course Catalog,Course Descriptions,Southeast Asia from the Age of Imperialism to the Global Cold War (4 credits),HIST,HIST 313,Southeast Asia from the Age of Imperialism to the Global Cold War (4 credits),4.0,373,"This course takes a comparative historical approach to contemporary global issues in various temporal and geographical contexts. Students will focus on issues that emerged in the modern era and may include such topics as terrorism and national security, environmental protection and degradation, resource distribution and trade, health and welfare, and cultural and religious diversity. Students explore the nature of historical change and continuity and will apply historical methods of research and analysis as they investigate the formation and development of particular global issues. The specific case studies and themes in the course will vary by term and instructor.",98,673,4,Topic 4,9.411375,0.52415395
course_0329,Course Catalog,Course Descriptions,Writing the History of War (4 credits),HIST,HIST 314,Writing the History of War (4 credits),4.0,373,"This course examines the literary and visual representations of war and mass violence in comparative and historical perspective. Remembering war means remembering suffering and death, and discourses of mourning during and after war come in many forms. Students will identify how war generates complex and divergent narratives that shape collective memories of mass violence in the past and influence the use of militarized violence in the present.",67,447,4,Topic 4,9.682691,0.41999456
course_0330,Course Catalog,Course Descriptions,Why Be a Bandit? (4 credits),HIST,HIST 315/CULANTH 315,Why Be a Bandit? (4 credits),4.0,373,"Bandits and outlaws have historically played a unique role in popular imagination. In the Chinese classic Water Margin, outlaws flee tyrannical administrators but eventually make their peace with the emperor. Robin Hood occupies an equally ambivalent position between outlaw and elite roles. Seventeenth and 18th-century Atlantic pirates were feared, but their ships are viewed by scholars as laboratories for democratic experiment. Pirates, bandits and insurgents often occupy similar marginal spaces between illegality and social legitimacy today. This course will study this ambiguous status, through historical cases and ending with banditry and border violence in Central Africa and in North America.",100,705,4,Topic 4,10.472166,1.5776895
course_0331,Course Catalog,Course Descriptions,The Modern Regulatory State (4 credits),HIST,HIST 316/PUBPOL 316,The Modern Regulatory State (4 credits),4.0,373,"Much of the policymaking that structures our world emerges not from Congress or the courts, but from regulatory institutions. This course outlines the historical origins and evolution of modern regulatory institutions, focusing on the Western European and North American experience, from the nineteenth century to the present. For our purposes, “regulatory institutions” include not only public agencies, commissions, bureaus, and boards, but many quasi-public and private entities as well. As this course will reveal, these varied institutions have complex relationships with the businesses, organizations, and individuals whom they hope to regulate, as well as with legislatures, presidential administrations, and the courts. Course readings and discussions will incorporate a wide range of disciplinary perspectives and include a discussion of the recent “revolt” against regulation. 373",124,890,6,Topic 6,8.094273,1.6266202
course_0332,Course Catalog,Course Descriptions,The Global First World War (4 credits),HIST,HIST 317,The Global First World War (4 credits),4.0,374,"This course examines the upheaval of the 1914-18 war in a global perspective. The course deals with the origins, conduct and consequences of war in Europe, Asia, Africa and the Middle East, and on the revolution of violence that occurred during the war and which spilled over to the post- war years 1918-23. Topics may include social and cultural trends alongside military encounters and diplomatic developments that transformed the world.",70,439,4,Topic 4,9.592903,0.31133917
course_0333,Course Catalog,Course Descriptions,The Spice Race: How the Spice Trade shaped our World (4 credits),HIST,HIST 410,The Spice Race: How the Spice Trade shaped our World (4 credits),4.0,374,"Before the Industrial Revolution, the global economy was driven by spices, and other rare and exotic commodities, many sourced from Asia. The global competition to acquire and monopolize spices— the “Spice Race”— was a great engine for world history and economic development from c. 1250-1800. It made “spiceries”, like Southeast Asia, centers of global trade and cultural exchange. This trade expanded the power of Asia states; drove European exploration; inspired scientific research; and became a key driver for the European colonization of Asia, and the world. The “Spice Race” provides a fascinating lens on our modern economic and political order.",100,653,1,Topic 1,10.526624,0.35490462
course_0334,Course Catalog,Course Descriptions,Seeing History from the Mountains and the Seas: Ethnographic histories of Asia (4,HIST,HIST 411,Seeing History from the Mountains and the Seas: Ethnographic histories of Asia (4,,374,"credits) History is told from the perspective of nation-states and their people. This class reverses this practice, asking: “What does history look like from an outsider’s perspective?” Asia is home to 2,500,000 square kilometers of mostly interconnected mountain lands. The upland people living there have long been outside of state control. On the opposite spectrum are boat-dwelling sea- nomads who rarely set foot on land, and follow migrating sea life across national boundaries. How do sea and mountain people understand history? Their own? And the nations around them? Our class will introduce and utilize ethnographic approaches to historical study and analysis.",101,670,4,Topic 4,10.29113,0.4747723
course_0335,Course Catalog,Course Descriptions,Global Labor History (4 credits),HIST,HIST 412,Global Labor History (4 credits),4.0,374,"What is the profile of the worker of the world? Though there are sophisticated social histories of the Global South, the overwhelming majority of works in labor history dwells on the figure of a white, male, free, waged worker of the Global North. This course challenges such a myopic conceptualization of the worker. Taking the world between 1700 CE and 2000 CE as the point of reference, it examines interdisciplinary approaches to study the social history of work and workers. It presents a far more diverse figure of the worker, and her/his subjectivity through the lens of a global understanding of institutions of control and oppression such as commerce, gender and race. 374",113,681,4,Topic 4,9.389978,1.0537233
course_0336,Course Catalog,Course Descriptions,The Color Line: A Worldwide History of White Supremacy (4 credits),HIST,HIST 413,The Color Line: A Worldwide History of White Supremacy (4 credits),4.0,375,"Few ideas have impacted world history as has the idea that human beings with different skin colors or physical characteristics are fundamentally different or unequal to each other. Though having some old roots, this idea is largely a modern one. Beginning with the conquest of the America’s, the slave trade, and reaching its high point through colonization of Africa and Asia, as well as the Holocaust, Europeans formulated the idea of a “white race” superior to all other races. This course will trace the history of this idea, how it was used and implemented in various parts of the world, how it was combatted and occasionally overthrown, and how its legacies shape global political debates in the present.",118,710,4,Topic 4,9.754726,1.3119552
course_0337,Course Catalog,Course Descriptions,"The Age of Revolutions, 1640-1865 (4 credits)",HIST,HIST 414,"The Age of Revolutions, 1640-1865 (4 credits)",4.0,375,"Beginning in the 1640s, the Atlantic world went through an interconnected cycle of social cataclysms which were given a term novel at the time: “revolutions.” This course will survey this first cycle of revolutions, which began with the English Revolution, cascaded into the American and French Revolutions, and culminated in the Haitian Revolution Latin American Independence, and later the Taiping Rebellion, the Indian Revolt of 1857, and the American Civil War. These upheavals gave birth to modern politics. Monarchies were overthrown, democracies were formed, and seemingly commonplace political ideals—such as liberalism, socialism, democracy, abolitionism, nationalism, decolonization, human rights, “left” and “right”—were first articulated or implemented during this period of profound upheaval.",111,805,4,Topic 4,9.423335,1.6649607
course_0338,Course Catalog,Course Descriptions,"The Origins of Capitalism, 1500-1900 (4 credits)",HIST,HIST 415,"The Origins of Capitalism, 1500-1900 (4 credits)",4.0,375,"Capitalism has transformed the globe over the past 200 years and is constitutive to the processes now called “globalization.” Yet what is capitalism? In what ways can one define it? How did it originate? Is it new? This course will look at the historical origins of capitalism from its beginnings in the 16th century through the industrial revolution of the nineteenth century. Students will encounter hotly-debated theories on how capitalism emerged, from dependency theory to the “transition debate” to the “great divergence” debate, while exploring the ways factories, markets, democracy, feudalism, slavery, and colonialism either enhanced capitalist development, worked with it, or proved barriers to it. 375 Courses with Course Subject: Independent Study (INDSTU) INDSTU 391: Independent Study Individual non-research directed study in a field of special interest arranged on a special topic by an instructor with related interests and expertise, under the supervision of a faculty member, resulting in a significant academic product. Prerequisite(s): Consent of the Instructor 376 Courses with Course Subject: Information Science (INFOSCI)",167,1146,4,Topic 4,8.724883,1.0271353
course_0339,Course Catalog,Course Descriptions,Computation and Problem Solving (4 credits),INFOSCI,INFOSCI 102,Computation and Problem Solving (4 credits),4.0,377,Computation and Problem Solving is recognized as a key skill set for all 21st century learners. This course will focus on the key aspects of computational thinking: Tasks as a series of steps (algorithms); Problem solution at many levels of detail (abstraction); Solving large problems involves breaking it down into a set of smaller problems (decomposition); New problems are likely related to other problems the learner has already solved (pattern recognition); Solutions to a problem may be used to solve a whole range of similar problems (generalization). Prerequisite(s): COMPSCI 101 or STATS 102 or Consent of the Instructor,98,630,2,Topic 2,6.1235867,4.68649
course_0340,Course Catalog,Course Descriptions,"Computation, Society & Culture (4 credits)",INFOSCI,INFOSCI 103,"Computation, Society & Culture (4 credits)",4.0,377,"A wide-ranging survey of how computational media forms enable us to imagine and re-invent our help us to understand, interpret, and represent the past, negotiate present-day challenges, and build the future. Objects of computational exploration and analysis considered in this course will come from the sciences, education, industry, the arts, and entertainment, with the goal of understanding how computational methods cut across traditional disciplinary boundaries, and how advances in one area affect development in another. The course also includes study of the social, ethical, and cultural consequences of digitization, automation, artificial intelligence, and the globalized information and communication systems facilitated by computation.",102,747,5,Topic 5,8.690572,4.8539824
course_0341,Course Catalog,Course Descriptions,Digital Design (4 credits),INFOSCI,INFOSCI 104/MEDIA 104,Digital Design (4 credits),4.0,377,"This course provides an introduction to design as a critical and creative practice within the context of computational domains. Topics covered include concepts in graphic and information design, including synergies, resonances, and contradictions between mathematical and artistic approaches and traditions. The course also includes an introduction to design thinking as a trans-disciplinary phenomenon encompassing iterative development cycles, structured and emergent behaviors, divergent thinking, and transferable methods. The emphasis will be on both scientific and artistic approaches to knowledge production, creativity, and communication, and how cross-functional project teams can work together in generative and productive ways.",95,738,5,Topic 5,9.895816,4.2381115
course_0342,Course Catalog,Course Descriptions,Experimental Interface Design (4 credits),INFOSCI,INFOSCI 105,Experimental Interface Design (4 credits),4.0,377,"This course explores issues surrounding embodied approaches to interface design. It articulates methodology for generating new forms of human/computer interface; includes workshops, discussions, student presentations, critiques and group brainstorming sessions. Content includes that which is related to biomimetics; haptic body knowledge; multi-modal sensing; physical computing; physical | digital relationships; networked relations; the potentials of virtual space and 377 different qualities of space, both visual and sonic. Database potentials are discussed and explored in service of developing new approaches to interface.",80,629,5,Topic 5,9.584037,4.402774
course_0343,Course Catalog,Course Descriptions,"Googlization of Knowledge: Information, Ethics, and Technology (4 credits)",INFOSCI,INFOSCI 113,"Googlization of Knowledge: Information, Ethics, and Technology (4 credits)",4.0,378,"This course focuses on the causes of human behavior related to critical thinking and the development of specific literacies – digital, data, visual, media, and technology – and the ways that social structures apply to finding, evaluating, and effectively using different types of information. In this course, students will develop analytical skills to examine the political and societal factors that influence literacy skills as they relate to information – its creation, availability, and application. We will examine the ethical, economic, and political issues inherent in the use and regulation of technology as they apply to the access and production of information.",101,670,5,Topic 5,8.84121,4.045516
course_0344,Course Catalog,Course Descriptions,Interaction & Physical Computing (4 credits),INFOSCI,INFOSCI 201,Interaction & Physical Computing (4 credits),4.0,378,"Interaction & Physical Computing is a course that explores the object-oriented programming and physical computing for artists and designers. Through looking at development environments such as Processing and Arduino, paired with physical components such as the Kinect, Leep Motion and sensors, we will explore how to create various interfaces and systems that bridge the virtual and physical worlds. We will explore key concepts such as Input/Output, Interface, Interaction, etc. through course work, familiarizing students with digital tools and prototyping methods. This is an entry level computation class, no programming or hardware experience or prerequisites required.",95,674,2,Topic 2,6.9637947,5.400897
course_0345,Course Catalog,Course Descriptions,3D Modeling and Animation (4 credits),INFOSCI,INFOSCI 202,3D Modeling and Animation (4 credits),4.0,378,"This course covers basic concepts of 3D modeling and animation; fundamentals of computer geometry; knowledge of basic tools of 3D software, introduction to modeling, texturing, lighting, and rendering; combination of these techniques in a final project.",36,253,2,Topic 2,6.803769,5.4784994
course_0346,Course Catalog,Course Descriptions,Urban Data Visualization and Communication Methods (2 credits),INFOSCI,INFOSCI 206,Urban Data Visualization and Communication Methods (2 credits),2.0,378,"This course focuses on digital visualization and communication methods which can be used to represent and describe place and its changes. Through lectures, laboratory exercises, and experiential learning, students will learn a series of digital technologies, including ESRI ArcGIS, CartoDB, Microsoft Excel, Microsoft Access, and MassGIS. Students will use these software programs to analyze, interpret, and present spatial and demographic patterns of different phenomena. The overarching goal of this course is to improve students’ spatial reasoning abilities and to help them master data visualization and communication skills. 378",88,633,5,Topic 5,7.014332,5.2773952
course_0347,Course Catalog,Course Descriptions,Data Visualization and Information Aesthetics (4 credits),INFOSCI,INFOSCI 301,Data Visualization and Information Aesthetics (4 credits),4.0,379,"Combination of lectures, labs and workshops on the theories and practices of data visualization, focused on creative applications of advanced tools and software, Iing introduction to data scraping, data cleaning, and elementary coding. Innovative strategies to develop new databases with imperfect information, combining qualitative and quantitative data, on the interface of the humanities and the social sciences. Individual and collaborative research projects combining qualitative and quantitative analysis with weekly feedback and assessment. Prerequisite(s): COMPSCI 101 or 201 or STATS 102 or INFOSCI 201",83,611,5,Topic 5,6.8134823,4.8774486
course_0348,Course Catalog,Course Descriptions,Introduction to Geographical Information Science (4 credits),INFOSCI,INFOSCI 302,Introduction to Geographical Information Science (4 credits),4.0,379,"Geographic Information Science, or GIS, is concerned with the scientific study of geographic information. This course offers an introduction to methods of describing, managing, and processing geographic information. We will explore the nature of geographic information, data models and structures for geographic information, geographic data input, data manipulation, spatial analytic and modeling techniques, and error analysis. This class is helpful for students wishing to apply GIS within numerous disciplines.",69,513,2,Topic 2,6.8366466,5.0948424
course_0349,Course Catalog,Course Descriptions,Historical Geographical Information Systems (4 credits),INFOSCI,INFOSCI 303,Historical Geographical Information Systems (4 credits),4.0,379,"This is a beginner or intermediate Geographic Information System (GIS) course designed to help students develop GIS skills. The class emphasizes perspectives, procedures and tools that are relevant to applications of GIS in Art History and Humanistic disciplines. This course is designed as a hybrid lecture/lab format in which direct instruction is supplemented by hands on learning labs using ArcGIS software and real-world spatial data. The main skills students will gain are integration of spatial and tabular data, geoprocessing, data visualization, creating features, editing features, vector and raster integration, spatial analysis, and georeferencing. Prerequisite(s): COMPSCI 101 or 201 or STATS 102",101,709,2,Topic 2,6.7444925,5.2457476
course_0350,Course Catalog,Course Descriptions,Unity 3D Programming and Interaction Design (4 credits),INFOSCI,INFOSCI 304,Unity 3D Programming and Interaction Design (4 credits),4.0,379,"This course provides practical concepts and exercises with the C# programming language. It includes basic concepts of algorithms and data structures as well as discussion of basic computer graphics concepts. Introduction to the Unity3D game engine (with possible future switch to Unreal in future semesters). Topics include importing various model formats into Unity3D and user interface design in Unity3D. The course also explores advanced scripting using C# for Unity3D and Unity3D common pitfalls and tips for optimizations. Usage of the MiddleVR virtual reality library to port content to CAVE, head-mounted displays, etc. is also covered in the class. Weekly homework and final project. No prior coding experience is assumed. 379 Prerequisite(s): INFOSCI 202; COMPSCI 101 or 201 or STATS 102",120,796,2,Topic 2,6.80219,5.449753
course_0351,Course Catalog,Course Descriptions,Virtual Museums and Digital Culture Heritage (4 credits),INFOSCI,INFOSCI 305,Virtual Museums and Digital Culture Heritage (4 credits),4.0,380,"The future of museums will be one of immateriality and interaction. This course focuses on how the ""Internet of Things,"" augmented reality technologies, new data analyses of artifacts will transform missions, roles, and goals of museums and collections. The core of course sessions will be digital lab sessions focused on virtual reconstruction of lost heritage.",55,362,5,Topic 5,9.496766,4.919842
course_0352,Course Catalog,Course Descriptions,Machine Reading: APIs for Text and Image Analysis for the Arts and Humanities,INFOSCI,INFOSCI 306,Machine Reading: APIs for Text and Image Analysis for the Arts and Humanities,4.0,380,(4 credits) This course explores the use of existing tools and APIs for conducting text and image analysis for purposes of aggregated study and analysis. Students will learn to use the Python programming language in conjunction with various existing toolkits in order to examine diverse collections of text and image materials. Prerequisite(s): COMPSCI 101 or 201 or STATS 102,59,376,2,Topic 2,6.6373453,5.198696
course_0353,Course Catalog,Course Descriptions,Archives Alive (4 credits),INFOSCI,INFOSCI 307,Archives Alive (4 credits),4.0,380,"This course is an introduction to working with primary and rare source materials for the purpose of digital archive development and curation. Students will consider historiographic methods as well as the relationship of original source materials to facsimiles, reproductions, transcriptions, adaptations, and remediations. We will also consider platform and software dependencies and what count as an adequate record of born-digital resources. Students will consider metadata standards such as the Dublin Core and digital asset management system techniques as they develop digital archives based on primary source material and will write complementary essays documenting their choices of content and medium of expression.",101,721,5,Topic 5,9.410615,5.237197
course_0354,Course Catalog,Course Descriptions,Data and Visualization (4 credits),INFOSCI,INFOSCI 308,Data and Visualization (4 credits),4.0,380,"Our world is increasingly complex and laden with many forms of measurable data. Infographics abound, but whether explicit or not, the stories they tell are all designed. In this hands-on course, students will learn to use mapping and design techniques to sort and synthesize data, unlock insights and communicate information. We will create four different types of maps and infographics and students will practice finding insight from both qualitative and quantitative information. 380",73,485,5,Topic 5,6.9757905,5.000546
course_0355,Course Catalog,Course Descriptions,Speculative and Critical Design (4 credits),INFOSCI,INFOSCI 309,Speculative and Critical Design (4 credits),4.0,381,"This course examines and applies the principles of design as a critical and discursive research practice. Objects are important but design has the opportunity for intellectual service. Discursive design’s primary agenda is to convey ideas. It asks its audience to take an anthropological gaze and seek understanding of its artifacts beyond basic form and utility. The course explores how and why discursive design is more important than ever while investigating its evolution from radical design, speculative and critical design, and design fiction. Students will engage in research driven design projects that culminate in a public exhibition of discursive designs. Prerequisite(s): INFOSCI 104/MEDIA 104",103,705,5,Topic 5,10.067593,4.13184
course_0356,Course Catalog,Course Descriptions,Digital Cities: Representing the Past and Building the Future (4 credits),INFOSCI,INFOSCI 311,Digital Cities: Representing the Past and Building the Future (4 credits),4.0,381,"This course considers Digital Cities in theory and practice from the perspective of mapping and virtual world building as well as experience design. Course topics include exploring digital representation of history, culture, architecture, events, and populations. Core concepts center around change over time, prospective modeling of possible futures and alternate pasts. Additional subjects considered include ubiquitous computing in urban environments, global cities and diaspora. Use of mapping, imaging, 3D, augmented reality, and games technologies will be part of the course experience. Individual and group digital city projects.",87,636,5,Topic 5,9.44562,4.768128
course_0357,Course Catalog,Course Descriptions,How They Got Game: History and Culture of Interactive Simulations and Video,INFOSCI,INFOSCI 401,How They Got Game: History and Culture of Interactive Simulations and Video,4.0,381,"Games (4 credits) This course explores the history and cultural impact of interactive simulations and video games. Evolution of computer and video game design from its beginnings to the present: storytelling, strategy, simulation, sports, 3D first-person games. Cultural, business, and technical perspectives. Insights into design, production, marketing, and socio-cultural impacts of interactive entertainment and communication. 381 Courses with Course Subject: Institutions and Governance (INSTGOV)",64,500,5,Topic 5,9.19137,4.521913
course_0358,Course Catalog,Course Descriptions,Senior Seminar: Advanced Topics (4 credits),INSTGOV,INSTGOV 490,Senior Seminar: Advanced Topics (4 credits),4.0,382,"This seminar is a core component of the interdisciplinary major in Institutions and Governance. Students will apply to interdisciplinary topics the knowledge and methods of analysis that they have gained in different disciplines. Students will re-connect with the broader community of faculty and students in their major and further develop their capacities to translate between their areas of expertise and the larger questions and issues that apply across a variety of disciplines. The seminar will foster the ability to see their disciplinary knowledge from a wider perspective and to apply it flexibly. Specific topics will vary. This seminar is required for all seniors in the major. Other students may enroll with the permission of the instructor. Prerequisite(s): POLECON 201 or POLSCI 104 382 Courses with Course Subject: Integrated Science (INTGSCI) INTGSCI 101: Integrated Science 1 (4 credits) This course focuses on the concept of energy and its relevance for explaining the behavior of natural systems. The conservation of energy and the transformations of energy from one form to another are crucial to the function of all systems, including familiar mechanical devices, molecular structures and reactions, and living organisms and ecosystems. By integrating perspectives from physics, chemistry, and biology, this course helps students see both the elegant simplicity of universal laws governing all physical systems and the intricate mechanisms at play in the biosphere. Topics include kinetic energy, potential energy, quantization of energy, energy conservation, cosmological and ecological processes. Prerequisite(s): MATH 101 INTGSCI 102: Integrated Science 2 (4 credits) This course focuses on the collective behavior of systems composed of many interacting components. The phenomena of interest range from the simple relaxation of a gas into an equilibrium state of well-defined pressure and temperature to the emergence of ever increasing complexity in living organisms and the biosphere. The course provides an overview of some fundamental differences between traditional disciplines as well as indications of how they complement each other some important contexts. Topics include thermodynamic (statistical mechanical) equilibrium, fundamental concepts of temperature, entropy, free energy, and chemical equilibrium, driven systems, fundamentals of biological and ecological systems. Prerequisite(s): INTGSCI 101",348,2437,3,Topic 3,4.1776066,2.7220888
course_0359,Course Catalog,Course Descriptions,Scientific Methods and Communication (4 credits),INTGSCI,INTGSCI 205,Scientific Methods and Communication (4 credits),4.0,383,"This course trains students basic research methods and communication skills in natural science disciplines. Within the scenario of science in everyday life, essential components for conducting a scientific project are introduced. Those components include but not limited to how to conduct literature survey and critically read research articles, how to formulate a scientific question and draft research proposals, how to design, conduct experiments and analyze data, as well as how to communicate research outcome effectively. Sophomore or above standing is required. Prerequisite(s): None, but students are highly recommended to take at least one of the following courses: PHYS121, CHEM110, BIOL110. 383 Courses with Course Subject: Italian (ITALIAN) ITALIAN 25 Advanced Intermediate Italian (4 credits) Credit for Advanced Placement on the basis of the College Board Examination in Italian.",128,893,2,Topic 2,3.934923,2.7217073
course_0360,Course Catalog,Course Descriptions,Beginning Italian 1 (4 credits),ITALIAN,ITALIAN 101,Beginning Italian 1 (4 credits),4.0,384,"This is the first course in the beginning level Italian sequence. There are many reasons to study Italian: Italy’s artistic, cultural, gastronomic and literary heritage all combine to making study of Italian a good choice. The course, mainly conducted in Italian, integrates traditional pedagogical goals of speaking, reading, and writing the language with a commitment to help students to acquire strategies to become an effective independent language learner. There is no prerequisite.",72,487,7,Topic 7,13.545611,4.2545238
course_0361,Course Catalog,Course Descriptions,is the second introductory Italian course. In this course students will use Italian to,ITALIAN,ITALIAN 102,is the second introductory Italian course. In this course students will use Italian to,4.0,384,"communicate during class meetings, individual sessions and group meetings. They will develop their linguistic and communicative skills in a variety of familiar everyday contexts, performing drama activities, role play activities, and engaging in contextualized conversations. At the same time students will learn how to build their own strategies to become effective independent language learners, experimenting with various methods and designing weekly plans. Prerequisite(s): ITALIAN 101 384 Courses with Course Subject: Japanese (JAPANESE) JAPANESE 23 Intermediate Japanese (4 credits) Credit for Advnced Placement on the basis of the College Board Examination in Japanese.",92,676,7,Topic 7,13.371206,4.2200027
course_0362,Course Catalog,Course Descriptions,Beginning Japanese 1 (4 credits),JAPANESE,JAPANESE 101,Beginning Japanese 1 (4 credits),4.0,385,This is the first course in the beginning level Japanese sequence. It is conducted in a seminar style and emphasizes giving students abundant opportunities to consistently and systematically use Japanese to communicate. It also has independent-learning elements which will help students become better self-learners and acquire a special set of skills that are pertinent to their own interests. Preparation before each session is expected and crucial for student success in this course. There is no prerequisite.,76,511,7,Topic 7,13.420713,4.4146924
course_0363,Course Catalog,Course Descriptions,Beginning Japanese 2 (4 credits),JAPANESE,JAPANESE 102,Beginning Japanese 2 (4 credits),4.0,385,This is the second course in the beginning level Japanese sequence. It is conducted in a seminar style and emphasizes giving students abundant opportunities to consistently and systematically use Japanese to communicate. It also has independent-learning elements which will help students become better self-learners and acquire a special set of skills that are pertinent to their own interests. Preparation before each session is expected and crucial for student success in this course. Prerequisite (s): JAPANESE 101,76,517,7,Topic 7,13.483353,4.4434648
course_0364,Course Catalog,Course Descriptions,Intermediate Japanese 1 (4 credits),JAPANESE,JAPANESE 201,Intermediate Japanese 1 (4 credits),4.0,385,"This is an intermediate Japanese course. In the classes, students will consistently and systematically use Japanese to communicate. To successfully do that, students will need to spend time to prepare for each of class meeting. Students will have detailed guidelines that describe what to do before each meeting, but students are responsible for actually completing those tasks. This course is also designed to help students learn to become more effective independent language learners through a combination of group meetings and individual sessions. Prerequisite(s): JAPANESE 102",85,580,7,Topic 7,13.295716,4.271493
course_0365,Course Catalog,Course Descriptions,Intermediate Japanese 2 (4 credits),JAPANESE,JAPANESE 202,Intermediate Japanese 2 (4 credits),4.0,385,"This is an intermediate Japanese course. In the classes, students will consistently and systematically use Japanese to communicate. To successfully do that, students will need to spend time to prepare for each of class meeting. Students will have detailed guidelines that describe what to do before each meeting, but students are responsible for actually completing those tasks. This course is also 385 designed to help students learn to become more effective independent language learners through a combination of group meetings and individual sessions. Prerequisite(s): JAPANESE 201 Courses with Course Subject: Korean (KOREAN)",92,629,7,Topic 7,13.444347,4.366276
course_0366,Course Catalog,Course Descriptions,Beginning Korean 1 (4 credits),KOREAN,KOREAN 101,Beginning Korean 1 (4 credits),4.0,386,"This is the first course in the beginning level Korean sequence. In this course students will build a solid base of vocabulary and pronunciation skills and set a foundation for reading, writing, listening and speaking in order to begin to engage in daily life in Korean. In this course students will also learn about how to learn a new language and about how to independently build language skills. This course will mostly be conducted in Korean, and students will consistently and systematically use Korean to communicate both in and out of the classroom. There is no prerequisite.",97,582,7,Topic 7,13.40075,4.454981
course_0367,Course Catalog,Course Descriptions,Beginning Korean 2 (4 credits),KOREAN,KOREAN 102,Beginning Korean 2 (4 credits),4.0,386,"Beginning Korean 2 is a 14-week course in which students will continue to build the reading, writing, listening, and speaking tools needed to communicate and function in a variety of real-life situations. In this course, students will build a solid base of vocabulary and pronunciation skills that will allow them to begin to engage in daily life in Korean. Students will also learn how to independently build language skills. This course will mostly be conducted in Korean, and students will consistently and systematically use Korean to communicate both in and out of the classroom. Prerequisite(s): KOREAN 101 386 Courses with Course Subject: Latin (LATIN) LATIN 25 Introduction to Literature (4 credits) Credit for Advanced Placement on the basis of the College Board Examination in Latin. 387 Courses with Course Subject: Literature (LIT)",132,843,7,Topic 7,13.372575,4.381217
course_0368,Course Catalog,Course Descriptions,The Epic of America (the novel) (4 credits),LIT,LIT 105,The Epic of America (the novel) (4 credits),4.0,388,"This course introduces a range of works from the US canon that engage the concept of travels in relation to the themes of race and slavery, gender and sexuality, and citizenship and empire. Through reading some great American novels, we will explore travels and mobility from pre-Civil War to modern America, and from the slave-holding south to multiracial and multicultural metropolises both within and beyond the US borders. By drawing connections between these great American novels, we will discuss how they collectively cross and challenge national, geographical, and political boundaries of the color line––and importantly––how they resonate with Duke Kunshan University’s core concept of “rooted globalism.”",106,714,4,Topic 4,10.273358,1.7782952
course_0369,Course Catalog,Course Descriptions,American Otherness and Otherness in America (4 credits),LIT,LIT 106,American Otherness and Otherness in America (4 credits),4.0,388,"The United States of America is founded on the idea of universal equality with respect to moral worth and fundamental rights. This radical idea, which had no precedent in history, has always been fundamental to America’s self-understanding and to its singular place in the community of nations. And yet, the concept of “otherness” has never been far from the surface in American political and cultural life. An official ideology of equality has never been able to eliminate real inequalities and exclusions that have produced, for some, feelings of entitlement or special distinction, and for many others, feelings of solitude, exclusion, or powerlessness. A sense of singularity, non-belongingness, apartness, or exceptionalness characterizes many of the most distinctive aspects of American culture. This tension between what America claims to stand for— a harmonious society in which everyone has equal moral worth and equal rights—and the reality of daily life for those who feel for whatever reason that they stand apart from the whole will be the subject matter of this course. This subject will be approached by reading foundational texts in which the ideology of equality is articulated, and by considering a wide range of other materials in which this ideology is explored, tested, or challenged.",204,1305,4,Topic 4,9.004408,1.1551509
course_0370,Course Catalog,Course Descriptions,From Data to Narrative: A Workshop in Non-fiction Writing (2 credits),LIT,LIT 107,From Data to Narrative: A Workshop in Non-fiction Writing (2 credits),2.0,388,"In our daily lives we are overrun with data, endless bits of information about our environment, health, location, preferences and social contacts. Walter Benjamin has decried this as a modern condition of being bombarded with data, but with no ability or effort to synthesize it into the narrative form in which humans can process and intake it. This course will explore the genre of non-fiction writing as a means to effectively communicate various forms of data. Readings will include examples of leading non-fiction writers such as Sven Lindqvist in cultural studies and history, and Simon Singh in science. The course will also cover basic conventions of citation and reference. Students will practice researching and writing historical, biographical or other fact-based 388 information into narrative form. During the term, student will also workshop their own researched narrative piece.",137,893,5,Topic 5,9.706884,3.2808006
course_0371,Course Catalog,Course Descriptions,Love and Dreams on the Chinese Stage (2 credits),LIT,LIT 108/MEDIART 108,Love and Dreams on the Chinese Stage (2 credits),2.0,389,"What are the conventions for writing about Chinese culture in academic English? How can scholars write about performance at all? Learn both these skills as you explore the literary dreamscape of Chinese theatre, highlighting kunqu – the classical form of late imperial Chinese song-drama. This course is one of the program two-credit writing courses at DKU designed to improve your writing ability. As part of the experience, students will venture on theatre trips to watch live kunqu, be introduced to the art of literary translation and learn to analyze and compare performances, explore contemporary adaptations and writing about the significance of each rendition.",103,668,1,Topic 1,11.715379,3.8619723
course_0372,Course Catalog,Course Descriptions,Writing Stories for Children (2 credits),LIT,LIT 109,Writing Stories for Children (2 credits),2.0,389,"When children are captivated by a story, what elements draw their attention? What stories from our childhoods do we remember for years to come, and why? This course explores writing stories specifically for children from both creative and critical perspectives. We learn to analyze and employ literary techniques and devices like point-of-view, imagery, plot, rhyme, and more. In addition to developing our argumentative writing skills through close reading, we also write and revise our own children’s stories. The course culminates in a special event in which we print and share these stories with their intended audience – children.",98,635,5,Topic 5,9.668476,3.9767573
course_0373,Course Catalog,Course Descriptions,The Art of the Interview (2 credits),LIT,LIT 110,The Art of the Interview (2 credits),2.0,389,"The interview is a vital research tool that crosses forms of media and academic disciplines. However, it can be difficult to know how to conduct a good interview. How does an interview succeed or fail, and who is its audience? Can the interview be an artform in itself? This course explores interviews in various contexts, including popular culture, to analyze the audience expectations and research implications of interviews. Students will build argumentative writing skills by analyzing interviews. They will also conduct a series of interviews themselves, gaining experience as interviewers and interviewees.",92,612,5,Topic 5,9.471801,3.9027758
course_0374,Course Catalog,Course Descriptions,Crafting Narratives in Video Games (2 credits),LIT,LIT 111,Crafting Narratives in Video Games (2 credits),2.0,389,"In this course, you will enhance your creative writing and critical analysis skills by exploring how video games use narrative to captivate and motivate players. You will learn how games manipulate various narrative elements, such as plot, setting, character, and conflict, and how games differ from other storytelling media. Through examining the consistency and complexity of a game’s story, you will produce writing samples showcasing your ability to create your own engaging game narratives. 389",75,499,5,Topic 5,9.341962,4.489195
course_0375,Course Catalog,Course Descriptions,Asian-American Arts and Letters (4 credits),LIT,LIT 201,Asian-American Arts and Letters (4 credits),4.0,390,"This course examines the history of Asian-descent literature including fiction, memoir, poetry, drama) and, to a lesser extent, expressive cultures (film, martial arts, music) with special emphasis on Chinese America. Topics include broad themes of cultural identity, memory and belonging, gender and class, as well as specific issues of the relationship between diaspora communities in the US and national cultures in Asia. Texts are placed within the context of the history of Asian American acclamation, focusing on tensions between cultural assimilation into mainstream America and the pressure to maintain distinctive cultural identities.",92,643,1,Topic 1,10.887201,1.8435929
course_0376,Course Catalog,Course Descriptions,African American Literature and Culture (4 credits),LIT,LIT 202,African American Literature and Culture (4 credits),4.0,390,"This course examines the history of African narrative, drama, poetry, and such expressive arts as the sermon, the political address, and popular music. Narratives are placed in the context of the history of slavery, emancipation and the continuing struggle for civil rights. Topics include questions of self-identity and American citizenship; the reception of African American literature overseas; the construction of pan-African identities and politics; literature of the African American diaspora; and the concept of home. Students will gain a cross-cultural understanding of the African American experience and its ongoing significance in American life and politics.",95,669,4,Topic 4,10.365571,1.9553056
course_0377,Course Catalog,Course Descriptions,Reading Empire (4 credits),LIT,LIT 203,Reading Empire (4 credits),4.0,390,"We are familiar with categories such as Anglophone and Francophone that describe literature written in English and French outside of England and France, respectively. We are, however, less acquainted with Sinophone and Japanophone literature as objects of study. What the various – phone literatures have in common is the depiction and contestation against the imperial centers from the peripheries. Ranging from a variety of fictional and theoretical texts, films, and images, this course examines the histories, languages, and philosophies of literatures that challenge the logic of imperialism not just in name, but also in its social, political, economic, and cultural legacies.",101,682,4,Topic 4,10.647163,2.188355
course_0378,Course Catalog,Course Descriptions,Online Novels and the Chinese Public Sphere (4 credits),LIT,LIT 204/MEDIA 204,Online Novels and the Chinese Public Sphere (4 credits),4.0,390,"Online literature constitutes the largest readership and a booming economy in China today. Popular genres include science fiction, urban leisure, martial arts, historical fiction and horror. Successful online novels have millions of followers and are often turned into games, TV dramas and feature films. Subscribers are free to comment on the websites and the fictions they host. How do we understand the proliferation and success of this online literature and its relation to the public sphere? By analyzing the content and the form of online literature in China, the class examines the popularity of online fiction and its socio-economic conditions. 390",101,656,1,Topic 1,11.714524,2.818422
course_0379,Course Catalog,Course Descriptions,American Lyric Across Borders (poetry) (4 credits),LIT,LIT 205,American Lyric Across Borders (poetry) (4 credits),4.0,391,"After Whitman and Dickinson’s Romantic call to the world beyond U.S. borders, this course turns to the controversy between the rootedness of Frost, William Carlos Williams, and Langston Hughes and the internationalism of Stevens, Eliot, H.D. (including the Sino-philia of Pound), both of which can also be seen as belated forms of Romanticism. Possible attention to later explorers of such issues as Robert Duncan, Gwendolyn Brooks, Sylvia Plath, and Frank O’Hara; to the populist challenge of song lyric (blues, tin pan alley, folk, rock, hip-hop); or to the problems of translation and translatability.",93,604,4,Topic 4,10.259077,2.1356628
course_0380,Course Catalog,Course Descriptions,Early Literatures from Colonization to Revolution (4 credits),LIT,LIT 206,Early Literatures from Colonization to Revolution (4 credits),4.0,391,"Columbus and other narratives of European exploration, conquest, and settlement; the interplay of Puritan literature (Bradford, Winthrop, Wigglesworth, Mather, Bradstreet), Native oral traditions, Phyllis Wheatley’s poetry, and early captivity narratives; the pre-revolutionary novel (Rowson, Foster, C.B. Brown); and the revolutionary texts (The Federalist Papers).",44,366,4,Topic 4,10.198535,2.0814097
course_0381,Course Catalog,Course Descriptions,The American Renaissance and Its Rivals (4 credits),LIT,LIT 207,The American Renaissance and Its Rivals (4 credits),4.0,391,"A course on the major antebellum prose writers (Emerson, Thoreau, Melville, Hawthorne), the storytellers of enslavement (Douglass, Jacobs, Equiano, Brown) and Native displacement (Child, Sedgwick), and the poetry (Whitman before and after the war, Dickinson, possibly late Melville) that ensued.",40,295,4,Topic 4,10.108182,2.2994468
course_0382,Course Catalog,Course Descriptions,From Cool Japan to the Korean Wave: Popular Culture from East Asia (4,LIT,LIT 208/ARTS 208,From Cool Japan to the Korean Wave: Popular Culture from East Asia (4,,391,"credits) The hegemony of American popular culture notwithstanding, cultural products from Japan and South Korea are becoming significant players in the globalization of culture. From the de- Disneyfied anime to the hybridized R&B K-pop, these cultural products challenge American cultural domination, and inspire alternate forms of aesthetics, participation and enjoyment. This course examines the historical formation of Japanese and Korean popular culture, focusing on their contested cultural meanings at the national, regional, and global scales. Some of the issues we will consider include cultural imperialism, fandom, the role of the state and the development of cultural industry, representations of race and gender, capitalism and transnationalism.",105,757,1,Topic 1,11.212438,2.2576857
course_0383,Course Catalog,Course Descriptions,Critical Inter-Asia: Rethinking Local and Global Connections (4 credits),LIT,LIT 209,Critical Inter-Asia: Rethinking Local and Global Connections (4 credits),4.0,391,"This course considers a variety of literary texts from the perspective of the nexus of cultures and societies in Asia. It emphasizes critical, transnational and interdisciplinary perspectives on two or more Asian cultures and their interactions in the world. In addition to providing the critical 391 theoretical tools to analyze the production and reception of inter-Asian texts, the course will cover a representative variety of texts including history, literature, current affairs, cinematic, visual, and pop-cultures. By framing these texts in their local, regional, and global contexts, a comprehensive critical analysis will be developed.",93,644,1,Topic 1,10.984843,2.0388725
course_0384,Course Catalog,Course Descriptions,Robots and Monsters: Unruly Human Creations in World Literature (4 credits),LIT,LIT 210,Robots and Monsters: Unruly Human Creations in World Literature (4 credits),4.0,392,"What if humans had the power to create intelligent life. What would they do with that power? What would such creatures be like? These questions have captivated the imagination of storytellers for thousands of years. Prometheus stole the power to create life from the Greek gods. The Rabbi of Prague brought a clay creature to life with magical incantations. Frankenstein accomplished it with science on the operating table. And computer programmers try to build such creatures with AI technology. In stories, the end is always the same: the creature gets out of control, it threatens its creator and needs to be subdued. In this course, we will read stories of human effort to bring to life their own creations. We will discuss the literary features of such fantastical creations as the Golem, Frankenstein’s monster, Androids and AI. Over the term we will come to appreciate the human desires and fantasies associated with this figure and ask what these robots and monsters can tell us about our own humanity.",168,1010,0,Topic 0,9.1132,3.9230669
course_0385,Course Catalog,Course Descriptions,Politics and Literature (4 credits),LIT,LIT 211/POLSCI 211,Politics and Literature (4 credits),4.0,392,"In the past, the poet was regarded, not as an antipolitical bohemian nor as a political partisan, but rather as a wise teacher who could help us to understand the drama of human life as a whole and the drama of political life in particular. The goal of this course is to investigate the nature of politics and human nature by studying a number of masterpieces of classical literature. As we study these works, we will consider such themes as the equality of the sexes, democracy and aristocracy, science and politics, religion and politics, love and politics, and ambition and politics.",101,586,4,Topic 4,9.312318,2.5399525
course_0386,Course Catalog,Course Descriptions,Survival of the Fittest: Stories of Endurance and Extinction in World Literature (4 credits),LIT,LIT 212,Survival of the Fittest: Stories of Endurance and Extinction in World Literature (4 credits),4.0,392,"For centuries, one story in particular – “the survival of the fittest” – has influenced how individuals and communities make sense of their struggles. Challenges of ethnic rivalry and culture clashes, disease and immunity, commerce and poverty, even natural disasters and the threat of human extinction, all have been explained according to this “law of nature.” This course surveys a range of literary works and cultural figures that have produced the power of this story in world literature and culture. From Shakespeare to Yuval Noah Harrari, the course analyzes the perils and possibilities that this story holds for our human future. 392",102,642,4,Topic 4,8.36734,2.4005628
course_0387,Course Catalog,Course Descriptions,Literature and Global Citizenship (4 credits),LIT,LIT 213,Literature and Global Citizenship (4 credits),4.0,393,"What does it mean to be a global citizen? What can literature reveal about the social, cultural, and ethical dimensions of an increasingly interconnected world? What modes of critique, formations of belonging, and possibilities for conceptualizing the world —and one’s place in it— does of literature offer? Through a variety of texts, paired with perspectives drawn from literary criticism as well as sociology, anthropology, and philosophy, this interdisciplinary course will explore the possibilities as well as tensions inherent in differing conceptions of both the ‘globe’ and of ‘citizenship’.",88,599,4,Topic 4,9.652021,1.2025838
course_0388,Course Catalog,Course Descriptions,Introduction to Literary Research Writ Large (4 credits),LIT,LIT 214,Introduction to Literary Research Writ Large (4 credits),4.0,393,"Where does the meaning of a text come from: the author, the reader, the style? Why are the philosophical, historical, political and aesthetic contexts important for reading literature? What is the relationship between literature and society, arts and politics, form and content? This course takes a global approach to questions of text and meaning and includes a representative diversity of traditions and theorists of literature and aesthetics. The aim is to equip students with the tools to be attentive readers of literature and text. Prerequisite: ARHU 101 or any 100- or 200-level 4-credit LIT course",95,605,5,Topic 5,9.770797,3.0400512
course_0389,Course Catalog,Course Descriptions,Self-Making in the American Imagination (4 credits),LIT,LIT 215,Self-Making in the American Imagination (4 credits),4.0,393,"Mega-stars like Steve Jobs and Beyoncé and key political and cultural figures like Abraham Lincoln and Anne Bradstreet are all routinely described as “self-made”. The American belief that individuals achieve financial, political and social success exclusively on their own is crucial to understanding the U.S. and its impact on the world. This course looks at the historical origins of self-making and its cultural representations from the colonial era to the present. It prepares students to understand how the theme of self-determination shapes culture, identity and politics in the U.S. and in how Americans often engage with other cultures and countries.",100,658,4,Topic 4,10.20566,1.527736
course_0390,Course Catalog,Course Descriptions,Introduction to Creative Writing and Translation (4 credits),LIT,LIT 216,Introduction to Creative Writing and Translation (4 credits),4.0,393,"Novelists, poets, journalists, translators: there are many words to categorize writers. Yet in practice, writers often work in several genres, even producing pieces that resist single generic labels and cross languages. How can we decide which genres are best suited to a subject? What kinds of creative practices develop our strengths as writers? How does translation, as both a practice and a concept, frame our writing? How do we decide what language(s) to work in? This course is an introduction to creative writing and translation across genres and contexts. We begin with an exploration of our writerly habits and strengths before moving on to define and explore four major craft concepts: imagery, voice, collaboration, and form. We write frequently inside and outside of 393 class and, in the second half of the course, offer feedback on drafts in workshops moderated by the writer whose work is being discussed. Throughout the course, we challenge our preconceptions of ourselves as particular kinds of writers.",162,1020,5,Topic 5,10.061272,3.4197047
course_0391,Course Catalog,Course Descriptions,Li Yu and Seventeenth-century Chinese Pop Culture,LIT,LIT 217/CHINESE 417,Li Yu and Seventeenth-century Chinese Pop Culture,,394,"Seventeenth-century China witnessed a booming of what we now will call pop culture, thanks to increases in literacy and the rise of consumer culture. This course introduces students to a representative and unique author of that time, Li Yu, and his many commercially successful works, including novels, play scripts, and a DIY manual. We will delve into the seventeenth- century Chinese pop cultural environment, understand the tastes and concerns of Li’s contemporaries, and dissect the interwoven relationships between novels, plays, and various aesthetic practices such as garden construction and performance training. Prerequisite(s): International (CSL-track) students must have completed or placed out of Chinese 402. Students who have completed Chinese 401 may seek permission from the instructor.",116,804,1,Topic 1,12.230094,3.1170201
course_0392,Course Catalog,Course Descriptions,Translation for Kunqu: Martial Repertoire (2 credits),LIT,LIT 219/MEDIART 219,Translation for Kunqu: Martial Repertoire (2 credits),2.0,394,This course develops skills in translation from Chinese to English in the context of Kunqu theatre. Students study the conventions of Chinese formalized stage speech while increasing their command of both formal and oral English expression. They will learn strategies to express complex cultural references with brevity and without the luxury of footnotes. The course includes an experiential learning where students will have the opportunity to work on subtitles that will be used by the Kunshan Contemporary Kunqu Theatre. Students will attend rehearsals and work with actors to reconcile their translations to the stage tradition.,95,633,7,Topic 7,11.815261,3.993793
course_0393,Course Catalog,Course Descriptions,Line Breaks and Chapbooks: Poetry Workshop (4 credits),LIT,LIT 220,Line Breaks and Chapbooks: Poetry Workshop (4 credits),4.0,394,"From the first line break to the last stitch of bookbinding, this workshop leads students through the writing and publication of a short series of poems. For the first two-thirds of the course, students draft poems, honing the use of poetic techniques like imagery, comparison, rhythm, form, diction, and so forth, and practice giving and receiving critique in workshop. In the last third of the course, they collect their poems into a chapbook or pamphlet, learning how to best use the page to convey their work. The course culminates in a poetry reading to launch and celebrate the chapbooks.",99,594,5,Topic 5,9.91091,3.514258
course_0394,Course Catalog,Course Descriptions,The Realist Moment (4 credits),LIT,LIT 301,The Realist Moment (4 credits),4.0,394,"This course focuses primarily on realism (Howells, James, Gilman, Harper, Johnson), naturalism (Dreiser, Norris, Crane), and regionalism (Twain, Jewett, Chopin, Chesnutt) during the rise of consumer-managerial capitalism, first-wave feminism, and Jim-Crow Reconstruction. Possible 394 attention to early utopian fiction (Adams, Bellamy, Gilman, Howells) or the impact of journalism (Dreiser, Crane, Henry Adams, Jane Addams, and the muckrakers) on fiction.",59,456,4,Topic 4,10.081081,2.1473646
course_0395,Course Catalog,Course Descriptions,America’s Novel Modernity (4 credits),LIT,LIT 302,America’s Novel Modernity (4 credits),4.0,395,"This course is focused on the fiction, primarily the novel, that distinguishes the American literary response to the phenomena of “modernity” in the 1920s and 1930s: modernization, urbanization, the rise of consumer and finance capitalism, the Harlem Renaissance and “New Negro” Movements, the anti-immigration and Indian citizenship acts, the press of ethnic upward mobility, and the European literary experimentation called “modernism,” the world-entailing crash of the U.S. stock market. To be drawn from the works of: Stein, Cather, Wharton, Fitzgerald, Hemingway, Dos Passos, Larsen, Toomer, Schuyler, Hurston, Barnes, Hammett, Roth, McKay, Faulkner, DiDonato, Steinbeck.",94,676,4,Topic 4,10.114551,1.9883418
course_0396,Course Catalog,Course Descriptions,The Literary Arts of the Cold War (4 credits),LIT,LIT 303,The Literary Arts of the Cold War (4 credits),4.0,395,"This course focuses on the fictional, theatrical, cinematic, poetic, and new-journalist representation of the Cold War and its “Hot” manifestations (the Korean and, especially, the Vietnam War, as well as the violent turns in U.S. Radicalism). From the rise of postmodernism and the Beat era (Kerouac, Ginsberg, O’Connor, Williams, Miller) through treatments of the Civil Rights Movement, the New Left, and various manifestations of the Counter Culture (Eastern religions, the sexual revolution, communes, Afro-naturalism, Rowan and Martin’s Laugh-In), especially the anti-War Movement and Black Protest movements, to whatever of the 1970s (belated Vietnam films, feminist impact, etc.) works for closure.",100,705,4,Topic 4,10.170916,1.8725276
course_0397,Course Catalog,Course Descriptions,The Center Stage of Ethnic and Women’s Writing (4 credits),LIT,LIT 304,The Center Stage of Ethnic and Women’s Writing (4 credits),4.0,395,"Women’s, ethnic, and especially ethnic women’s writing from the breakthroughs of Walker, Morrison, Hong Kingston, Bambara, Silko, Joan Chase, and Paule Marshall to the glory days of Erdrich, Naylor, Alvarez, Cisneros, Anzaldúa, Jen, Kogawa, Adrienne Kennedy, Suzan-Lori Parks, and—of course—Morrison again, along with their male dissenters and allies, such as Ishmael Reed, Charles Fuller, Tony Kushner, Charles Johnson, Chang-Rae Lee, Oscar Hijuelos, Richard Rodriguez, David Henry Hwang, Junot Diaz, and Ron Hansen.",72,517,4,Topic 4,10.433856,2.0205386
course_0398,Course Catalog,Course Descriptions,The U.S. and the Contemporary Global Imagination (4 credits),LIT,LIT 305,The U.S. and the Contemporary Global Imagination (4 credits),4.0,395,"This course treats issues of the globe in the U.S. and the U.S. in the globe, as imagined in both Maximalist fiction of various orders (DeLillo, Wallace, Silko, Butler, Delaney, Chabron) and the auto-ethnographic and multicultural contact novel (Morrison, Lee, Cole, Díaz, Shteyngart, Adichie, Hoessini, Hamid, Beatty, Whitehead) centered in the multicultural U.S.—as well as whatever global anglophone writing (Sebald, Mitchell, Coetzee), the graphic novel (Speigelman, 395 Satrapi, Sacco, Eisner, Bechdel, the Hernandez brothers), or serial television (The Sopranos, The Wire, Breaking Bad) works for a particular term.",88,621,4,Topic 4,10.198685,2.2647061
course_0399,Course Catalog,Course Descriptions,Melodrama East and West (4 credits),LIT,LIT 306,Melodrama East and West (4 credits),4.0,396,"This course examines melodrama as a genre in literature and as a mode of representation in film and other media. In examining representative works the course pays attention to key issues in cultural theory, including gender construction, class formation, racial recognition, and national identity-building. The course places equal emphasis on texts from US and Chinese cultures and uses a comparative method to explore the politics of cross-cultural representation in both societies, leading to a critical understanding of how China is represented in US melodrama, and vice-versa.",86,580,1,Topic 1,10.94841,2.2863781
course_0400,Course Catalog,Course Descriptions,Digital Storytelling (4 credits),LIT,LIT 307,Digital Storytelling (4 credits),4.0,396,"This course introduces the theory, method, and practice of digital storytelling. Students will learn to analyze digital storytelling in various media forms and modes of production, and evaluate the cultural impact of new media narratives. They will explore digital storytelling affordances including text, video, audio, design, animation, and interactivity. Students will gain hands-on experience developing digital narratives and creating digital critiques. No specific digital media authoring experience is required.",69,518,5,Topic 5,9.554427,5.1212378
course_0401,Course Catalog,Course Descriptions,American Icons (4 credits),LIT,LIT 308,American Icons (4 credits),4.0,396,"A study of the works and dramatized presence of any number of iconic figures on America’s cultural stage, which varies each term according to the expertise of the instructor. The course could have a pre-Revolutionary focus, treating semi-mythic figures such as Bradford, Wild Bill Hickock, Pocahantas, Morton, Adams and Hamilton. It might look at mid-19th century such as Andrew Jackson, Sitting Bull, Abraham Lincoln, John Brown, Fanny Fern, Thomas Dartmouth Rice, “Little Eva,” “Stagger Lee,” and “John Henry.” Or it will focus on more recent icons, from Teddy Roosevelt, Harry Houdini, Bessie Smith, Louis Armstrong, Duke Ellington, Valentino, and Mae West in the early decades to Billie Holiday, Frank Sinatra, and Judy Garland (to cite only the singers) at mid-century to Kennedy, Malcolm X, and Martin Luther King in the sixties (to cite only the politicos) or even Madonna, Tupac, Gaga, Beyoncé and Kendrick Lamar (back to the musicians). A study of the interplay among their arts, their celebrity personae, and their impact on ethnic, national, and international scenes.",169,1078,4,Topic 4,10.551206,2.1610885
course_0402,Course Catalog,Course Descriptions,What(’s) the Fuss? The Art and Power of Banned Literature (4 credits),LIT,LIT 309,What(’s) the Fuss? The Art and Power of Banned Literature (4 credits),4.0,396,"What makes a work of literature offensive? And by whom? This course examines a variety of literary works that have been viewed as subversive in different cultural, historical and socio- political contexts. Exploring writers’ engagement with the transgression of social codes, the course 396 asks, what can we learn about a culture from its controversial literature? Can a text banned in one culture be enthusiastically received in another? In what ways is taboo literature powerful as it moves across racial, gender, cultural, and geo-political divides? In probing these questions, the course delves into slippery notions of what is “bannable” in various landscapes of literary remapping.",105,688,4,Topic 4,10.061285,2.5606835
course_0403,Course Catalog,Course Descriptions,Translation for Kunqu: Literary Repertoire (4 credits),LIT,LIT 310,Translation for Kunqu: Literary Repertoire (4 credits),4.0,397,"This course develops skills in translation between English and Chinese in the context of theatre and film. Is performance translatable? How can a translator of subtitles deal with complex cultural references while maintaining brevity and without the luxury of footnotes? Should a translation be loyal to the playwright or to the performer? Can it anticipate audience interpretations, and should it guide them? Students compare translations of key works, develop translations for performances within the local community and consider the role of the translator as a mediator of meaning within a complex system of cultural production. Prerequisite(s): Sophomore standing or above; or Consent of the Instructor",105,706,7,Topic 7,11.813096,3.9489512
course_0404,Course Catalog,Course Descriptions,Poetry in Conversation (4 credits),LIT,LIT 311,Poetry in Conversation (4 credits),4.0,397,"Across historical moments, poets talk not only to other poets but also to artists working in other media. This course examines poetry in and as conversation. Alongside critical and creative writing exercises, students explore the friendships, gossip, and tensions of various artistic schools and movements. In doing so, the course reveals poetry as a site of collaboration. Possible topics include Cubism, Futurism, the Beats, the New York School(s), Abstract Expressionism, contemporary translation press projects, as well as transhistorical forms like ekphrasis and cut-ups. Prerequisite(s): Any LIT course; or Consent of the Instructor",92,638,5,Topic 5,9.941811,3.3834639
course_0405,Course Catalog,Course Descriptions,Writing the World: Travel Narratives and Beyond (4 credits),LIT,LIT 312,Writing the World: Travel Narratives and Beyond (4 credits),4.0,397,"Travel narratives include some of literature’s most influential and popular works, from Marco Polo’s travelogues to Sanmao’s Stories of the Sahara. Travel writing remains, however, a vaguely defined and relatively understudied genre. (What about the Odyssey? Is that a kind of travel writing?) However we choose to define its boundaries, travel writing is fundamentally concerned with encounter and representation. How do we make sense of the new? What are the ethics of writing about others? How does travel allow for critical reflection on languages, histories, and identities? What is the relationship between travel writing and forms of imperialism, nationalism, and globalization? 397",102,689,4,Topic 4,10.141065,2.6380563
course_0406,Course Catalog,Course Descriptions,Anatomy of Emotions: Literature and Psychoanalysis (4 credits),LIT,LIT 313,Anatomy of Emotions: Literature and Psychoanalysis (4 credits),4.0,398,"“Where could you find a history of love, of avarice, of envy, of conscience, of cruelty?” asked philosopher Friedrich Nietzsche, whose deeply literary writings have also shaped the field of psychoanalysis. This course will resort to Nietzsche, Sigmund Freud, and Jacques Lacan as theoretical groundwork to reflect on processes of artistic creation and how they (and we) deal with, and sublimate, emotions and affects. Our discussions will be based on close readings across a wide range of genres and traditions, and structured around six thematic dossiers: failure, love, depression, grief, joy, and awe. Prerequisite(s): ARHU 101 or any 100- or 200-level 4-credit LIT course",104,675,5,Topic 5,9.783226,3.099356
course_0407,Course Catalog,Course Descriptions,Big Stories: Fiction and Non-Fiction Workshop (4 credits),LIT,LIT 314,Big Stories: Fiction and Non-Fiction Workshop (4 credits),4.0,398,"How do worlds come alive on the page? How do authors make their readers feel like they are walking the streets of New York City – or Middle-earth? This creative writing workshop is for students working on fiction and/or non-fiction who wish to improve their worldbuilding skills. Students refine various craft elements in their work, such as tone, plot, setting, periodization, character development, and immersion. The workshop invites students to work on one or more genres of their choice (journalistic nonfiction, video game script writing, fantasy, sci-fi, memoir…) as they hone their voice and style.",95,606,5,Topic 5,9.900828,3.3356378
course_0408,Course Catalog,Course Descriptions,Translation Theory (4 credits),LIT,LIT 315,Translation Theory (4 credits),4.0,398,"This course examines translation as a concept, an interpretive frame, and a form of creative expression. Students will read theories of translation by literary critics, practicing translators, and cultural theorists and consider the conceptual questions that accompany the production and study of translation. What is the “task” of the translator? What is the relation between a “translation” and an “original”? Discussion and analysis of these questions will explore possibilities of translation between languages as well as between media and artforms. 398 Courses with Course Subject: Material Science (MATSCI)",88,612,5,Topic 5,11.436037,3.8750534
course_0409,Course Catalog,Course Descriptions,Fundamentals of Materials Science (4 credits),MATSCI,MATSCI 201,Fundamentals of Materials Science (4 credits),4.0,399,"This is the introductory lecture class for sophomore students in Materials Science at Duke Kunshan University. This course is an introduction to topics fundamental to materials science: structure, bonding, and thermodynamics. Bonding is the foundation of structure, and the structure provides constraints on the thermodynamic properties of materials. These topics are intimately related and are required for a full understanding of materials’ synthesis, fabrication, and processing. Prerequisite(s): INTGSCI 102; or CHEM 110 or CHEM 120 and PHYS 121",78,549,2,Topic 2,3.4061356,2.786348
course_0410,Course Catalog,Course Descriptions,Mathematical Method for Materials Science (4 credits),MATSCI,MATSCI 202,Mathematical Method for Materials Science (4 credits),4.0,399,"This course focuses on providing students with mathematical knowledge to understand structure- property relationship in materials. The course will be based on “Advanced Calculus for Applications”, which is a textbook designed for undergraduate students with interests in materials science and engineering. Topics include Number Systems and Algebra of Complex Numbers, Elementary Complex Functions, Analytic Functions, Complex Integrals, Taylor Series, Laurent Series, Differential Equations, etc. Prerequisite(s): MATH 201",67,522,2,Topic 2,3.9854953,3.4794657
course_0411,Course Catalog,Course Descriptions,Materials Synthesis and Characterization (Lab) (4 credits),MATSCI,MATSCI 301,Materials Synthesis and Characterization (Lab) (4 credits),4.0,399,"This lab course is designed to expose student to synthesis and characterization methods commonly used in materials science. Solution based methods, chemical vapor deposition, solid-solid reaction, SEM, TEM, x-ray diffraction RAMAN, IR, and electrochemical characterization will be the topics with which students will have hands-on experience. Prerequisite(s): CHEM 201; MATSCI 201; MATH 201; and INGTGSCI 102 or PHYS 121",59,420,2,Topic 2,3.5945778,2.6389813
course_0412,Course Catalog,Course Descriptions,"Electronic, Optical and Magnetic Properties of Materials (4 credits)",MATSCI,MATSCI 302,"Electronic, Optical and Magnetic Properties of Materials (4 credits)",4.0,399,"This course discusses the electronic, optical and magnetic properties of materials, and how the properties are related to their electronic and molecular structures. Specific examples of important materials will be discussed in the class, including materials for electronic devices, materials for electro-optical devices, optical fibers, solar cells and other devices. How the chemical composition and physical structure changes the properties at nanoscale will also be a major topic of discussion. Prerequisite(s): MATSCI 201; MATH 201; and PHYS 121 or INTGSCI 102 399",82,568,2,Topic 2,3.4272122,2.8630435
course_0413,Course Catalog,Course Descriptions,Phase Transformations (4 credits),MATSCI,MATSCI 303,Phase Transformations (4 credits),4.0,400,"The state of matter is dependent upon temperature, thermal history, and other variables. In this course the science of structural transitions is treated, with the purpose in mind of utilizing them for producing materials with superior properties. The subjects covered include the methods of structural analysis, solidification, solid state transformation, and order-disorder transition. Prerequisite(s): MATSCI 201; PHYS 302 or CHEM 301",61,436,2,Topic 2,3.3717215,2.800307
course_0414,Course Catalog,Course Descriptions,Mechanical Properties of Materials (4 credits),MATSCI,MATSCI 401,Mechanical Properties of Materials (4 credits),4.0,400,"The course will discuss the origin of mechanical properties in materials, mostly solid-state materials. Topics will include continuum elasticity and plasticity, slip geometry and dislocation theory, Strengthening mechanisms in metals and alloys, thermal effects, creep, fracture and fatigue etc. This course will include basic mechanisms and engineering analysis. Prerequisite(s): MATSCI 201; MATH 201; and INGTGSCI 102 or PHYS 121",59,431,2,Topic 2,3.708517,3.2165687
course_0415,Course Catalog,Course Descriptions,Introduction to Nanoscale Functional Materials (4 credits),MATSCI,MATSCI 402,Introduction to Nanoscale Functional Materials (4 credits),4.0,400,"The main purpose of this course is to introduce students to key concepts underlying the design, properties and processing of nanoscale functional materials, and how they are employed in practical applications. Fundamental chemical and physical principles underlying the properties of electronic, dielectric and magnetic materials will be developed in the context of metals, semiconductors, insulators, crystals, glasses, polymers and ceramics. Miniaturization and the nanotechnology revolution confront materials science with limitations and opportunities; examples in which nanoscale materials are different from our macro world experience will be explored. Prerequisite(s): PHYS 122; MATSCI 302",92,696,2,Topic 2,3.4190488,2.866096
course_0416,Course Catalog,Course Descriptions,Quantum Physics for Materials Science (4 credits),MATSCI,MATSCI 403,Quantum Physics for Materials Science (4 credits),4.0,400,"This course is designed to meet the changing quantum mechanics needs in such areas as solid-state research, quantum electronics, materials science, etc. The course will explain multiparticle Hamiltonians, potential wells and how they apply to electrons in solids (solid state physics) as well as the harmonic potential and applications in solid state. The physics about low dimensional structures such as quantum wells/2-dimensional materials, nanowires and quantum dots will also be discussed. Prerequisite(s): PHYS 306 400",75,524,2,Topic 2,3.593389,3.0968246
course_0417,Course Catalog,Course Descriptions,Polymers and Biomaterials (4 credits),MATSCI,MATSCI 404,Polymers and Biomaterials (4 credits),4.0,401,"Polymer is one of the most widely used materials in our daily life, from the rubber tires to clothes, from photoresists in chip manufacturing to flexible electronics and smart sensors, from Scotch tapes to artificial tissues. This course teaches entry-level knowledge in polymer synthesis, characterization, thermodynamics, and structure-property relationship. Emphasis will be on understanding both chemical and physical aspects and polymer chain size/dimension that drive the molecular, microscopic and macroscopic structures and the resulting properties. We will discuss how to apply polymer designs to advance nanotechnology, electronics, energy and biotechnology. Case studies include thermodynamics of block copolymer thin films and their applications in nanolithography, shape memory polymers, hydrogels, and elastomeric deformation and applications. Prerequisite(s): MATSCI 201; CHEM 201; PHYS 302 or CHEM 301",123,917,2,Topic 2,3.3765032,2.8352683
course_0418,Course Catalog,Course Descriptions,Bio-Inspired Smart Materials (4 credits),MATSCI,MATSCI 405,Bio-Inspired Smart Materials (4 credits),4.0,401,"Biological organisms in nature have achieved intelligent functions with optimal hierarchical structures through billions of years of evolution. For example, lotus leaves are superhydrophobic to achieve the self-cleaning property, due to their micro/nano structured surfaces, called “lotus effect”. Inspired by nature, scientists have designed and fabricated smart materials to mimic the advanced functions. This course will bridge the living organisms with their properties to the bioinspired materials/surfaces with special wettability. Prerequisite(s): PHYS 302 or CHEM 301 401 Courses with Course Subject: Mathematics (MATH) MATH 21 Introduction to Calculus I (4 credits) Credit awarded on the basis of national/international examinations in mathematics such as College Board, International Baccalaureate, British Advanced Level. MATH 22 Introduction to Calculus II (4 credits) Credit awarded on the basis of national/international examinations in mathematics such as College Board, International Baccalaureate, British Advanced Level.",137,1038,2,Topic 2,3.7758608,2.7785695
course_0419,Course Catalog,Course Descriptions,Introductory Calculus (4 credits),MATH,MATH 101,Introductory Calculus (4 credits),4.0,402,"This course offers an introduction to Calculus, a subject that is the foundation for a large part of modern mathematics and has countless applications across the sciences and beyond. The course covers the fundamental Calculus concepts (limits, continuity, differentiation, integration) and explores related applications. The treatment of these concepts assumes no prior knowledge of Calculus. Recommended for students who have not had a previous (high-school level) Calculus course. Students who have had such a Calculus course are recommended to take MATH 105 instead. Prerequisite(s): Permission only Anti-requisite(s): MATH 105",89,630,2,Topic 2,4.4335275,4.206385
course_0420,Course Catalog,Course Descriptions,Calculus (4 credits),MATH,MATH 105,Calculus (4 credits),4.0,402,"Calculus is the foundation for a large part of modern mathematics and has countless applications across the sciences and beyond. This course covers the fundamental Calculus concepts (limits, continuity, differentiation, integration) and explores related applications. The treatment of these concepts assumes some prior knowledge of Calculus. Recommended for students who have had a previous (high-school level) Calculus course. Students who have not had such a Calculus course are recommended to take MATH 101 instead. Prerequisite(s): Recommended for students who have had a previous (high-school level) Calculus course. Anti-requisite(s): MATH 101 402",91,653,2,Topic 2,4.590517,4.375626
course_0421,Course Catalog,Course Descriptions,Multivariable Calculus (4 credits),MATH,MATH 201,Multivariable Calculus (4 credits),4.0,403,"Main topics of this course include vectors and vector functions, the geometry of higher dimensional Euclidean spaces, partial derivatives, multiple integrals, line integrals, vector fields, Green’s Theorem, Stokes’ Theorem and the Divergence Theorem. Prerequisite(s): MATH 101 or 105",38,283,2,Topic 2,4.426907,4.121396
course_0422,Course Catalog,Course Descriptions,Linear Algebra (4 credits),MATH,MATH 202,Linear Algebra (4 credits),4.0,403,"Systems of linear equations and elementary row operations, Euclidean n-space and subspaces, linear transformations and matrix representations, Gram-Schmidt orthogonalization process, determinants, eigenvectors and eigenvalues; applications. Prerequisite(s): MATH101 or 105",29,272,2,Topic 2,4.9121637,4.275286
course_0423,Course Catalog,Course Descriptions,Advanced Calculus (4 credits),MATH,MATH 203,Advanced Calculus (4 credits),4.0,403,"Sequences, series, and their convergence properties. Power series, Taylor series, and Fourier series. Solution methods for first and second order differential equations. Prerequisite(s): MATH101 or 105",26,201,2,Topic 2,4.5230737,3.8855116
course_0424,Course Catalog,Course Descriptions,Probability and Statistics (4 credits),MATH,MATH 205,Probability and Statistics (4 credits),4.0,403,"The course begins with a brief overview of sequences and series followed by an introduction to probability theory and statistics. It covers basic concepts of probability, independence, conditional probability, random variables, with emphasis on probability distributions that frequently arise in applications. Convergence in distribution and convergence in probability; the central limit theorem, and the weak law of large numbers. Topics from classical statistics, and introduction to linear regression. Prerequisite(s): MATH 101 or 105 Anti-requisite(s): MATH 206",76,565,2,Topic 2,5.2827353,3.937668
course_0425,Course Catalog,Course Descriptions,Probability and Statistics (4 credits),MATH,MATH 206,Probability and Statistics (4 credits),4.0,403,"This course serves as an introduction to probability theory and statistics. It covers basic concepts of probability, independence, conditional probability, random variables, with emphasis on probability distributions that frequently arise in applications. Convergence in distribution and convergence in probability; the central limit theorem, and the weak law of large numbers. Topics from classical and Bayesian statistics, and introduction to linear regression. 403 Prerequisite(s): MATH 101 or 105 Anti-requisite(s): MATH 205",70,528,2,Topic 2,5.32767,3.9769745
course_0426,Course Catalog,Course Descriptions,Advanced Introduction to Probability (4 credits),MATH,MATH 301,Advanced Introduction to Probability (4 credits),4.0,404,"Advanced introduction to basic, non-measure theoretic probability. Topics include random variables with discrete and continuous distributions. Independence, joint distributions, conditional distributions, generating functions, Bayes’ formula, and Markov chains. Rigorous arguments are presented for the law of large numbers, central limit theorem, and Poisson limit theorems. Prerequisite(s): MATH 201 and 202; and MATH 205 or 206",55,430,2,Topic 2,5.36173,3.9178212
course_0427,Course Catalog,Course Descriptions,Numerical Analysis (4 credits),MATH,MATH 302,Numerical Analysis (4 credits),4.0,404,"Introductory course on numerical analysis. Topics include development of numerical techniques for accurate, efficient solution of problems in science, engineering, and mathematics through the use of computers. Linear systems, nonlinear equations, optimization, numerical integration, differential equations, simulation of dynamical systems, error analysis. Students are not allowed to take both MATH 302 and MATH 304 because of the content overlap. Students who are planning to major in Data Science should take MATH 304 instead, and those who have taken MATH 302 may not major in Data Science. Prerequisite(s): MATH 201; and MATH 202; and COMPSCI 101 or 201 or STATS 102 Anti-requisite(s): MATH 304",103,699,2,Topic 2,5.2000184,4.6893272
course_0428,Course Catalog,Course Descriptions,ODE and Dynamical Systems (4 credits),MATH,MATH 303,ODE and Dynamical Systems (4 credits),4.0,404,"Theory of ordinary differential equations with some of the modern theory of dynamical systems. Topics include differential equations and linear systems of Des, the general theory of nonlinear systems, the qualitative behavior of two-dimensional and higher-dimensional systems, and applications in various areas. Prerequisite(s): MATH 201, MATH 202",47,347,2,Topic 2,4.529014,3.8394687
course_0429,Course Catalog,Course Descriptions,Numerical Analysis and Optimization (4 credits),MATH,MATH 304,Numerical Analysis and Optimization (4 credits),4.0,404,"This course covers Gaussian elimination, LU factorization, Cholesky decomposition, QR decomposition, Newton-Raphson method, binary search, convex function, convex set, gradient method, Newton method, Lagrange dual, KKT condition, interior point method, conjugate gradient method, random walk, and stochastic optimization. Students are not allowed to take both MATH 302 and MATH 304 because of the content overlap. Students who are planning to major in Applied 404 Math and Computational Sciences should take MATH 302 instead, and those who have taken",78,550,2,Topic 2,5.2100773,4.47987
course_0430,Course Catalog,Course Descriptions,may not major in Applied Math and Computational Sciences.,MATH,MATH 304,may not major in Applied Math and Computational Sciences.,,405,Prerequisite(s): MATH 201; MATH 202; MATH 205 or 206; and COMPSCI 201 or COMPSCI 101 or,16,87,2,Topic 2,5.1527467,4.7358456
course_0431,Course Catalog,Course Descriptions,Advanced Linear Algebra (4 credits),MATH,MATH 305,Advanced Linear Algebra (4 credits),4.0,405,"This course covers pseudo inverse, inner product, vector spaces and subspaces, orthogonality, linear transformations and operators, projections, matrix factorization, and singular value decomposition. Prerequisite(s): MATH 201 and MATH 202; COMPSCI 201 or COMPSCI 101 or STATS 102 is recommended",39,295,2,Topic 2,4.9911237,4.3778205
course_0432,Course Catalog,Course Descriptions,Number Theory (4 credits),MATH,MATH 306,Number Theory (4 credits),4.0,405,"Divisibility properties of integers, prime numbers, congruences, quadratic reciprocity, number- theoretic functions, simple continued fractions, rational approximations; contributions of Fermat, Euler, and Gauss. Prerequisite(s): MATH 203 or 205",28,245,2,Topic 2,4.2722964,4.237517
course_0433,Course Catalog,Course Descriptions,Complex Analysis (4 credits),MATH,MATH 307,Complex Analysis (4 credits),4.0,405,"Introduction to analysis of functions of complex variables. Topics include complex numbers, analytic functions, complex integration, Taylor and Laurent series, theory of residues, argument and maximum principles, conformal mapping. Prerequisite(s): MATH 201, MATH 202",34,267,2,Topic 2,4.4565887,3.8948326
course_0434,Course Catalog,Course Descriptions,Real Analysis (4 credits),MATH,MATH 308,Real Analysis (4 credits),4.0,405,"The course discusses the defining properties of the real numbers, the topology of the real line and its subsets, and a rigorous development of single variable Calculus including limits, sequences and series of numbers, continuity, differentiability, sequences and series of functions, the power series representation of functions, and the Riemann integral, culminating in the Fundamental Theorem of Calculus. This is an abstract mathematics course with a heavy emphasis on proofs and formal arguments rather than on computations. Even though not strictly required, it is strongly suggested that students take MATH 201 or MATH 202 before taking MATH 380. Prerequisite(s): MATH 203, MATH 205 405",104,693,2,Topic 2,4.467534,4.430459
course_0435,Course Catalog,Course Descriptions,Quantitative Finance,MATH,MATH 317/ECON 317,Quantitative Finance,,406,"This is a course in mathematical models in ﬁnance, centered around the problem of how to apply quantitative methods to accurately solve finance problems. The first part of the course focuses on the success of mathematical finance in traditional areas. These include the time value of money, risk diversification, and factor models. The second part of the course emphasizes how to apply modern machine learning methods to finance datasets and introduces some popular regression and classification methods will be introduced. Specifically, this course addresses what is the difference between financial data and other data and how should machine learning methods be applied in this field. Some coding experience is encouraged, but not strictly required. Prerequisites: MATH 201; MATH 202; and MATH 205 or 206 or equivalent probability course. Some coding experience is encouraged, but not strictly required.",137,905,2,Topic 2,5.7886386,3.9568183
course_0436,Course Catalog,Course Descriptions,Abstract Algebra (4 credits),MATH,MATH 401,Abstract Algebra (4 credits),4.0,406,"An introduction to the principles and concepts of abstract algebra. Abstract algebra studies the structure of sets with operations on them. The course studies three basic kinds of “sets with operations on them”, called Groups, Rings, and Fields, with applications to number theory, the theory of equations, and geometry. Prerequisite(s): MATH 202",52,346,2,Topic 2,4.4528427,4.3402243
course_0437,Course Catalog,Course Descriptions,Partial Differential Equations (4 credits),MATH,MATH 403,Partial Differential Equations (4 credits),4.0,406,"Topics include heat, wave, and potential equations: scientific context, derivation, techniques of solution, and qualitative properties. Topics to include Fourier series and transforms, eigenvalue problems, maximum principles, Green’s functions, and characteristics. Prerequisite(s): MATH 303 and MATH 308",37,304,2,Topic 2,4.2987437,3.7623281
course_0438,Course Catalog,Course Descriptions,Stochastic Modeling & Computing (4 credits),MATH,MATH 404,Stochastic Modeling & Computing (4 credits),4.0,406,"Focusing on stochastic process and stochastic simulations. Topics include discrete-time and continuous-time Markov chains, Poisson processes and renewal theory, branching processes, generating random numbers and variates, Monte Carlo simulation, statistical analysis of simulation results, variance reduction techniques, etc. Prerequisite(s): MATH 205 or 206 406",44,362,2,Topic 2,5.29494,3.8874962
course_0439,Course Catalog,Course Descriptions,Mathematics of Data Analysis and Machine Learning (4 credits),MATH,MATH 405,Mathematics of Data Analysis and Machine Learning (4 credits),4.0,407,"Geometry of high dimensional data sets. Linear dimension reduction, principal component analysis, kernel methods. Nonlinear dimension reduction, manifold models. Graphs. Random walks on graphs, diffusions, page rank. Clustering, classification and regression in high- dimensions. Sparsity. Computational aspects, randomized algorithms. Students are not allowed to take both",46,373,2,Topic 2,5.2257786,4.347837
course_0440,Course Catalog,Course Descriptions,and STATS 302 because of the content overlap. Students who are planning to major in,MATH,MATH 405,and STATS 302 because of the content overlap. Students who are planning to major in,,407,"Data Science should take STATS 302 instead, and those who have taken MATH 405 may not major in Data Science. Prerequisite(s): MATH 201; MATH 202; and MATH 205 or 206. Anti-requisite: COMPSCI 309 and STATS 302",36,208,2,Topic 2,5.236681,4.7709274
course_0441,Course Catalog,Course Descriptions,Mathematical Modeling (4 credits),MATH,MATH 406,Mathematical Modeling (4 credits),4.0,407,"Introduction to techniques used in the construction, analysis, and evaluation of mathematical models. Individual modeling projects in biology, chemistry, economics, engineering, medicine, or physics. Mathematical techniques such as nondimensionalization, perturbation analysis, and special solutions will be introduced to simplify the models and yield insight into the underlying problems. Prerequisite(s): MATH 303 or Consent of the Instructor",56,444,2,Topic 2,4.9211316,3.632031
course_0442,Course Catalog,Course Descriptions,General Relativity,MATH,MATH 407/PHYS 407,General Relativity,,407,"Introduction to tensor calculus and metric geometry; Maxwell theory and special relativity; Lorentzian spacetimes; Einstein’s field equations; Schwarzschild and Kerr solutions, black hole properties; Friedmann equations and cosmology; optical geometry and gravitational lensing; gravitational waves; current research overview. Useful but not required: MINI-TERM Invitation to Spacetime; knowledge of differential equations and differential geometry (e.g., MATH 303, MATH 403, MATH 408); knowledge of classical mechanics, electromagnetism and astronomy (e.g., PHYS 134, PHYS 201, PHYS 301). Prerequisites: MATH 201 and MATH 202",80,626,2,Topic 2,3.9407566,3.8870747
course_0443,Course Catalog,Course Descriptions,Differential Geometry (4 credits),MATH,MATH 408,Differential Geometry (4 credits),4.0,407,"A first course to differential geometry focusing on the study of curves and surfaces in 2- and 3- dimensional Euclidean space using the techniques of differential and integral calculus and linear algebra. Topics include curvature and torsion of curves, Frenet-Serret frames, global properties of 407 closed curves, intrinsic and extrinsic properties of surface, Gaussian curvature and mean curvatures, geodesics, minimal surfaces, and the Gauss-Bonnet theorem. Prerequisite(s): MATH 201, MATH 202",70,496,2,Topic 2,4.099021,4.00693
course_0444,Course Catalog,Course Descriptions,Topology (4 credits),MATH,MATH 409,Topology (4 credits),4.0,408,"Elementary introduction to topology. Topics include topology of metric spaces, abstract topological spaces, open and closed sets, connectedness, compactness, continuity, and completeness, subspaces, product and quotient spaces, separation axioms, homotopies of paths, the fundamental group, covering spaces, index theory, and applications (Borsuk-Ulam Theorem, Ham Sandwich Theorem, Fundamental Theorem of Algebra). Prerequisite(s): MATH 308 or Consent of the Instructor",58,470,2,Topic 2,4.28888,4.081902
course_0445,Course Catalog,Course Descriptions,Modeling Biological Systems (4 credits),MATH,MATH 410,Modeling Biological Systems (4 credits),4.0,408,"Students will review mathematical methods of differential equations and probability and discuss how to use mathematical techniques in the development of models in biology. The seminar is highly interactive, and students are expected to contribute to presentations and class discussions on individual research projects. Students will determine the topics covered in this research seminar on mathematical methods for modeling biological systems based on their own research interests in the active learning part. In the first 4 weeks of the course each student will work with the instructor to agree upon a substantial final individual student modeling project that the student will develop over the course of the class. Prerequisite(s): MATH 201, MATH 202, BIOL 110",115,763,2,Topic 2,4.878357,3.1960247
course_0446,Course Catalog,Course Descriptions,Stochastic Process for Finance (4 credits),MATH,MATH 411/ECON 411,Stochastic Process for Finance (4 credits),4.0,408,"This is a course in mathematical models in ﬁnance, centered around the problem of building mathematical models for the stock market and its applications in pricing and hedging derivative securities. Due to the uncertainty inherent in the evolution of the stock market, the theory naturally involves probabilistic tools and structures such as conditioning, martingales, and Markov processes. To focus on the main idea, the course works with a simple model so-called binomial asset pricing model for the discrete cases, and the geometric Brownian motion model for the continuous cases, for most of the time. In addition, some finance theories behind and application to empirical data will be discussed. Some coding experience is encouraged, but not strictly required. Prerequisite: MATH 101 or 105; and MATH 205 or 206 or equivalent probability course 408",132,853,2,Topic 2,5.6086426,3.8330386
course_0447,Course Catalog,Course Descriptions,Functional Analysis,MATH,MATH 412,Functional Analysis,,409,"This course will cover topics including normed spaces, functionals, operators, and major theorems (Banach-Alaoglu theorem, uniform boundedness theorem, open mapping theorem, Hahn-Banach theorem, spectral theory for compact operator) in functional analysis as well as their applications. It will concentrate on the topological and infinite dimensional structure of function spaces, with examples in Fourier analysis, as an extension of linear algebra, and in applications in mathematical analysis. MATH 409 Topology and MATH 450 Measure Theory and Integration are recommended. Prerequisite(s): MATH 202 and MATH 308",84,614,2,Topic 2,4.6376266,4.070667
course_0448,Course Catalog,Course Descriptions,Scientific Computing (4 Credits),MATH,MATH 413/COMPSCI 413,Scientific Computing (4 Credits),4.0,409,"Numerical methods for ODE. Finite difference method and finite element method for elliptic and parabolic PDE. Basic training for mathematical simulation programming. Introduction to numerical analysis foundations including Sobolev spaces and Fourier analysis. Prerequisite(s): MATH 302, MATH 303, and MATH 403.",41,310,2,Topic 2,4.676987,3.7979145
course_0449,Course Catalog,Course Descriptions,Optimization and Control (4 credits),MATH,MATH 414,Optimization and Control (4 credits),4.0,409,Subjects include optimization problems; optimality conditions; convex optimization; dynamic programming; and control of dynamic systems (model predictive control). Prerequisite(s): MATH 201 and MATH 202.,24,203,2,Topic 2,5.0479856,4.1773977
course_0450,Course Catalog,Course Descriptions,Measure and Integration (4 credits),MATH,MATH 450,Measure and Integration (4 credits),4.0,409,Introduction to analysis of functions of real variables. Topics include Lebesgue measure and integration; L^p spaces; absolute continuity; abstract measure theory; Radon-Nikodym Theorem; connection with probability; Fourier series and integrals. Prerequisite(s): MATH 308 409 Courses with Course Subject: Media (MEDIA),40,318,2,Topic 2,4.568196,4.0152664
course_0451,Course Catalog,Course Descriptions,Digital Design (4 credits),MEDIA,MEDIA 104/INFOSCI 104,Digital Design (4 credits),4.0,410,"This course provides an introduction to design as a critical and creative practice within the context of computational domains. Topics covered include concepts in graphic and information design, including synergies, resonances, and contradictions between mathematical and artistic approaches and traditions. The course also includes an introduction to design thinking as a trans-disciplinary phenomenon encompassing iterative development cycles, structured and emergent behaviors, divergent thinking, and transferable methods. The emphasis will be on both scientific and artistic approaches to knowledge production, creativity, and communication, and how cross-functional project teams can work together in generative and productive ways.",95,738,5,Topic 5,10.015221,4.161182
course_0452,Course Catalog,Course Descriptions,New Media and Society (4 credits),MEDIA,MEDIA 201/CULANTH 201,New Media and Society (4 credits),4.0,410,"New media – ranging from the Internet to Twitter and Facebook, from informational networks to handheld devices – have in recent years drastically influenced the social relations for individual and communities, and have exerted profound influence on social, economic and political life. The course traces the development of new media, their relationship to previous modes of communication and transmission, and how digital technologies influence emerging and changing spheres of economic, political and social exchanges.",74,519,5,Topic 5,9.1549635,5.756871
course_0453,Course Catalog,Course Descriptions,Culture and Industry (4 credits),MEDIA,MEDIA 202/GCULS 201/CULANTH 202,Culture and Industry (4 credits),4.0,410,"Apple is currently the most valuable company/brand in the world. Despite its technological origin, the company has always valued design, interface, affect, imagination and creativity – skills that the humanities and the interpretive social sciences offer and promote. This course examines how cultural studies, in its analyses of fandom, reception theory, cultural hegemony, etc., provide students the theoretical skills to understand, analyze and prepare for working in the emerging creative industries in China today. Topics that might be included in this course: cultural industry and modernity, popular culture and everyday life, representations of gender and sexuality in advertisement, the impact of new social media and information technology, and censorship.",109,766,1,Topic 1,11.514214,2.952567
course_0454,Course Catalog,Course Descriptions,Global Media and Communication (4 credits),MEDIA,MEDIA 203,Global Media and Communication (4 credits),4.0,410,"This course will examine the global effects of media, the flow of information, the controls countries impose on communication systems and the effects of Western dominance on world media systems. The course will introduce students to the key theories, concepts, and practices in the broadly defined global media and communication. Students will examine the giant media companies around the world and discuss the impact of ownership on media messages. The course 410 will look at how advertising, music and news programs affect more than their intended audiences and look at how technology is changing the global media picture.",98,625,5,Topic 5,9.071203,5.5967026
course_0455,Course Catalog,Course Descriptions,Online Novels and the Chinese Public Sphere (4 credits),MEDIA,MEDIA 204/LIT 204,Online Novels and the Chinese Public Sphere (4 credits),4.0,411,"Online literature constitutes the largest readership and a booming economy in China today. Popular genres include science fiction, urban leisure, martial arts, historical fiction and horror. Successful online novels have millions of followers and are often turned into games, TV dramas and feature films. Subscribers are free to comment on the websites and the fictions they host. How do we understand the proliferation and success of this online literature and its relation to the public sphere? By analyzing the content and the form of online literature in China, the class examines the popularity of online fiction and its socio-economic conditions.",100,652,1,Topic 1,11.692114,2.8221014
course_0456,Course Catalog,Course Descriptions,Cultures of New Media (4 credits),MEDIA,MEDIA 207/CULANTH 207,Cultures of New Media (4 credits),4.0,411,"This course is an anthropological examination of ‘new media’ – their varied forms and histories, how they are used and understood, and their meanings and effects within different communities of users. We will chart a number of technologies deemed ‘new’ in their day and the social meanings and communities that such technologies generated. We will also explore new media in domains of art and literature, as well as issues of race, gender, sexuality and how other indices of difference come to bear on new media and its use. Most course material will be drawn from anthropology, but will also draw on media studies, visual studies, cultural studies and critical theory, queer and gender theory, history and geography. Students will make use of the Duke Library resource page for this class: http://guides.library.duke.edu/new_media. 411 Courses with Course Subject: Media and Arts (MEDIART)",140,890,5,Topic 5,9.282508,5.5741887
course_0457,Course Catalog,Course Descriptions,Introduction to Arts and Media (4 credits),MEDIART,MEDIART 101,Introduction to Arts and Media (4 credits),4.0,412,"Begin your academic journey in the Arts & Media major with this foundational course, an essential component of the core program. You will explore the historical context and contemporary shifts in from which media technologies and the art realm have developed: from the nuances of oral culture and performance to the innovations of mass production, broadcasting, and the digital frontier. Through ten in-depth seminars and three hands-on projects, this course spotlights the major's core concentrations: Film & Documentary, Studio Art & Performance, and Digital Culture & Communication.",87,585,5,Topic 5,9.429858,5.3540144
course_0458,Course Catalog,Course Descriptions,Introduction to Moving Image Practice (4 credits),MEDIART,MEDIART 103,Introduction to Moving Image Practice (4 credits),4.0,412,"Like any craft, making movies is something that takes time, study, and, more importantly, practice. Each film is a unique challenge. What works for one film may not work for another. This is what makes learning about filmmaking an ongoing process. This course includes reading, discussing, and studying of the fundamental elements of video production. Strongest emphasis is in the several short exercises to guide students towards a solid understanding of the building blocks of different types of video production. Student will learn to use digital video cameras and audio equipment, learn basic video editing, and create original work.",99,637,5,Topic 5,10.153537,5.228461
course_0459,Course Catalog,Course Descriptions,Introduction to Photography (4 credits),MEDIART,MEDIART 104,Introduction to Photography (4 credits),4.0,412,"An emphasis on how to see with the camera and ways of thinking about photographs. Class assignments accompanied by historical and theoretical readings, lectures, class discussions, and field trips. Course will use photography as a tool for exploring the local community. Learn digital techniques including camera function, Photoshop, ink-jet printing, audio capture and production of audio-visual slide shows. Discuss ethical issues that emerge as a result of digital photographic impermanence.",70,494,5,Topic 5,10.222864,4.841589
course_0460,Course Catalog,Course Descriptions,"The Visual Culture of News, Past and Present (4 credits)",MEDIART,MEDIART 106,"The Visual Culture of News, Past and Present (4 credits)",4.0,412,"Does news affect us differently if we watch it on YouTube, on PerezHilton.com or on The Daily Show, or if we read it on The New York Times or as a blog post? Do we feel that certain kinds of news-cultural, political, satirical-is more important, or more informative? How did these differences play out in earlier news formats, like periodicals, pamphlets, or almanacs? This class will explore the visual culture of news from Early Modernity to the present by examining the formats and media it has adopted, the ways it designs the page/pamphlet/screen, how it 412 incorporates images, and the relationship of all of this to what the news reports. Our goals in this class are to collectively explore the relationship between text, image, design, and medium.",127,756,5,Topic 5,9.215705,5.7723794
course_0461,Course Catalog,Course Descriptions,Love and Dreams on the Chinese Stage (2 credits),MEDIART,MEDIART 108/LIT 108,Love and Dreams on the Chinese Stage (2 credits),2.0,413,"What are the conventions for writing about Chinese culture in academic English? How can scholars write about performance at all? Learn both these skills as you explore the literary dreamscape of Chinese theatre, highlighting kunqu – the classical form of late imperial Chinese song-drama. This course is one of the program two-credit writing courses at DKU designed to improve your writing ability. As part of the experience, students will venture on theatre trips to watch live kunqu, be introduced to the art of literary translation and learn to analyze and compare performances, explore contemporary adaptations and writing about the significance of each rendition.",103,668,1,Topic 1,11.709623,3.8950963
course_0462,Course Catalog,Course Descriptions,Audio Documentary and the Podcast (4 credits),MEDIART,MEDIART 110,Audio Documentary and the Podcast (4 credits),4.0,413,"Audio Documentary & Storytelling will lead students to explore the history of audio, radio, podcast/streaming, history through documentary and different narrative approaches. We will learn about recording techniques and audio mixing on digital editing software for the production of audio documentaries for radio, streaming, and podcast. Through audio documentary work, students will be encouraged to explore topics such as cultural differences, history, science, social commentary and drama from journalistic, theatrical or personal perspectives. We will explore audio narrative both fictional and non-fictional, along with sound design and approaches to storytelling.The course will introduce radio greats from Orson Wells to modern-day radio podcasts such as Radiolab, and China watcher favorites such as Sinica. This course is an essential introduction to creating and establishing an evolving student-run podcast network, informing the world of China life through the lenses of DKU students.",139,996,5,Topic 5,9.992465,5.3846917
course_0463,Course Catalog,Course Descriptions,Archive (4 credits),MEDIART,MEDIART 111,Archive (4 credits),4.0,413,"It is a hands-on course that will lead to the creation of the DKU/Kunshan documentary archive. It will be led by a series of guest lectures, fieldtrips, and fieldwork. As a student of this class, you will add to this archive through the act of curation, creation, and outreach. This course will answer the following questions: What is an archive? What is the power of the archive? Who decides what gets put in an archive? What gets left out? The guest lecturers are professionals with backgrounds in curation, archiving, dying and extinct languages, media and medium studies, documentary, and anthropology.",100,606,5,Topic 5,9.9281025,5.3471265
course_0464,Course Catalog,Course Descriptions,Race on Film (2 credits),MEDIART,MEDIART 112,Race on Film (2 credits),2.0,413,"This course will provide students with analytic tools for approaching the topic of race on film from a variety of angles. These include issues of visibility, stereotyping, and whether a given film 413 challenges conventions and adds to a larger cultural repertoire for representing race. In addition, it will examine the extent to which stories presumably told from a universal perspective in fact articulate the views of a majority culture, as well as how the facets of our own identities filter what we see on film. Students will hone writing skills and critical thinking, while participating in collegial discussions of a perennially controversial subject.",104,659,5,Topic 5,10.41455,5.143786
course_0465,Course Catalog,Course Descriptions,Exploring Music (2 credits),MEDIART,MEDIART 113,Exploring Music (2 credits),2.0,414,"Why does music affect our emotions so strongly? Why do we like (or not like) something we hear, and what do we like about it? During this course, we will try to answer these and other fascinating questions about music. We will review the basic structures of music and study several genres and styles, ranging from masterpieces of classical music to rock and EDM (Electronic Dance Music). We will also investigate the cultural conditions under which we listen. We will develop the understanding of those matters primarily though written commentary on the musical and scholarly material encountered. No prior musical knowledge is required.",103,637,5,Topic 5,10.892789,5.2329187
course_0466,Course Catalog,Course Descriptions,Film Musicals and Musical Films (2 credits),MEDIART,MEDIART 114,Film Musicals and Musical Films (2 credits),2.0,414,"Movies are often discussed as a visual medium, with sound treated as an afterthought to the image. Musicals, however, invert this relationship, putting sound front and center. This course examines both the genre of film musicals and musicality in film more generally, asking how film sound and music contribute to (or detract from) narrative, spectacle, affect, and realism. We will discuss a wide range of historical examples, stretching from the 1930s to the present; films may include those from the United States, Brazil, France, Denmark, Japan, and China.",88,560,5,Topic 5,10.668146,5.177234
course_0467,Course Catalog,Course Descriptions,Understanding Film: Technique and Style (2 credits),MEDIART,MEDIART 116,Understanding Film: Technique and Style (2 credits),2.0,414,"The primary objective of this course is to equip students with the essential analytical tools required to comprehend the complex techniques and styles of film. At the beginning of term, the class will select a film example for thorough investigation, which will be dissected part-by-part over the course of the program. In every lesson, the techniques employed in the chosen film will be examined and methodically analyzed. This process entails explaining the unique attributes of each technique, placing them in historical context/s, decoding how they work, and examining their patterns of use.",92,595,5,Topic 5,10.239131,5.1949377
course_0468,Course Catalog,Course Descriptions,Studio Drawing and Illustration (4 credits),MEDIART,MEDIART 117,Studio Drawing and Illustration (4 credits),4.0,414,"This course teaches practical sketching and illustration skills for designers and artists. Students will learn how to apply professional and historical conventions to various fields including fashion, architecture, film, animation, and book illustration. Through hands-on exercises and projects, 414 students will develop technical skills in sketching, rendering and illustration. The course will also include lectures, critiques, and discussions on the work of professional illustrators and designers.",66,502,5,Topic 5,9.823075,4.5823164
course_0469,Course Catalog,Course Descriptions,Introduction to Dance and Choreography (4 credits),MEDIART,MEDIART 118,Introduction to Dance and Choreography (4 credits),4.0,415,"This is a foundational course that provides students with an overview of the history, styles, and techniques of dance and choreography. The course is designed for students with little or no dance experience and is ideal for those who are interested in exploring the art form from both a cultural and technical perspective. Through a combination of lecture, demonstration, and movement exploration, students will learn about the various styles of dance including contemporary, ballet, hip-hop, and jazz. Additionally, students will be introduced to the basics of choreography and have the opportunity to create their own short dance pieces. By the end of the course, students will have a deeper understanding and appreciation for the art of dance and will have developed basic movement and choreographic skills.",126,810,7,Topic 7,11.942071,5.64041
course_0470,Course Catalog,Course Descriptions,Introduction to Theatre and Performance Studies (4 credits),MEDIART,MEDIART 120,Introduction to Theatre and Performance Studies (4 credits),4.0,415,"What distinguishes performance from behaviour? From Shamanic practices to national theatres; ritual and pageantry to the performance of everyday life, this course invites students to read gesture, habit and the movement of bodies in space as texts laden with meaning. Students examine different forms of performance in local, global and intercultural contexts to reassess the relationship between body, mind and society and to examine how embodied actions can create meaning, reinforce or challenge power structures and transmit cultural memory.",79,545,0,Topic 0,9.123414,3.1070695
course_0471,Course Catalog,Course Descriptions,Special Topics in Creative Practice (4 credits),MEDIART,MEDIART 198,Special Topics in Creative Practice (4 credits),4.0,415,"This course is an introductory course featuring special topics in creative practice. The subject of the course will vary according to the expertise of the instructor, the needs of the major, and student interest.",34,212,7,Topic 7,10.102135,4.085771
course_0472,Course Catalog,Course Descriptions,Creativity and Entrepreneurship (4 credits),MEDIART,MEDIART 202,Creativity and Entrepreneurship (4 credits),4.0,415,"What is creativity? How is creativity related to the artistic process? How can I learn through practice to be more creative? This course first introduces students to major theories about creativity and related fields of innovation and entrepreneurship. Students analyze examples of the creative process in the lives of key artists and creative practitioners. Finally, they also experiment with different creative strategies to help cultivate their own creativity.",68,463,5,Topic 5,10.033999,4.141322
course_0473,Course Catalog,Course Descriptions,Audio Documentary (4 credits),MEDIART,MEDIART 203,Audio Documentary (4 credits),4.0,415,"Recording techniques and audio mixing on digital editing software for the production of audio documentaries for radio, the web, and podcast. Various approaches to audio documentary work, 415 from the journalistic to the personal; use of fieldwork to explore cultural differences and histories of place. Stories told through audio focusing on a particular concern such as war and peace, death and dying, environmental change.",64,424,5,Topic 5,9.944121,5.319914
course_0474,Course Catalog,Course Descriptions,Digital Imaging and Graphic Design (4 credits),MEDIART,MEDIART 205,Digital Imaging and Graphic Design (4 credits),4.0,416,"With the increasing use of digital media, visual communication is becoming more and more important. This course helps students to express themselves visually and introduces different techniques of Digital Imaging using Photoshop and Illustrator. The focus is not only on retouching and manipulating images, but also on using the computer as a medium to create art and communicate ideas. Digital painting, collages, vector graphics, special effects, matte painting, Photoshop for video and interaction with other media are some of the techniques covered. Photoshop and Illustrator used to introduce single and serial images for print and web output.",97,648,5,Topic 5,9.016276,5.1738124
course_0475,Course Catalog,Course Descriptions,Computer Graphics (4 credits),MEDIART,MEDIART 206/COMPSCI 208,Computer Graphics (4 credits),4.0,416,"This course offers an overview and history of computer graphics as well as an introduction to key software technologies and concepts. These include coordinate systems and geometric transforms; drawing routines, antialiasing, supersampling; 3D object representation, spatial data structures, constructive solid geometry; hidden-surface-removal algorithms, z-buffer, A-buffer; illumination and shading models, surface details, radiosity; achromatic light, color specification, colorimetry, different color models; graphics pipeline; animation, levels of detail. Prerequisite(s): COMPSCI 201 or INFOSCI 201 or Consent of the Instructor",77,632,2,Topic 2,6.9159646,5.336095
course_0476,Course Catalog,Course Descriptions,Elements of Story: Introduction to Narrative Structure (4 credits),MEDIART,MEDIART 207,Elements of Story: Introduction to Narrative Structure (4 credits),4.0,416,"Stories and storytelling surround us. They have existed since pre-history and continue to fill an essential place in our lives. What goes into telling a story? This is a beginning creative writing course that focuses on igniting the sparks for ideas and shaping ideas into a story. We will emphasize the hands-on exploration of sources for inspiration, idea-formation, building ideas, work-shopping and refining them to form them into a script. We will study the fundamentals of story, structure, character development, genre, building scenes, dialogue, and how to utilize them to write a script for media output including the screen, a podcast, and the stage.",104,660,5,Topic 5,9.736073,4.3124647
course_0477,Course Catalog,Course Descriptions,Chinese Mass Media (4 credits),MEDIART,MEDIART 208,Chinese Mass Media (4 credits),4.0,416,"In a globalized media world that is bringing people together, countries still maintain their own media systems. These systems are closely tied to government types, economic structures and culture norms and standards. What are the differences and similarities between the world’s different media systems? How does contemporary technology change the way that media systems 416 function? How do countries with different media systems work with each other to disseminate information? The Chinese have played a pivotal role in the dissemination of information to its citizens over time. Currently, the Chinese read and watch news at a higher rate than any other country in the world. This course will explore the evolution of mass media and communication in China over time.",120,769,1,Topic 1,9.100785,5.7857065
course_0478,Course Catalog,Course Descriptions,Introduction to Visual Culture (4 credits),MEDIART,MEDIART 209,Introduction to Visual Culture (4 credits),4.0,417,"This course offers an introduction to central themes in, and methodologies for, analyzing visual culture. Visual Culture is a transdisciplinary field of study that studies the (re)production, circulation, and reception of images as well as everyday practices of seeing and showing in contemporary culture. By focusing on the cultural and social roles of images, the course examines how images circulate through various media including art, design, advertising, video games, pop culture, and digital technologies. Exploring “ways of seeing” the visual culture, students will be able to critically read and understand the images and visuality we live with and within.",99,665,5,Topic 5,10.317217,4.8045983
course_0479,Course Catalog,Course Descriptions,Arts and Media Practicum (4 credits),MEDIART,MEDIART 210,Arts and Media Practicum (4 credits),4.0,417,"For students of media, it is vital to have some skills in media production or art practice. This course will introduce students to some practical aspects of media and the arts. These might include creative camera control and lighting; how to code a web page; how to write a news story; how to make a documentary, how to do interviews, how to edit media; cultivation of skills in theater, music or art, among others. An emphasis is placed on understanding and experimenting with contemporary technologies that enable digital communications.",89,539,5,Topic 5,9.27582,5.281678
course_0480,Course Catalog,Course Descriptions,"Media, Arts, and Critical Theory (4 credits)",MEDIART,MEDIART 211,"Media, Arts, and Critical Theory (4 credits)",4.0,417,"The course explores key issues in the study of digital media from its beginning to very recent theoretical developments. Central themes of the course generally include immediacy/hypermediacy, interactivity, cybernetics, im/materiality of media, network, posthumanism, biomedia, ubiquitous computing, and the recent hype in the independent media industry. Building upon theoretical works that range across a host of disciplines, including literary studies, communication studies, film and media, philosophy, and science studies, the course proposes the development of a critical analytical framework for approaching new media practices and theories. The goal is to analyze what makes new media “new” by comparing them with earlier media practices, as well as to understand how the interactions among digital technologies, practices, and theories influence emerging and changing spheres of our society. The seminar also examines different forms of visual art and literature that lead and reflect the sociocultural paradigm shifts of digital technologies. Prerequisite: MEDIART 101 417",151,1082,5,Topic 5,9.233898,5.508061
course_0481,Course Catalog,Course Descriptions,Editing the Video Essay (4 credits),MEDIART,MEDIART 212,Editing the Video Essay (4 credits),4.0,418,"Two questions a film editor must always ask are: What shot comes next? And, why this shot and not that? In this course, students explore answers for these questions by studying and editing different genres, styles, and forms of film and video. The goal is achieved through expanding students’ understanding of editing as both a viewer and as a working editor. To that end, in addition to classroom discussion, readings, and screenings of feature films and excerpts, students will complete several editing projects on digital video. These projects are designed to provide both real-world challenges to solve as well as opportunities to experiment. Knowledge of a video editing program is not necessary at the beginning of the class; by the end you should be extremely comfortable with Adobe Premiere Pro.",130,803,5,Topic 5,10.075562,5.054804
course_0482,Course Catalog,Course Descriptions,Web-Based Multimedia Design (4 credits),MEDIART,MEDIART 213,Web-Based Multimedia Design (4 credits),4.0,418,"This course covers multimedia information systems, including presentation media, hypermedia, graphics, animation, sound, video, and integrated authoring techniques as well as the underlying technologies that make them possible. Students gain practice in the design innovation, programming, and assessment of web-based digital multimedia information systems. The course includes sections on HTML5, CSS3, JavaScript, graphical and responsive design approaches, and frameworks. Students may substitute an approved Computer Science or Social Policy track methods course if they have suitable experience with web development and appropriate reparation.",83,647,5,Topic 5,8.977874,5.1235533
course_0483,Course Catalog,Course Descriptions,Media Theory (4 credits),MEDIART,MEDIART 214,Media Theory (4 credits),4.0,418,"This course is an introduction to the material and technical infrastructure that informs and constrains the production and dissemination of knowledge. It provides an exploration of cultural impact of technical media from writing to the internet from a theoretical perspective. Combines historical and theoretical discussion with hands-on experimentation with various media, including the codex book, phonography and sound registration technology, photography, cinematography, video, virtual reality, digital computation, and the internet.",70,538,5,Topic 5,9.187448,5.3072515
course_0484,Course Catalog,Course Descriptions,Documenting City Life (2 credits),MEDIART,MEDIART 215,Documenting City Life (2 credits),2.0,418,"This course combines the disciplinary practices of history, ethnography, media studies, and literature to explore life in the modern city. Through a combination of writing, photography, and film-making, students will explore and document modern city life. Students will study the techniques of writers, photographers, poets, and filmmakers from different eras and cities such as Tokyo, Beijing, Shanghai, Paris, London, Berlin, Hong Kong, Taipei, and New York. They will then practice the methods they have learned, creating a portfolio that includes writing, video-making, and photography to document and analyze changes over time in the life of a big city of their choice in China. 418",104,687,5,Topic 5,11.1210985,2.9437273
course_0485,Course Catalog,Course Descriptions,Translation for Kunqu: Martial Repertoire (2 credits),MEDIART,MEDIART 219/LIT 219,Translation for Kunqu: Martial Repertoire (2 credits),2.0,419,This course develops skills in translation from Chinese to English in the context of Kunqu theatre. Students study the conventions of Chinese formalized stage speech while increasing their command of both formal and oral English expression. They will learn strategies to express complex cultural references with brevity and without the luxury of footnotes. The course includes an experiential learning where students will have the opportunity to work on subtitles that will be used by the Kunshan Contemporary Kunqu Theatre. Students will attend rehearsals and work with actors to reconcile their translations to the stage tradition.,95,633,7,Topic 7,11.761228,4.0288258
course_0486,Course Catalog,Course Descriptions,Visual Anthropology (4 credits),MEDIART,MEDIART 220/CULANTH 220,Visual Anthropology (4 credits),4.0,419,"Students will examine, contextualize and capture the human experience in ways that communicate deeper connections to the environment that surrounds them. We will explore audiovisual material in dialogue with selected theoretical, ethnographic, and case study readings in urban studies. These time-based works provide a powerful model for training students observational skills and conceptualizing scales of analysis. Students will gain basic skills of analyzing and producing visual ethnography to enhance their understanding of the intricate relationship between visuality and politics, and then extend into reflections over the crucial ethical questions about the author’s authority as well as reciprocity with the subjects.",100,726,5,Topic 5,10.541487,4.742406
course_0487,Course Catalog,Course Descriptions,Introduction to Composition (4 credits),MEDIART,MEDIART 221,Introduction to Composition (4 credits),4.0,419,"Participants in this course will practice the rewarding and fun activity of music composition. The course will introduce a wide array of music composition techniques. Students will also explore expressive possibilities of some of the more relevant instruments in use today, namely flute, piano, and violin. The unique expressive characteristics of each instrument will serve as inspiration for short pieces the students will write. Guest artists will visit the class biweekly to perform students’ short compositions. The course also aims to expand the scope of the participants' interest in music through a series of listening sessions. Prior ability to read music at least in treble or bass clef is necessary. Some experience in any music-related field is preferred.",118,767,7,Topic 7,11.458986,5.095235
course_0488,Course Catalog,Course Descriptions,Electronic Sound: Sampling and Synthesis (4 credits),MEDIART,MEDIART 222,Electronic Sound: Sampling and Synthesis (4 credits),4.0,419,"The course offers a broad introduction to computer hardware and software currently used for digital sound production. Students will explore fundamentals of digital audio, synthesis, sequencing, signal processing, and other techniques of sound creation and manipulation. There will be also an exploration of aesthetic ideas made possible by the electronic medium as well as listening of seminal works of electronic music, aimed to acquire a historic perspective of the development of the field and an understanding of acoustics as applied to electronic sound. Students 419 will apply the knowledge gained during the course by producing short sound design and composition projects.",101,679,5,Topic 5,11.159212,5.061059
course_0489,Course Catalog,Course Descriptions,Shot by Shot: Concept and Frame Composition (4 credits),MEDIART,MEDIART 223,Shot by Shot: Concept and Frame Composition (4 credits),4.0,420,"This course explores the conventions, practices, and principles of visual framing and composition as can be applied photography and film. Students will learn analyze films from a technical standpoint on a shot-by-shot basis. Through discussions and critiques, students will learn how to use these elements, undertaking creative projects to experiment with scale, hierarchy, balance, contrast, visual cues, and clues, and Gestalt principles. The course will also explore the impact of new technologies on visual storytelling and potential future directions.",79,556,5,Topic 5,10.315151,5.0403852
course_0490,Course Catalog,Course Descriptions,Animation: From Anima to Animae (4 credits),MEDIART,MEDIART 224,Animation: From Anima to Animae (4 credits),4.0,420,"This course explores the historical development and aesthetic possibilities of animation, a diverse set of media practices including hand-drawn, stop-motion, CGI, and hybrid forms. Drawing on the original meaning of “animation” – to imbue the inanimate with a soul (anima) – we investigate the medium from various philosophical angles: animation’s relationship to reality (photographic and otherwise), to perception and experience, to the human body (in pain, in ecstasy, in transformation), to identity (the viewer’s and the artist’s alike). Course materials will span pre-cinematic forms of animation, mainstream and experimental film animation in the 20th century, and contemporary computer-generated animation on multiple platforms.",102,736,5,Topic 5,10.039115,4.944213
course_0491,Course Catalog,Course Descriptions,Fundamentals of Tonal Music Theory (4 credits),MEDIART,MEDIART 225,Fundamentals of Tonal Music Theory (4 credits),4.0,420,"This introductory course covers the fundamentals of music literacy and music theory through the analytical exploration of common practice classical Western repertoire, the development of basic aural skills, and written creative exercises. Topics include the use of dynamics, phrasing, texture, dissonance treatment, harmonic and formal functions, instrumental patterns and cadential syntax. As a final project, students will write short compositions that explore in practice all these aspects. If possible, the short pieces will be publicly performed. Prior ability to read music is preferred but not necessary. Participants without such prior knowledge will gain fluency in fundamental musicianship during the first weeks of the course.",104,737,7,Topic 7,11.475268,5.166243
course_0492,Course Catalog,Course Descriptions,Experimental Filmmaking (4 credits),MEDIART,MEDIART 301,Experimental Filmmaking (4 credits),4.0,420,"This course engages with poetic and experimental image-making, utilizing techniques that trace a historical trajectory from celluloid to digital. Students are exposed to exploration of cinematographic principles and cameraless experiments. Teaching methods include lectures, discussion, readings and screenings focusing on avant-garde film and digital traditions. Students are required to produce final projects deriving or departing from course materials. 420",59,460,5,Topic 5,10.244671,5.027997
course_0493,Course Catalog,Course Descriptions,Documentary Photography and the Cultural Landscape (4 credits),MEDIART,MEDIART 303,Documentary Photography and the Cultural Landscape (4 credits),4.0,421,"Emphasis on the tradition and practice of documentary photography as a way of seeing and interpreting cultural life. The techniques of color and black-and-white photography – exposure, development, and printing – diverse ways of representing the cultural landscape of the region through photographic imagery. Issues such as objectivity, clarity, politics, memory, autobiography, and local culture play in the making and dissemination of photographs. The course will simultaneously consider image content, representations place, landscape, and culture through documentary image.",78,577,5,Topic 5,10.380907,4.9535875
course_0494,Course Catalog,Course Descriptions,The On-Going Moment: Presentations of Time in Still and Moving Images (4,MEDIART,MEDIART 304,The On-Going Moment: Presentations of Time in Still and Moving Images (4,,421,"credits) Project-driven studio course exploring time through video and still photography. Management, presentation and trace of time discussed in relation to various forms of art, augmented by examination of concepts of duration, aura, silence and thought as they pertain to still and moving images. Individual and group projects investigate various manifestations of stillness and movement in video and photography, with and without sound. Slices of time in both media examined for their properties of continuity, discontinuity and fissure, with emphasis on rendering meaning in and through time and space. Prerequisite(s): Consent of the instructor is required",96,662,5,Topic 5,10.182665,5.023079
course_0495,Course Catalog,Course Descriptions,Advanced Documentary Practice (4 credits),MEDIART,MEDIART 305,Advanced Documentary Practice (4 credits),4.0,421,"This course investigates hybrid, genre-defying films that question traditional definitions of documentary and fiction. Emphasis on experimental forms, documentary reenactment, mockumentary and dramatized “true stories.” Students utilize both documentary and fiction production techniques, culminating in the production of a final video project.",42,344,5,Topic 5,10.086994,5.1157203
course_0496,Course Catalog,Course Descriptions,Foundations of Interactive Game Design (4 credits),MEDIART,MEDIART 306,Foundations of Interactive Game Design (4 credits),4.0,421,"Surveys history, technology, narrative, ethics, and design of interactive computer games. Games as systems of rules, games of emergence and progression, state machines. Game flow, games as systems of pleasure, goals, rewards, reinforcement schedules, fictional and narrative elements of game worlds. Students work in teams to develop novel game-design storyboards and stand-alone games. Exploration of the interplay between narrative, graphics, rule systems, and artificial intelligence in the creation of interactive games. Programming experience not required. 421",76,565,5,Topic 5,9.246293,4.5121036
course_0497,Course Catalog,Course Descriptions,The Essay Film (4 credits),MEDIART,MEDIART 308,The Essay Film (4 credits),4.0,422,"This course will concern itself with a vibrant, nimble, and highly self-sufficient form of documentary practice: the Essay Film, combining critical engagement with practical lessons. Key works in this tradition by such filmmakers as Marker, Varda, Guzman, and Godard will be screened and discussed with an eye towards practical lessons and creative inspiration. Connections between canonical examples and more recent Audio-Visual essays – an increasingly important form of media criticism – will be explored as well. Laboratory sessions will emphasize the practical use of creative and critical tools and the culminating assignment will be a creative or critical film essay. Students are encouraged to have basic familiarity with editing software.",110,747,5,Topic 5,10.159075,5.160824
course_0498,Course Catalog,Course Descriptions,Screenwriting (4 credits),MEDIART,MEDIART 310,Screenwriting (4 credits),4.0,422,"This course introduces students to theory and practice of the process of writing for the screen. We explore visual storytelling and analysis of screenplays and movies in order to develop original stories into screenplay format. Students will learn to recognize and understand proper screenplay format and structure, understand how screenplay writing is a unique style of writing and why, understand character development and power relationships, and have a better understanding of the business of screenwriting. Through the actual writing of a feature length script, students gain hands-on practice on writing and presenting treatments, outlines, scenes, story planning, character development, communicating information, relationships between script and cinematic dimensions, as well as working with studios and editors.",115,820,5,Topic 5,9.894182,4.6968284
course_0499,Course Catalog,Course Descriptions,Cinematography (4 credits),MEDIART,MEDIART 311,Cinematography (4 credits),4.0,422,"Practice based investigation of cinematographic principles and visual storytelling techniques in motion picture production. Professional practice is informed and contextualized by screenings, readings, workshops, and in and out of class exercises towards the creation of original work in the context of the history of cinematography. Working with both film and video, students learn and apply fundamental techniques of composition, exposure, frame rate, focus pulling, point of view, camera placement and movement, lighting, and framing people and objects.",77,556,5,Topic 5,10.266772,5.158458
course_0500,Course Catalog,Course Descriptions,Graphic Design in Motion (4 credits),MEDIART,MEDIART 312,Graphic Design in Motion (4 credits),4.0,422,"Motion Design is the creation of animated graphics using graphic design, typography, advertising, photography, animation sound and filmmaking. Students learn the latest technology such as After Effects and 3D softwares but it is the creative intent that motivates the acquisition of technical capabilities. We will learn how to work collaboratively with other students with different skill sets. Emphasis will be on design, conceptualization and the ability to communicate ideas. The course enables students to learn the language and principles of graphic design, to develop a method for solving design problems, to communicate ideas effectively and to create professional quality 422 motion design such as title sequences, logo animation, news reel, that can be integrated into film, life performance or web, using the latest technology combining softwares like After Effects, editing software (Premier or Final Cut Pro) and 3D software, and by creating style frames and storyboards. Familiarity with Photoshop and Illustrator is helpful but not required. Prerequisite(s): Consent of the Instructor",161,1099,5,Topic 5,9.596909,4.8311996
course_0501,Course Catalog,Course Descriptions,Sports Documentary (4 credits),MEDIART,MEDIART 313,Sports Documentary (4 credits),4.0,423,"Sports documentaries have a long legacy of excellent storytelling that is used to discuss deep rooted social problems by adding emotional and dramatic power. This class will examine themes ranging from climate change, identity, domestic abuse, institutional cover ups, and systemic racism, to the intersection of sports, crime, and politics. We will discuss the mechanisms used in sports documentary storytelling to explore different traditions in documentary filmmaking as a whole. Screenings and readings will reinforce practice exercises towards the production of your own documentary.",84,588,5,Topic 5,9.935085,5.1323338
course_0502,Course Catalog,Course Descriptions,"Hashtag Memes, Digital Tribes (4 credits)",MEDIART,MEDIART 320,"Hashtag Memes, Digital Tribes (4 credits)",4.0,423,"Tracks digital life and creative expression of groups online in a close study of images, captions and hyperlinked tags. Examines rituals, symbols and cultural patterns that structure everyday life of digital tribes online and investigates impact of digital and social media (Twitter, Instagram Facebook, Periscope) on the constitution of communities online and offline. Studying varied array of digital tribes: tribes of the deaf, of oil rig workers, of Hindu worshippers, of prison wives and laptop entrepreneurs, students learn about underlying myths, rituals, and cultural symbols that connect groups of people online.",91,621,5,Topic 5,9.3041725,5.619821
course_0503,Course Catalog,Course Descriptions,SPractices in Digital Humanities (4 credits),MEDIART,MEDIART 321,SPractices in Digital Humanities (4 credits),4.0,423,This course is an upper-level seminar exploring diverse topics pertaining to digital humanities.,13,96,5,Topic 5,9.407983,5.1332116
course_0504,Course Catalog,Course Descriptions,Installation Art (4 credits),MEDIART,MEDIART 322,Installation Art (4 credits),4.0,423,"The course will start by providing students with a comprehensive overview of the history and evolution of installation art, including its origins, key movements, and notable practitioners. By exploring the works of these artists and movements, students will gain a deeper understanding of the various forms and styles of installation art and the ways in which they have been shaped by cultural, social, and political contexts. Working both individually and in small groups, students will have the opportunity to put into practice the concepts and theories that they have learned throughout the course. They will be encouraged to think critically about their own creative processes, as well as the ways in which they can engage with audiences through their work. Topics 423 covered may include site-specific installations, the use of found objects, and the integration of technology into installation work.",140,905,5,Topic 5,10.334818,4.094003
course_0505,Course Catalog,Course Descriptions,Sound Design and Music for Film (4 credits),MEDIART,MEDIART 323,Sound Design and Music for Film (4 credits),4.0,424,"Soundtracks, in their interaction with images, significantly influence the shaping of the narrative of movies. In this course, we will explore uses and functions of music and sound in film. We will watch and analyze a wide range of movies and engage with the main aspects of the theory of film sound and its concepts. You will gain a better understanding of how sound helps determine the expressive messages of films. You will also learn to discern different styles and usages of music in connection with images, and to write about these matters using specific terminology. No prior specific musical knowledge nor ability to read music is required.",108,648,5,Topic 5,10.641,5.2644796
course_0506,Course Catalog,Course Descriptions,The Photographic Essay (4 credits),MEDIART,MEDIART 324,The Photographic Essay (4 credits),4.0,424,"This course teaches the language of photography through the study of classic and contemporary photographic essays and through the completion of assigned photographic essays by the students themselves. Students will learn to make, choose, sequence, and pace their own images for class discussion and for digital projection. During the term students will complete three assigned photographic essays of at least ten images each. Each essay will be on a particular theme or subject to be announced.",76,494,5,Topic 5,10.273334,5.0219154
course_0507,Course Catalog,Course Descriptions,Junior Seminar: Advanced Topics (4 credits),MEDIART,MEDIART 390,Junior Seminar: Advanced Topics (4 credits),4.0,424,This seminar is a core component of the interdisciplinary major in Arts and Media. Students will apply to interdisciplinary topics the knowledge and methods of analysis that they have gained in different disciplines. Students will re-connect with the broader community of faculty and students in their major and further develop their capacities to translate between their areas of expertise and the larger questions and issues that apply across a variety of disciplines. The seminar will foster the ability to see their disciplinary knowledge from a wider perspective and to apply it flexibly. Specific topics will vary. This seminar is required for all juniors in the major. Other students may enroll with the permission of the instructor.,116,740,5,Topic 5,7.270765,1.8561715
course_0508,Course Catalog,Course Descriptions,"Campaigns, Marketing, and Persuasion (4 credits)",MEDIART,MEDIART 401,"Campaigns, Marketing, and Persuasion (4 credits)",4.0,424,"This course examines the different ways that campaigns and marketing use to spread information and influence people. Students will learn core theories of the persuasion process as well as how the knowledge may be applied in practice. Topics that will be covered in the course include Narrative Persuasion, Decision Making, and Message Factors. Students will work in groups to design a marketing campaign using the knowledge they learn in the course. Prerequisite: Junior standing or above. 424",77,493,5,Topic 5,8.740806,3.9277112
course_0509,Course Catalog,Course Descriptions,The Curatorial: Theory and Practice (4 credits),MEDIART,MEDIART 405/GCULS 405,The Curatorial: Theory and Practice (4 credits),4.0,425,"Is everyone a curator? The etymological meaning of to curate – to take care of – has become, with the ever-expanding meaning of art and exhibition making, both central to and contested by practitioners who carefully conceptualize, comment, organize, and show art. In this course, we ask fundamental questions of what curation does and should do. We will: 1. Look at different theories of curation, illustrated by exemplary exhibitions across the world, 2. Learn about curation in its multifaceted practicalities, 3. Critically assess new trends in curation and artistic practices at large, 4. Have opportunity to curate art exhibitions and/or cultural events on campus. Prerequisite: Consent of the Instructor",109,709,5,Topic 5,10.736891,4.347432
course_0510,Course Catalog,Course Descriptions,Senior Seminar: Advanced Topics (4 credits),MEDIART,MEDIART 490,Senior Seminar: Advanced Topics (4 credits),4.0,425,This seminar is a core component of the interdisciplinary major in Arts and Media. Students will apply to interdisciplinary topics the knowledge and methods of analysis that they have gained in different disciplines. Students will re-connect with the broader community of faculty and students in their major and further develop their capacities to translate between their areas of expertise and the larger questions and issues that apply across a variety of disciplines. The seminar will foster the ability to see their disciplinary knowledge from a wider perspective and to apply it flexibly. Specific topics will vary. This seminar is required for all seniors in the major. Other students may enroll with the permission of the instructor.,116,740,5,Topic 5,7.22433,1.8659925
course_0511,Course Catalog,Course Descriptions,Special Topics in Film and Documentary Studies (4 credits),MEDIART,MEDIART 498,Special Topics in Film and Documentary Studies (4 credits),4.0,425,"This course is an upper-level seminar exploring diverse topics pertaining to film and documentary studies. Prerequisite: MEDIART 103 425 Courses with Course Subject: Military Science (MILITSCI) These credits cannot be counted toward the 136 credit requirement, but they may be counted toward the additional credit requirements for students from the Chinese mainland, Hong Kong, Macau, and Taiwan. (See section on Credits Required for Degrees in Part 3.) MILITSCI courses are taught in Chinese.",73,493,7,Topic 7,12.442829,3.0827863
course_0512,Course Catalog,Course Descriptions,Military Theory (2 credits),MILITSCI,MILITSCI 101,Military Theory (2 credits),2.0,426,"A lecture course in the field of national defenses and security that includes the national defenses and security of China, international strategic environment, modernized and high-tech equipment, and military thinking.",30,218,1,Topic 1,11.986705,2.1748552
course_0513,Course Catalog,Course Descriptions,Military Skills Practice (2 credits),MILITSCI,MILITSCI 102,Military Skills Practice (2 credits),2.0,426,"A physical practice course which includes formation training, common regulations for military study, physical training, combat training, tactical training, marching, orienteering, mapping, and first aid training. Closed by a military parade. 426 Courses with Course Subject: Music (MUSIC) MUSIC 20 Introduction to Music Theory (Beginning) (4 credits) Credit for Advanced Placement on the basis of the College Board Examination in Music.",61,436,7,Topic 7,11.932311,5.16257
course_0514,Course Catalog,Course Descriptions,"Chorale (2 credits, CR/NC grading)",MUSIC,MUSIC 115,"Chorale (2 credits, CR/NC grading)",2.0,427,"Singing is a beautiful way to relax and express your feeling. Chorale singing is much more fantastic and powerful than solo singing. This course will form a Duke Kunshan University Choir and encourage the students to explore the essence of chorale. The students will be assigned in different vocal parts according to their voice range and timbre but sing together as a whole. Students are required to join the classes/rehearsals once a week, then will get a chance to perform at the end of the term. Besides that, our DKU Choir will be invited to perform at various venues in Kunshan and Shanghai City for some special events occasionally. This course will invite choreographers to coach the students if the repertoire requires some body movements. This course may be repeated for credit. Prerequisite: Consent of the Instructor",137,828,7,Topic 7,11.818565,4.4901977
course_0515,Course Catalog,Course Descriptions,"Orchestra (2 credits, CR/NC grading)",MUSIC,MUSIC 210,"Orchestra (2 credits, CR/NC grading)",2.0,427,Music is said to be the universal language. This course is designed for students to utilize their knowledge of this language to further their understanding of this performing art and gain a deeper insight into group performance. Students will explore new or old repertoire with fellow musicians during the course of the term under the guidance of the instructor and will perform in various venues around Kunshan and Shanghai area. Students are required to join weekly rehearsals with assigned groups and all groups will perform in a concert at the end of the term. This course will also invite guest musicians as coaches to help each individual group. Previous experience in learning and performing a musical instrument is recommended. This course may be repeated for credit. Prerequisite: Consent of the Instructor,131,815,7,Topic 7,11.763484,4.928621
course_0516,Course Catalog,Course Descriptions,"Chamber Music (2 credits, CR/NC grading)",MUSIC,MUSIC 211,"Chamber Music (2 credits, CR/NC grading)",2.0,427,"Playing in small formations, students will be able to explore chamber repertoire of all epochs, with a special focus on modern repertoire. The ensembles will be established by the instructor at the begin of the course. Their repertoire will be chosen by the instructor in consultation with the students involved. The groups will participate to one concert per semester. They may occasionally be invited to perform in the wider Jiangsu area. The ensembles will be coached regularly by the instructor. Guest musicians will offer workshops to the ensembles and may occasionally perform 427 with the students. At least some degree of proficiency in instrumental playing and consent of the instructor are required. Prerequisite: Consent of the Instructor 428 Courses with Course Subject: Neuroscience (NEUROSCI)",124,806,7,Topic 7,11.934426,4.8789716
course_0517,Course Catalog,Course Descriptions,Biological Basis of Behavior (4 credits),NEUROSCI,NEUROSCI 102,Biological Basis of Behavior (4 credits),4.0,429,"An introduction to the methods, models, and reasoning that have led to discoveries about brain- behavior relations, and a critical evaluation of the current theories that guide our thinking about the neurobiology, development and evolution of sensory and cognitive processes, sleep, pain, emotion, hunger, and thirst as well as maternal and sexual behavior patterns.",54,366,6,Topic 6,6.453624,2.816898
course_0518,Course Catalog,Course Descriptions,Medical Neuroscience (4 credits),NEUROSCI,NEUROSCI 202,Medical Neuroscience (4 credits),4.0,429,"Examines the functional organization and neurophysiology of the human central nervous system, with a neurobiological framework for understanding human behavior. Students learn the anatomy and function of neural systems in the brain and spinal cord that mediate sensation, motivate bodily action, and integrate sensorimotor signals with memory, emotion, and related cognitive faculties. Provides the foundation for neurological sciences, including understanding the impairments of sensation, action, and cognition that accompany injury, disease, or dysfunction in the human central nervous system.",79,596,6,Topic 6,6.272426,2.8441184
course_0519,Course Catalog,Course Descriptions,Cognitive Neuroscience (4 credits),NEUROSCI,NEUROSCI 212,Cognitive Neuroscience (4 credits),4.0,429,"The biological bases of higher brain function, including perception, attention, memory, language, emotion, executive functions and consciousness. Emphasis on human brain function at the macroscopic network-level, and the current theories and controversies in this rapidly growing field. Prerequisite(s): PSYCH 101 or NEUROSCI 102",43,329,6,Topic 6,6.4519334,2.9042668
course_0520,Course Catalog,Course Descriptions,Research Methods in Neuroscience (4 credits),NEUROSCI,NEUROSCI 301,Research Methods in Neuroscience (4 credits),4.0,429,"Explore the wide spectrum of methods commonly used in the field of neuroscience, ranging from molecular/genetic to electrophysiology and whole brain imaging. Multiple units of this team-based learning course will include interaction with a scientist currently practicing the technique. Prerequisite(s): NEUROSCI 102",42,315,2,Topic 2,6.217098,3.0335145
course_0521,Course Catalog,Course Descriptions,From Action to Emotion: The Role of the Basal Ganglia (4 credits),NEUROSCI,NEUROSCI 307,From Action to Emotion: The Role of the Basal Ganglia (4 credits),4.0,429,"The basal ganglia are a set of nuclei deep in the brain originally thought to be exclusively associated with motor control and later found to be involved in the modulation of other complex brain functions such as emotions, learning-memory, homeostatic drives, and drug addiction. In this seminar, the role of the basal ganglia in health and disease will be analyzed. Prerequisite(s): NEUROSCI 102 or 202. BEHAVSCI 205 is preferred but not required. 429",73,452,6,Topic 6,6.303375,2.8051364
course_0522,Course Catalog,Course Descriptions,"Cognitive Neuroscience, the Brain and Society (4 credits)",NEUROSCI,NEUROSCI 402,"Cognitive Neuroscience, the Brain and Society (4 credits)",4.0,430,"Many of the core problems of our time – climate change, financial crises, addiction, social inequality – arise from individuals and their choices. Brain research on cognition, emotions, expression and decision-making will be translated in this theme to address collective challenges and increase understanding of what makes us human. This course will aim to bridge research relating the exciting field of neuroscience to the contemporary challenges we face in the communities we inhabit and in the societies and culture we create. Curricular and project elements build connections between basic research in neuroscience (and related biological sciences) and socially challenging questions in medicine, the humanities, public policy, economics, ethics and law, to understand issues such as physical and social responses to transformative events; the workings of the brain in rhetoric and the arts; memory in legal testimony; and the role of decision processes in shaping our society and public policies. Each topic tackles a current issue relating to the brain and its link to society as a whole. Prerequisite(s): NEUROSCI 212 430 Courses with Course Subject: Philosophy (PHIL)",177,1176,6,Topic 6,6.8280563,2.691113
course_0523,Course Catalog,Course Descriptions,Introduction to Western Philosophy (4 credits),PHIL,PHIL 101,Introduction to Western Philosophy (4 credits),4.0,431,"This course focuses on the origins of the European philosophical tradition, with an emphasis on metaphysics, theory of knowledge, ethics and politics. The course reads primary texts of Plato, Aristotle, Lucretius and Epicurus and other key western thinkers in English translation. The course examines the significance of these key approaches to philosophy in the later development of the European philosophical tradition and considers their relevance for the contemporary global context.",70,487,0,Topic 0,8.829593,2.5586975
course_0524,Course Catalog,Course Descriptions,Ancient Chinese History and Philosophy (4 credits),PHIL,PHIL 102/HIST 101,Ancient Chinese History and Philosophy (4 credits),4.0,431,"This course examines the development of the Chinese intellectual tradition within the Warring States period (475 – 221 B.C.E). After the decline of the Zhou dynasty, as rival states battled for political supremacy, competing thinkers debated the best way to respond to the ethical and political challenges of the time, creating the classic works of Confucianism, Daoism, Mohism, and Legalism. In engaging the ideas within these works, we will consider not only the texts themselves, but also archaeological and other evidence that further illuminates the evolving historical context in which they were written. Texts will primarily be read in English translation.",101,663,1,Topic 1,11.79991,1.9912534
course_0525,Course Catalog,Course Descriptions,Chinese and Mediterranean Philosophy (4 credits),PHIL,PHIL 103,Chinese and Mediterranean Philosophy (4 credits),4.0,431,"The early Mediterranean civilizations (Mesopotamia, Egypt, Greece, Rome) and dynastic China have been profoundly influential in the development of world civilizations, and in how human civilization is conceived. How do they compare in their traditions of thought about how one ought to live, theories of government and governance, and methods and aims in study of the natural world? This course offers a basic introduction to early Chinese and Western thought through examination of selected primary texts in English translation. As well as analyzing these approaches to philosophy in their historical and cultural context, the course debates their continuing relevance in a global context.",103,690,1,Topic 1,9.37855,2.353096
course_0526,Course Catalog,Course Descriptions,History of Modern European Philosophy (4 credits),PHIL,PHIL 105,History of Modern European Philosophy (4 credits),4.0,431,"Modern European philosophy centers on the theories of knowledge, morality and metaphysics of key thinkers of the 17th- and 18th-centuries, notably Descartes, Spinoza, Leibniz, Locke, Berkeley, Hume, and Kant. Together, these thinkers brought to birth a distinctively European approach to humanism, in dialog with science and reason that has resonated powerfully across the world. This course examines their key arguments by reading selected primary texts and debates their continued relevance in the contemporary world. 431",75,523,0,Topic 0,8.923939,2.4914634
course_0527,Course Catalog,Course Descriptions,Global Philosophy (4 credits),PHIL,PHIL 106,Global Philosophy (4 credits),4.0,432,The Global Philosophy course offers a gateway for students to critically engage with the diverse philosophical traditions that inform the making of the increasingly pluralistic modern world. The aim of the course is to cultivate deep appreciation of diversity and to help students develop a culturally sensible map of the world’s philosophical traditions that will help them deal with the compelling challenges in this multicultural age.,66,437,0,Topic 0,8.725021,2.3658538
course_0528,Course Catalog,Course Descriptions,What’s the Right Thing to Do? Ethics and Justice in the Modern World (4 credits),PHIL,PHIL 107,What’s the Right Thing to Do? Ethics and Justice in the Modern World (4 credits),4.0,432,"This course examines classical and contemporary theories of justice in Western philosophical ethics and applies them to modern dilemmas that have dominated political and cultural conflict in the modern West. These topics include questions of economic justice in relation to capitalism and communism; the question of human rights as a supreme and universal value that cuts across all social and cultural contexts; the profound challenges of slavery, colonialism and racial justice that haunt American politics in the present day; the continuing quest for gender equality; and contemporary issues of gender politics including same-sex marriage and the recognition of transgender and nonbinary identities.",102,702,4,Topic 4,8.929861,1.2002821
course_0529,Course Catalog,Course Descriptions,Philosophy and Ethics of Artificial Intelligence (2 credits),PHIL,PHIL 108,Philosophy and Ethics of Artificial Intelligence (2 credits),2.0,432,"If you had an intelligent agent who always tied your shoes for you, would you ever have learned to tie your shoes yourself? What about if that same agent did all your research and writing, and eventually influenced your most important decisions? Artificial intelligence promises to revolutionize our lives, but also strikes at the heart of what it means to be human and act as a moral agent in society. This course shall focus on AI through the lens of ethics: in it, students shall explore the tension between what AI can do, and what AI should do, examining complex ethical questions about the role of AI in society, including its impacts on entertainment, research, creativity, and work.",118,690,0,Topic 0,7.6328998,3.4197729
course_0530,Course Catalog,Course Descriptions,Philosophy through Computer Science (4 credits),PHIL,PHIL 109,Philosophy through Computer Science (4 credits),4.0,432,"In this class we will explore several classic philosophical issues by learning how to program in Python. This is made possible by the close affinity that is shared between a number of computational concepts and their philosophical counterparts. For example, the concept of recursion can help us think about the existence of God by way of infinity. Completing this class will give you rudimentary Python programming skills and the ability to critically engage several philosophical issues. The ideal student will have an interest in both disciplines but have no prior knowledge of either. 432",94,591,2,Topic 2,6.346243,4.561507
course_0531,Course Catalog,Course Descriptions,Philosophy and Sport (2 credits),PHIL,PHIL 110,Philosophy and Sport (2 credits),2.0,433,"Philosophical questions arise frequently in sporting contexts, and pursuing those questions can be profitable in both directions: on the one hand, emerging issues in sport often require philosophical engagement in order to make progress on a question of practical importance, while on the other hand, reexamining and deploying concepts and theories in the sporting context can helpfully reshape our thinking. The pivotal concepts at the core of this course are fairness and exploitation. We’ll examine these concepts through a combination of great works in the history of philosophy, contemporary work in analytic philosophy, and recent sporting controversies.",97,660,0,Topic 0,8.596797,2.954929
course_0532,Course Catalog,Course Descriptions,Non-Human Animal Ethics (2 credits),PHIL,PHIL 111,Non-Human Animal Ethics (2 credits),2.0,433,"This course examines the morality of our treatment of nonhuman animals. We will start by considering the cognitive and emotional capacities of some nonhuman animals. After that, the course will be divided into 3 units. Unit 1 will cover ethical questions surrounding the use of animals for food. Unit 2, on animal companionship, will consider what moral responsibilities we have to our animal companions, and how they compare to the responsibilities we have towards our human friends. Finally, Unit 3, on animal captivity, will address moral issues associated with the human practice of using animals for the purpose of entertainment.",100,634,0,Topic 0,8.037999,-0.042567506
course_0533,Course Catalog,Course Descriptions,Thinking and Doing (2 credits),PHIL,PHIL 112,Thinking and Doing (2 credits),2.0,433,"When doing philosophy, we think about the world and about ourselves in it. This includes our thoughts about the world as well as our actions and interactions with it and one another. In this course, we will consider related foundational philosophical contributions on the nature of human thought, action, and their connection. In doing so we will attend closely to key elements of the practice of philosophical thinking and writing, including standards of logical argumentation and of academic philosophical writing. We will dedicate ourselves particularly to developing and honing our own philosophical writing skills in accordance with these standards.",99,654,0,Topic 0,8.574318,2.803347
course_0534,Course Catalog,Course Descriptions,Philosophy of the Real and the Fake (2 credits),PHIL,PHIL 113,Philosophy of the Real and the Fake (2 credits),2.0,433,"In Yunnan province, tourists can visit the famous Jade Dragon Snow Mountain. By the car park, they can also take pictures of beautiful waterfalls – which are, in reality, made of concrete. This provokes a lot of questions: Would you personally like to visit fake waterfalls? What does ""fake"" mean? This course engages philosophy to explore the meaning of the imitation, the reproduction, and the counterfeit. We ask the question of whether “fake” things have less value than “real” or “natural” ones. 433",83,504,1,Topic 1,11.140977,3.6525881
course_0535,Course Catalog,Course Descriptions,"Play, Games, and Sport (2 credits)",PHIL,PHIL 114,"Play, Games, and Sport (2 credits)",2.0,434,"We all know how to play. And each of us has grown up playing certain games. Some of us also enjoy playing (or watching other people play) sports. However, even though we are all familiar with these concepts, understanding what these terms mean and how they are related is more difficult than we might think. In this course, we will explore fundamental philosophical questions surrounding play, and we will think more carefully about the relationships between play, games, and sport, as well as their influence on our personal and social experience. Along the way we will practice strategies for good writing and academic integrity while exploring tools and resources that can help you work on expressing complex ideas in written English.",121,737,5,Topic 5,9.161132,4.3112383
course_0536,Course Catalog,Course Descriptions,Problems in Philosophy of Science (4 credits),PHIL,PHIL 202,Problems in Philosophy of Science (4 credits),4.0,434,"This course examines the principal philosophical problems of scientific practice with a view to explaining what science is and how it works. Students will learn how science may be distinguished from pseudo-science, how and why scientific theories change, and whether science can ever give us a fully accurate description of reality. The course focuses on what constitutes scientific explanation, how experimentation can confirm or deny scientific hypotheses, and the contrast between instrumentalist and realist conceptions of scientific theory. The course also examines the notion of scientific laws, and how these concepts may be challenged by the question of indeterminism that emerges in post-classical science.",104,715,0,Topic 0,7.9377227,2.657647
course_0537,Course Catalog,Course Descriptions,Logic (4 credits),PHIL,PHIL 205,Logic (4 credits),4.0,434,"Logic is the study of the conditions of good reasoning and clear communication. Logic is an indispensable tool for an indispensable feature of human life: entertaining, assessing and crafting arguments. This course is designed to equip students with some basic skills in distinguishing good arguments from bad ones by introducing them to formal systems of logic and rules of reasoning. The goals of this course focus on reaching proficiency in particular skills in deductive and inductive logic, largely through practicing their application. The skills cultivated in this class have a broad relevance to critical thinking generally, and so students will leave this course with preparation to extend principles of critical thinking into many domains, both academic and not.",118,772,7,Topic 7,8.334743,3.2752588
course_0538,Course Catalog,Course Descriptions,Climate Change Ethics (2 credits),PHIL,PHIL 206,Climate Change Ethics (2 credits),2.0,434,"Climate change has come into focus as a defining problem of the 21st century, but the challenges it presents are not limited to the arenas of engineering, science, and economics. Climate change also represents a challenge for some of our key moral concepts, for our understanding of moral theory, and for our ability to enact morally sensible collective policies and construct morally responsible individual lives. This course will explore ethical dimensions of climate change, including questions 434 concerning moral responsibility for climate woes, possible responses to problematic climate effects, and the implications of climate change for environmental ethics more generally.",100,682,6,Topic 6,6.068004,-0.057100702
course_0539,Course Catalog,Course Descriptions,Ethical Theory (4 credits),PHIL,PHIL 207,Ethical Theory (4 credits),4.0,435,"This course will cover a number of important topics in ethical philosophy, with a strong focus on several prominent normative ethical theories.",22,143,0,Topic 0,8.14774,1.0995183
course_0540,Course Catalog,Course Descriptions,Ancient Greek and Roman Philosophy (4 credits),PHIL,PHIL 208,Ancient Greek and Roman Philosophy (4 credits),4.0,435,"The Western philosophical tradition began with the ancient Greek philosophers. Because these early discussions set the agenda for the Western philosophical conversation that is still underway, and because many of the views from this time have been so influential, and still have relevance to some contemporary debates, understanding the views of the thinkers from this period of Western philosophy is an important part of understanding the trajectory of Western philosophy. In this course, students will read many of the seminal texts from these important thinkers, trying to understand them both as historically and culturally situated, and as potentially speaking to universal, perennial concerns.",103,699,0,Topic 0,8.803869,2.6429653
course_0541,Course Catalog,Course Descriptions,17th and 18th Century European Philosophy (4 credits),PHIL,PHIL 209,17th and 18th Century European Philosophy (4 credits),4.0,435,This course examines the many important philosophical developments that took place in the West in the 17th and 18th Century.,20,124,0,Topic 0,8.946952,2.5048969
course_0542,Course Catalog,Course Descriptions,Philosophy of Mind (4 credits),PHIL,PHIL 301,Philosophy of Mind (4 credits),4.0,435,"This course is an introduction to the basic questions about mind: What is consciousness? Is the mind really like a computer or something quite different? Can thoughts, perceptions, feelings and intentions be explained in terms of events and processes in the brain and nervous system? How do we know there are minds other than our own? Although philosophers across the world have considered these questions for many centuries, the contemporary study of mind is heavily dependent on more recent scientific discoveries in cognitive psychology, neuroscience and computer science. The course demonstrates how philosophy has rapidly developed through engagement with these sciences. Prerequisite: A previous PHIL course.",106,714,0,Topic 0,7.043516,2.7556336
course_0543,Course Catalog,Course Descriptions,Philosophy of Language (4 credits),PHIL,PHIL 302,Philosophy of Language (4 credits),4.0,435,"This course examines important questions or debates in the philosophy of language, including theories of meaning and reference. 435 Prerequisite: A previous PHIL course.",24,169,0,Topic 0,8.265005,2.850747
course_0544,Course Catalog,Course Descriptions,Topics in Feminist Philosophy (4 credits),PHIL,PHIL 303,Topics in Feminist Philosophy (4 credits),4.0,436,"This course both applies a feminist lens to traditional debates in philosophy and uses philosophical tools and methodologies to investigate contemporary feminist issues and ideas such as gender, ideology, misogyny and sexism, agency and autonomy, sexual and romantic orientation, silencing, reproductive rights, and more. In doing so, explores the role that philosophy can play in bridging theory and practice, by helping us to both understand and dismantle systems of oppression and domination. Prerequisite: A previous PHIL course.",77,533,0,Topic 0,8.858097,1.2118006
course_0545,Course Catalog,Course Descriptions,Philosophy of Science (4 credits),PHIL,PHIL 304,Philosophy of Science (4 credits),4.0,436,"This course examines important questions or debates in the philosophy of science, including the epistemic foundations of science and theories of scientific progress. Prerequisite: A previous PHIL course.",28,203,0,Topic 0,8.01541,2.7253137
course_0546,Course Catalog,Course Descriptions,Cross-Cultural Philosophy (4 credits),PHIL,PHIL 305,Cross-Cultural Philosophy (4 credits),4.0,436,"Doing philosophy cross-culturally raises a number of puzzling questions about the compatibility and commensurability of different conceptual schemes, how culturally-laden our thinking is, and the aims and appropriate methods of interpretation across linguistic and cultural boundaries. It also raises difficult questions about what the goals of cross-cultural philosophy should be in light of those difficulties. We will explore these questions in different ways within the two main sections of this course. In the first, we will directly address questions of methodology in cross-cultural philosophy. In the second, we will put that methodological understanding to use in reading and developing work in cross-cultural philosophy. Together, this should teach you how to responsibly and rigorously navigate the inherent difficulties of doing philosophy in a cross-cultural manner. Prerequisite: A previous PHIL course.",129,917,0,Topic 0,9.078961,2.8705397
course_0547,Course Catalog,Course Descriptions,Epistemology (4 credits),PHIL,PHIL 306,Epistemology (4 credits),4.0,436,"Do we know anything at all? If we do, how do we know it? How does knowledge differ from opinion and belief? Perception is a major avenue to knowledge, but what is it and under what conditions can we trust it? Our perceptions are influenced by what we already believe about the world. Does this make our perceptions untrustworthy since our beliefs can often be wrong? These related set of questions, collectively understood as the basic problems of epistemology, have challenged thinkers across the world and over centuries. This course examines a variety of ancient and modern approaches to these questions. 436 Prerequisite: A previous PHIL course.",107,649,0,Topic 0,8.123107,2.6751482
course_0548,Course Catalog,Course Descriptions,Metaphysics (4 credits),PHIL,PHIL 307,Metaphysics (4 credits),4.0,437,"This course will introduce students to core issues in metaphysics, such as natural laws, causation, explanation, existence, freedom, and the nature of space and time. Prerequisite: A previous PHIL course.",30,204,2,Topic 2,4.0544677,3.620714
course_0549,Course Catalog,Course Descriptions,The Political and Social Thought of Hannah Arendt (4,PHIL,PHIL 311/POLSCI 311/SOCIOL 311,The Political and Social Thought of Hannah Arendt (4,,437,"credits) Hannah Arendt is one of the most important 20th century western political thinker. Although her work covered a wide range of subjects, her foremost concern was politics and society. This course aims to familiarize students with the political and social thought of Hannah Arendt, so that they may use her ideas to understand and address the 21st century’s pressing problems. We will read from her seminal works, as well as secondary scholarship, in order to understand Arendt’s key concepts – which could include thoughtlessness, the banality of evil, totalitarianism, the political, statelessness, revolution, power, authority, and labor and work. We will then apply these concepts to some of today’s pressing social and political problems.",115,749,4,Topic 4,8.891146,1.9772323
course_0550,Course Catalog,Course Descriptions,Special Topics in Philosophy (4 credits),PHIL,PHIL 398,Special Topics in Philosophy (4 credits),4.0,437,"An upper-level exploration of diverse philosophical topics, depending on faculty and student interest. Prerequisite: A previous PHIL course. 437 Courses with Course Subject: Physics (PHYS) PHYS 25 Introduction to Mechanics (4 credits) Credit for Advanced Placement on the basis of the College Board Examination in Physics C: Mechanics PHYS 26 Introduction to Electricity and Magnetism (4 credits) Credit for Advanced Placement on the basis of the College Board Examination in Physics C: Electricity and Magnetism",75,512,2,Topic 2,3.9705927,3.452072
course_0551,Course Catalog,Course Descriptions,Frontiers of 21st Century Physics (4 credits),PHYS,PHYS 101,Frontiers of 21st Century Physics (4 credits),4.0,438,"Frontiers of 21st Century Physics explore the major subdisciplines of modern physics and their (potential) applications in industry/research. Students learn why society invests so much in physics and what it gets in return, from the origins of electronic devices and novel materials tackling the energy crisis to the large-scale structure of our universe. Students will build up an understanding that modern technologies are developed based on physics, i.e., application of laser in autopilot, magnetic levitation, etc. This course serves as an introductory course to freshman students to give them a taste of modern physics and to inspire their interest in physics.",101,666,2,Topic 2,3.7571168,3.7323565
course_0552,Course Catalog,Course Descriptions,The Science of Traditional Asian Music (4 credits),PHYS,PHYS 105/ARTS 105,The Science of Traditional Asian Music (4 credits),4.0,438,"This course is an introduction to acoustics, sound, and music. Participants will learn about wave theory, spectral analysis, and the mathematical and scientific basis for music scales, timbre, pitch perception, and harmonics. Vibration sources, resonant chambers, and wave amplification will be discussed. Special attention will be given to waves on strings and waves in pipes, and approximations and corrections to physical systems. Concrete examples will be drawn from Asian instruments and music, with particular attention to the Guqin, Guzheng, Erhu, Dizi, and instruments and vocalists of Chinese opera.",88,608,7,Topic 7,11.385206,5.113281
course_0553,Course Catalog,Course Descriptions,Integrated Science – Physics (4 credits),PHYS,PHYS 121,Integrated Science – Physics (4 credits),4.0,438,"This course is about how to view the world from the perspective of classical mechanics, based on an understanding of the core concepts and theoretical laws. As a science foundation course, it helps students appreciate the elegant simplicity of the universal laws governing the complex systems surrounding us, and it teaches an important approach to identifying, formulating, and solving problems encountered in the physical world. The course begins with the core concepts of classical mechanics, time, space, mass, force, work, energy, momentum, and the physical laws that link them with each other. Students first learn Newton’s laws and the universal law of gravitation as they 438 apply to point mass systems. Subsequently, basic concepts of oscillation and waves, rigid body motion, fluid mechanics, thermodynamics and statistical mechanics are introduced, illustrated with real-life examples (e.g., physics of cooking, biosphere as a thermal engine) to help students integrate different science foundation courses by themselves. While no previous knowledge of physics is required, some background is advantageous. Not open to students who have credits for both",173,1165,2,Topic 2,4.0321393,3.6463628
course_0554,Course Catalog,Course Descriptions,and 102.,INTGSCI,INTGSCI 101,and 102.,,439,Prerequisite(s): MATH 101 or 105. Not open to students who have credits for both INTGSCI 101,16,92,2,Topic 2,4.930191,4.768587
course_0555,Course Catalog,Course Descriptions,"General Physics II: Electricity, Magnetism and Light (4 credits)",PHYS,PHYS 122,"General Physics II: Electricity, Magnetism and Light (4 credits)",4.0,439,"This course is the second of a series of two general physics courses that are highly interactive and illustrated with applications from different perspective of sciences and everyday life. Core topics: electric fields, circuits, magnetic fields, Faraday’s law, Maxwell’s equations, electromagnetic waves, properties of light, geometric optics, wave optics. Additional possible topics: optical instrumentation, quantum physics, selected applications. Prerequisite(s): INTGSCI 102 or PHYS 121",64,490,2,Topic 2,3.8225596,3.6278818
course_0556,Course Catalog,Course Descriptions,Introductory Astronomy (4 credits),PHYS,PHYS 134,Introductory Astronomy (4 credits),4.0,439,"How observation and scientific insights can be used to discover properties of the universe. Topics include an appreciation of the night sky, properties of light and matter, the solar system, how stars evolve and die, the Milky Way and other galaxies, the evolution of the universe from a hot Big Bang, exotic objects like black holes, and the possibility for extraterrestrial life. High-school-level knowledge of algebra and geometry is required. Prerequisite(s): High-school-level knowledge of algebra and geometry",77,515,2,Topic 2,3.928014,3.8045716
course_0557,Course Catalog,Course Descriptions,Optics and Modern Physics (4 credits),PHYS,PHYS 201,Optics and Modern Physics (4 credits),4.0,439,"Introductory treatments of special relativity and quantum mechanics. Topics include wave mechanics and interference; relativistic kinematics, energy and momentum; the Schrodinger equation and its interpretation; quantum particles in one-dimension; spin; fermions and bosons; the hydrogen spectrum. Applications to crystallography, semiconductors, atomic physics and optics, particle physics, and cosmology. Prerequisite(s): MATH 201; PHYS 122",53,442,2,Topic 2,3.7700684,3.6013532
course_0558,Course Catalog,Course Descriptions,Classical Mechanics (4 credits),PHYS,PHYS 301,Classical Mechanics (4 credits),4.0,439,"Newtonian mechanics at the intermediate level, Lagrangian mechanics, linear oscillations, chaos, dynamics of continuous media, motion in non-inertial reference frames. 439 Prerequisite(s): MATH 201; MATH 202; PHYS 122",28,217,2,Topic 2,4.061484,3.92921
course_0559,Course Catalog,Course Descriptions,Thermal and Statistical Physics (4 credits),PHYS,PHYS 302,Thermal and Statistical Physics (4 credits),4.0,440,"This course focuses on the basics of equilibrium thermodynamics and introduces the concepts of temperature, internal energy, and entropy using ideal gases and ideal paramagnets as models. The chemical potential is defined, and the three thermodynamic potentials are discussed with use of Legendre transforms. It will also cover topics including the power of thermodynamics in gases and condensed matter, phase transitions, probability theory, and quantum statistics. Prerequisite(s): PHYS 201",69,492,2,Topic 2,3.865253,2.8871448
course_0560,Course Catalog,Course Descriptions,Introduction to Biophysics (4 credits),PHYS,PHYS 303,Introduction to Biophysics (4 credits),4.0,440,"The application of physics theory and experimental techniques to biological systems can be used to answer complex questions. The biological systems examined can range in scale from single molecules, to organelles, cells, tissues and whole organisms and the types of physics applied can include chemical, mechanical, electrical and others. Students will be introduced to physical descriptions of a wide range of phenomena, from molecular and cell mechanisms to the function of the human brain. An additional introductory overview of frontiers in photobiophysics, neurophysics, bioinformatics and synchrotron-based biological spectroscopy will help students to broaden their views. Prerequisite(s): INTGSCI 102; or INTGSCI 101 and BIOL 110; or BIOL 110 and PHYS 121",110,763,2,Topic 2,4.6545353,2.7954834
course_0561,Course Catalog,Course Descriptions,Electricity and Magnetism (4 credits),PHYS,PHYS 304,Electricity and Magnetism (4 credits),4.0,440,"Electrostatic fields and potentials, boundary value problems, magnetic induction, energy in electromagnetic fields, Maxwell’s equations, introduction to electromagnetic radiation. Prerequisite(s): MATH 202",22,205,2,Topic 2,4.0329146,3.8695798
course_0562,Course Catalog,Course Descriptions,Machine Learning for Physical Science (4 credits),PHYS,PHYS 305,Machine Learning for Physical Science (4 credits),4.0,440,"This course explores the application of classical supervised and unsupervised learning methods, such as logistic regression, kernel method, Boltzmann machine, principal component analysis, autoencoder, and convolutional neural network, in various areas of physics, chemistry, biology and materials science. In each week, the basic principles of one machine learning method are first briefly reviewed, which is followed by its application in one physical science problem. Students are then expected to use Python or R machine learning packages to finish a corresponding computational project. Topics may include unsupervised detection of phase transition, dimension reduction and order parameter extraction, intermolecular forces fitting, graph networks and molecular design, 440 trajectory prediction with time series analysis, deep learning analysis of images, protein folding, etc. Prerequisite(s): MATH 202; and STATS 101 or STATS 102 or COMPSCI 101 or COMPSCI 201",134,967,2,Topic 2,5.002021,3.4704669
course_0563,Course Catalog,Course Descriptions,Quantum Mechanics (4 credits),PHYS,PHYS 306,Quantum Mechanics (4 credits),4.0,441,"Introduction to the non-relativistic quantum description of matter. Topics include experimental foundations, wave-particle duality, Schrodinger wave equation, interpretation of the wave function, the state vector, Hilbert space, Dirac notation, Heisenberg uncertainty principle, one-dimensional quantum problems, tunneling, the harmonic oscillator, three-dimensional quantum problems, angular momentum, the hydrogen atom, spin, angular momentum addition, identical particles, elementary perturbation theory, fine/hyperfine structure of hydrogen, dynamics of two-level systems, and applications to atoms, molecules, and other systems. Prerequisite(s): PHYS 201; MATH 202; and PHYS 301 is encouraged",82,697,2,Topic 2,3.773228,3.3767967
course_0564,Course Catalog,Course Descriptions,Physics of Particulate Materials (4 credits),PHYS,PHYS 310,Physics of Particulate Materials (4 credits),4.0,441,"Particulate materials, broadly defined as agglomerates of macroscopic particles, are ubiquitous in nature, across industries (pharmaceutics, chemical engineering, geotechnical, etc.) and in our daily lives. You can see them in everything from sand grains on the beach to catalyst particles in chemical reactors and from airborne pollution particles to ice balls forming Saturn’s rings. Starting from a physics perspective, this course builds the foundation for widespread applications of particulate materials. It covers topics including particle-particle and particle-fluid interactions, agglomeration processes, statics and dynamics of granular materials. Students work on specific projects that equip them with essential experimental and/or numerical tools to explore these applications of particulate materials and that prepare them for advanced academic and applied fields of study. Prerequisite(s): PHYS 122, MATH 201",124,923,2,Topic 2,3.5781944,2.4786348
course_0565,Course Catalog,Course Descriptions,Solid State and Soft Matter Physics (4 credits),PHYS,PHYS 402,Solid State and Soft Matter Physics (4 credits),4.0,441,"This course is intended to provide an introduction to the physics of solids and soft materials. It will discuss topics including properties of static (crystal structure) and dynamic (lattice vibrations) arrangements of atoms; electrons in solids; key features in metals, insulators and semiconductors; semiconductor devices; structure and assembly of a variety of soft materials including liquid crystals, polymers, colloidal systems and surfactants; special properties of materials in nanoscale; etc. Prerequisite(s): PHYS 306 441",73,531,2,Topic 2,3.4735632,2.9610012
course_0566,Course Catalog,Course Descriptions,Introduction to Nuclear and Particle Physics (4 credits),PHYS,PHYS 403,Introduction to Nuclear and Particle Physics (4 credits),4.0,442,"Introductory survey course on nuclear and particle physics. Phenomenology and experimental foundations of nuclear and particle physics; fundamental forces and particles, composites. Interaction of particles with matter and detectors. SU(2), SU(3), models of mesons and baryons. Weak interactions and neutrino physics. Lepton-nucleon scattering, form factors and structure functions. QCD, gluon field and color. W and Z fields, electro-weak unification, the CKM matrix, Nucleon-nucleon interactions, properties of nuclei, single and collective particle models. Electromagnetic and hadronic interactions with nuclei. Nuclear reactions and nuclear structure, nuclear astrophysics. Relativistic heavy ion collisions. Prerequisite(s): PHYS 306",92,738,2,Topic 2,3.8204958,3.3301404
course_0567,Course Catalog,Course Descriptions,Nonlinear Dynamics (4 credits),PHYS,PHYS 404,Nonlinear Dynamics (4 credits),4.0,442,"Introduction to the study of temporal patterns in nonequilibrium systems. Theoretical, computational, and experimental insights used to explain phase space, bifurcations, stability theory, universality, attractors, fractals, chaos, and time-series analysis. Each student carries out an individual research project on a topic in nonlinear dynamics and gives a formal presentation of the results. Prerequisite(s): MATH 202 and PHYS 122",58,433,2,Topic 2,4.538426,3.620856
course_0568,Course Catalog,Course Descriptions,Advanced Physics Laboratory and Seminar (4 credits),PHYS,PHYS 405,Advanced Physics Laboratory and Seminar (4 credits),4.0,442,"Experiments involving the fields of electricity, magnetism, heat, optics, and modern physics. Written and oral presentations of results. Instructor consent required. Prerequisite(s): Consent of the Instructor",26,208,2,Topic 2,3.9228094,3.6581383
course_0569,Course Catalog,Course Descriptions,Advanced Biophysics (4 credits),PHYS,PHYS 406,Advanced Biophysics (4 credits),4.0,442,Builds on and extends the core concepts introduced in Introduction to Biophysics. Advanced topics and recent developments in biophysics. Prerequisite(s): PHYS 302 and 303,24,170,2,Topic 2,4.303083,3.01739
course_0570,Course Catalog,Course Descriptions,General Relativity (4 credits),PHYS,PHYS 407/MATH 407,General Relativity (4 credits),4.0,442,"Introduction to tensor calculus and metric geometry; Maxwell theory and special relativity; Lorentzian spacetimes; Einstein’s field equations; Schwarzschild and Kerr solutions, black hole properties; Friedmann equations and cosmology; optical geometry and gravitational lensing; gravitational waves; current research overview. Useful but not required: MINI-TERM Invitation to 442 Spacetime; knowledge of differential equations and differential geometry (e.g., MATH 303, MATH 403, MATH 408); knowledge of classical mechanics, electromagnetism and astronomy (e.g., PHYS 134, PHYS 201, PHYS 301). Prerequisite(s): MATH 201, MATH 202",80,629,2,Topic 2,3.9175034,3.868086
course_0571,Course Catalog,Course Descriptions,Quantum Information Science (4 credits),PHYS,PHYS 408,Quantum Information Science (4 credits),4.0,443,"This course provides an introduction to theory and practice of quantum information science. The topics include information theoretic perspective of quantum mechanics, quantum algorithm and quantum error correction, quantum simulation and quantum sensing. Moreover, cutting-edge physical implementations of quantum information science and technology such as superconducting circuits, trapped ions, cold atoms, and defects in solids will be introduced. Prerequisite(s): PHYS 306 443 Courses with Course Subject: Physical Education (PHYSEDU) Each activity course listed below is graded on a Credit/No credit basis. The maximum amount of credit that counts toward the 136 credit requirement is two credits, but additional courses may be taken without credit toward this number. (See section on Credits Required for Degrees in Part 3.) Students may repeat activity courses.",122,868,2,Topic 2,3.6788259,3.1607354
course_0572,Course Catalog,Course Descriptions,Basketball (0.5 credit),PHYSEDU,PHYSEDU 101,Basketball (0.5 credit),0.5,444,This course is designed to develop fundamental basketball skills of beginner students and enhance the skills of those students with some basketball background.,23,159,7,Topic 7,12.809839,6.080719
course_0573,Course Catalog,Course Descriptions,Softball (0.5 credit),PHYSEDU,PHYSEDU 102,Softball (0.5 credit),0.5,444,This course introduces students the rules and emphasizes the development of fundamental skills and strategies for playing softball.,18,131,7,Topic 7,12.873665,6.133216
course_0574,Course Catalog,Course Descriptions,Volleyball (0.5 credit),PHYSEDU,PHYSEDU 103,Volleyball (0.5 credit),0.5,444,"This is an introductory course teaching the fundamentals of volleyball including passing, serving, setting and spiking. Students will learn rules, court strategy, and significant emphasis will be placed on total fitness and recreational skills.",34,244,7,Topic 7,12.811838,6.130494
course_0575,Course Catalog,Course Descriptions,Fencing (0.5 credit),PHYSEDU,PHYSEDU 104,Fencing (0.5 credit),0.5,444,"This course is intended to provide students with the fundamentals of fencing, including footwork, bladework, bouting and refereeing. It will allow students to develop the ability to analyze a fencing bout and promotes creativity in applying acquired skills in a fencing bout.",42,275,7,Topic 7,12.732785,6.194093
course_0576,Course Catalog,Course Descriptions,Soccer (0.5 credit),PHYSEDU,PHYSEDU 105,Soccer (0.5 credit),0.5,444,"This course is designed to enhance technical and tactical game knowledge and students playing ability. Students will engage in a variety of soccer training methods emphasizing fundamental/technical skills, tactical knowledge and playing ability.",33,245,7,Topic 7,12.848507,6.144001
course_0577,Course Catalog,Course Descriptions,Badminton (0.5 credit),PHYSEDU,PHYSEDU 106,Badminton (0.5 credit),0.5,444,This course introduces the fundamentals and techniques used in badminton with theoretical emphasis on rules and playing etiquette. 444,19,134,7,Topic 7,12.8128195,6.1359806
course_0578,Course Catalog,Course Descriptions,Table Tennis (0.5 credit),PHYSEDU,PHYSEDU 107,Table Tennis (0.5 credit),0.5,445,This course is designed to equip the students with the basic skills to be able to play recreational or competitive table tennis outside of class. This course will give students a chance to improve or learn how to play table tennis effectively.,42,243,7,Topic 7,12.724613,6.0404634
course_0579,Course Catalog,Course Descriptions,Tennis (0.5 credit),PHYSEDU,PHYSEDU 108,Tennis (0.5 credit),0.5,445,"The primary aim of this course is to teach the students the fundamentals of tennis including the rules, game scoring, etiquette, and fundamental strokes, forehand, backhand, serve and volley. The course will also present various drills and games, and present singles and doubles tactics and strategies. The emphasis of this course is to give the students the working knowledge of tennis so they may enjoy it as a lifetime activity.",70,431,7,Topic 7,12.78184,6.1470885
course_0580,Course Catalog,Course Descriptions,Tai Chi (0.5 credit),PHYSEDU,PHYSEDU 109,Tai Chi (0.5 credit),0.5,445,"Tai Chi is an ancient Chinese traditional martial art practiced worldwide. It is used as part of defense training, meditation, exercise program or for its various health benefits. This course aims to help students learn the basic forms of Tai Chi and to become comfortable in practicing independently.",48,301,1,Topic 1,12.238838,6.5463924
course_0581,Course Catalog,Course Descriptions,Pilates (0.5 credit),PHYSEDU,PHYSEDU 110,Pilates (0.5 credit),0.5,445,"Pilates is a method of exercise that consists of low-impact flexibility, muscular strength and endurance movements. Pilates’ routine emphasizes proper postural alignment, core strength and muscle balance.",27,204,7,Topic 7,12.371235,6.640928
course_0582,Course Catalog,Course Descriptions,Yoga (0.5 credit),PHYSEDU,PHYSEDU 111,Yoga (0.5 credit),0.5,445,"This class will explore the practice and application of yoga and meditation and will introduce students to various breathing techniques and forms that additionally promote strength and flexibility. Together, these benefits may help students in promoting healthier lifestyle.",38,274,7,Topic 7,12.324255,6.575036
course_0583,Course Catalog,Course Descriptions,Body Combat Fitness (0.5 credit),PHYSEDU,PHYSEDU 112,Body Combat Fitness (0.5 credit),0.5,445,"Body combat fitness is an eclectic-based aerobics class that combines cardio and resistance training and utilizes components of kickboxing, boxing and dynamic conditioning drills using combat principles. This kind of aerobic workout uses principles of high intensity interval training (HIIT) to give all students regardless of fitness level a great workout and learn some of martial arts forms and techniques. 445",61,413,7,Topic 7,12.449951,6.488938
course_0584,Course Catalog,Course Descriptions,Body Step Aerobics (0.5 credit),PHYSEDU,PHYSEDU 113,Body Step Aerobics (0.5 credit),0.5,446,"Step aerobics is designed primarily to attain, improve and/or maintain healthy fitness level of students through their participation in the class. Students will also learn various fitness concept and principles and their application as part of the healthy lifestyle. The course will provide the tools to create and follow a personalized aerobics exercise regimen as part of the healthy lifestyle.",60,396,7,Topic 7,12.528402,6.4924846
course_0585,Course Catalog,Course Descriptions,Jogging/Walking (0.5 credit),PHYSEDU,PHYSEDU 114,Jogging/Walking (0.5 credit),0.5,446,This course emphasizes walking/jogging mechanics and physiological effects of cardiovascular activity and general benefits of exercise. This course provides the knowledge and skills necessary to improve cardiovascular endurance and fitness through walking and jogging.,34,268,7,Topic 7,12.51233,6.3925953
course_0586,Course Catalog,Course Descriptions,Mixed Martial Arts (0.5 credit),PHYSEDU,PHYSEDU 115,Mixed Martial Arts (0.5 credit),0.5,446,"Mixed Martial Arts (MMA) is an eclectic martial arts-based training class that incorporates learning of various martial arts forms and skills with conditioning training. This course will focus on beginner techniques, and in contrast to traditional mixed martial arts, it will not involve ground techniques or grappling. Therefore, the focus of this course is on learning fundamentals of various martial arts forms accompanied by conditioning training routines.",67,460,7,Topic 7,12.285416,6.400949
course_0587,Course Catalog,Course Descriptions,Stick Stretching/Yoga (0.5 credit),PHYSEDU,PHYSEDU 116,Stick Stretching/Yoga (0.5 credit),0.5,446,"Stick stretching is a hybrid blend of traditional yoga poses, tai chi and soft martial arts, which is designed to improve mobility, flexibility, balance, strength, coordination and postural awareness. Hence, the focus of stick yoga is on spinal health and correcting body mechanic. Sticks are used to provide support, guide and leverage stretching, strengthening and balance forms.",57,381,7,Topic 7,12.297699,6.6245174
course_0588,Course Catalog,Course Descriptions,Swimming (0.5 credit),PHYSEDU,PHYSEDU 117,Swimming (0.5 credit),0.5,446,"Swimming course is designed to teach variety of swimming strokes for students with little or no swimming experience. However, considering that swimming ability depends not only on basic strokes, but also being comfortable in the aquatic environment, this class will also emphasize correct breathing skills, water threading and survival floating.",50,345,7,Topic 7,12.614415,5.909116
course_0589,Course Catalog,Course Descriptions,Taekwondo (0.5 credit),PHYSEDU,PHYSEDU 118,Taekwondo (0.5 credit),0.5,446,"Taekwondo is Korean martial art that emphasizes various forms of kicking. However, considering its name – Way (Do) of kicking (Tae) and punching (Kwon) – students will also learn various punching forms. This class is designed to introduce basic Taekwondo forms and techniques and prepare them for the yellow belt test given at the end of the class. 446",59,352,7,Topic 7,12.2493925,6.486005
course_0590,Course Catalog,Course Descriptions,TRX Suspension Training (0.5 credit),PHYSEDU,PHYSEDU 119,TRX Suspension Training (0.5 credit),0.5,447,"TRX is an innovative suspension weight training used by various populations to improve strength, endurance, body tone and overall health and wellness. It is based on seven fundamental movements: push, pull, plank, rotation, hinge, lunge and squat, from which numerous variations and types of workouts are designed to target a specific goal. In this course, you will learn these fundamental movements, and how to create your own routines and adopt them to fit your own goals using TRX.",78,484,7,Topic 7,12.431454,6.571674
course_0591,Course Catalog,Course Descriptions,Weight Training (0.5 credit),PHYSEDU,PHYSEDU 120,Weight Training (0.5 credit),0.5,447,"In weight training course, you will learn various strength training concepts, recommendations, techniques, and programs through discussions, handouts, and hands on demonstrations. While some theoretical background will be provided before each class, majority of class time will be conducted in a fitness center and hands on experience with primary aim to complete a full workout. Considering weight training can be used for various purposes we will introduce goal-specific workout recommendations such as muscle gain, body toning, functional weight training, sport specific training, weight loss and general health. In addition, we will dispel various myths about weight training and workout safety in order to provide you with independence and comfort to make weight-training part of your healthy lifestyle.",117,808,7,Topic 7,12.529185,6.449596
course_0592,Course Catalog,Course Descriptions,Integrated Fitness and Wellness (0.5 credit),PHYSEDU,PHYSEDU 121,Integrated Fitness and Wellness (0.5 credit),0.5,447,"Integrated Fitness and Wellness course emphasizes learning concepts of fitness and wellness through participation in a range of physical activities offered on and off-campus. The course is designed to encourage students to attend different fitness, sports and recreational activities, and using concepts covered in class, learn how to create individualized fitness and wellness goals based on activities they enjoy and fit their lifestyle. In this class, there is no set class time and students are expected to participate in any three fitness activities per week lasting at least 45 minutes. Hence, students are welcome to attend any open fitness class offered on campus, go hiking, jogging, cycling or swimming with friends or play any sport throughout the week. You will use heart rate monitors to keep track of your activities, intensity, goals and participation. Students will have 1 discussion class every 2 weeks where theoretical concepts of fitness and wellness are class progress are discussed.",155,1004,7,Topic 7,12.469076,6.4941726
course_0593,Course Catalog,Course Descriptions,Rowing (0.5 credit),PHYSEDU,PHYSEDU 122,Rowing (0.5 credit),0.5,447,"This course is an introduction to the sport of rowing. Students will learn about the fundamentals of rowing, the types of boats and events, equipment, rowing techniques and mechanics, boat handling and rigging. As part of the class students will row indoors and in open water shells. The 447 goal of the course is for students to experience the wonderful world of rowing, becomes fond of the activity and essentially become independent recreational rowers.",74,456,7,Topic 7,12.7469425,5.935296
course_0594,Course Catalog,Course Descriptions,Kendo (0.5 credit),PHYSEDU,PHYSEDU 123,Kendo (0.5 credit),0.5,448,"Kendo is a form of martial art that focuses on the use of bamboo sword as its integral part. Kendo integrates strategic thinking and methodology with physical agility and responsiveness, and as such is mentally and physically stimulating activity. Subsequently, students in this course have a unique opportunity not only to learn about Kendo as a physical activity, but also its significance in cultivating social and personal values in traditional China.",71,455,1,Topic 1,12.318885,6.5399137
course_0595,Course Catalog,Course Descriptions,Spinning (0.5 credit),PHYSEDU,PHYSEDU 124,Spinning (0.5 credit),0.5,448,"Spinning, or indoor group cycling, is the stationary cycling program that simulates real cycling conditions to deliver high intensity workout. Spinning is low impact, full-body aerobic exercise that will generally improve cardiovascular fitness, boost energy, reduce stress, and tone upper and lower body. Hence, this activity is ideal for fitness novices and athletes to reach their goals. However, as a PE course this class has a teaching component which will allow each student to understand the physiology behind the workout and its benefits, and how to safely and effectively make individualized plans for better results.",95,626,7,Topic 7,12.417945,6.5438733
course_0596,Course Catalog,Course Descriptions,Kunqu Basic Movements (0.5 credit),PHYSEDU,PHYSEDU 125,Kunqu Basic Movements (0.5 credit),0.5,448,"This class will provide the foundational skills of specific pieces of kunqu theatre, a form indigenous to the local region. Students will learn about a form of physical discipline at the intersection of physical exercise, dexterity and the arts. Students will learn that traditional theatrical arts offer a route to physical wellbeing, offering a rigorous training in physical and motor control.",61,395,7,Topic 7,11.660351,4.337545
course_0597,Course Catalog,Course Descriptions,Ultimate Frisbee (0.5 credit),PHYSEDU,PHYSEDU 126,Ultimate Frisbee (0.5 credit),0.5,448,"Ultimate Frisbee is a global, team sport that originated in the United States. This course is designed to familiarize students with the ultimate frisbee through engaging, high-energy activities and theoretical background of history, rules, and game terminology. The course will emphasize several fundamental aspects of Ultimate Frisbee including backhand throws, forehand throws, pancake catch, rim catch, and game strategy.",59,424,7,Topic 7,12.851555,6.11251
course_0598,Course Catalog,Course Descriptions,Flag Football (0.5 credit),PHYSEDU,PHYSEDU 127,Flag Football (0.5 credit),0.5,448,"Flag football is one of the fastest-growing youth sports worldwide. The purpose of the game is fairly similar to American football, in contrast to the full contact version, in flag football there is minimal physical contact, no physical tackling, diving, blocking, screening, or fumbles. As part of 448 the course students will learn fundamentals skills and strategies of flag football, and certainly develop physical skills required to recreationally play flag football.",71,471,7,Topic 7,12.843312,6.099615
course_0599,Course Catalog,Course Descriptions,Sports Dance (0.5 credit),PHYSEDU,PHYSEDU 128,Sports Dance (0.5 credit),0.5,449,"Sport Dance class will explore the origins and fundamental elements of hip-hop, freestyle, and street dance culture. Students will learn about foundation movements through direct instruction, specific exercise drills and routines, with guest instructors from local dance groups. With these methods students will improve coordination, physical fitness, and general sense of rhythm and dance.",54,390,7,Topic 7,12.484848,6.229201
course_0600,Course Catalog,Course Descriptions,Sailing (0.5 credit),PHYSEDU,PHYSEDU 129,Sailing (0.5 credit),0.5,449,"This is American Sailing Association certified ASA 101 Basic Keelboat and 103 Basic Coastal Cruising combination course. It is provided over a five-day intensive coursework and is ideal for novices with minimal sailing skills and those who would like an in-depth refresher course and fast certification. At the end of the fast-track, students will have the skills necessary to safely and confidently operate and charter sailboats. Instruction will be held at Tai Lake, Suzhou, immediately after the final exams. There are supplemental charges for the course.",86,558,7,Topic 7,12.697213,5.5698175
course_0601,Course Catalog,Course Descriptions,Scuba (0.5 credit),PHYSEDU,PHYSEDU 130,Scuba (0.5 credit),0.5,449,"This course is structured according to the Open Water Diver (OWD) course provided by Professional Association of Diving Instructors (PADI). OWD is an entry-level autonomous diver certification for recreational scuba diving and prepares students to dive up to 15 meters. It is a pre- requisite for Advanced Open Water Diver (AOWD) course for those students interested in pursuing more advanced scuba diving. Instruction will be held at a selected site during summer break, immediately after the final exams. The course will be over 5 days with practical exam on the final day. There are supplemental charges for the course. Prerequisites: No previous knowledge, but students MUST know how to swim to take this class.",114,715,7,Topic 7,12.655754,5.583698
course_0602,Course Catalog,Course Descriptions,Ski/Snowboard (0.5 credit),PHYSEDU,PHYSEDU 131,Ski/Snowboard (0.5 credit),0.5,449,"Instruction and experience in the fundamentals of skiing or snowboarding. Emphasis on safety, controlled turns and stops, equipment selection, and pre-season preparation. Instruction will be held a selected site during winter break, immediately after the final exams. The course will be over 5 days with practical exam on the final day. There are supplemental charges for the course. 449",59,387,7,Topic 7,12.610393,5.6030602
course_0603,Course Catalog,Course Descriptions,Surfing (0.5 credit),PHYSEDU,PHYSEDU 132,Surfing (0.5 credit),0.5,450,"This introductory course is designed to provide fundamental instruction in surfing skills and technique. Additional focus will include ocean safety, surf etiquette, understanding surf forecasts and wave models, equipment selection, surfing history and culture, competition, and surf related exercises. Instruction will be held at a selected site during summer break, immediately after the final exams. The course will be over 5 days with practical exam on the final day. There are supplemental charges for the course. Prerequisites: No previous knowledge, but students MUST know how to swim to take this class. 450 Courses with Course Subject: Political Economy (POLECON)",99,671,7,Topic 7,12.58641,5.528811
course_0604,Course Catalog,Course Descriptions,China and the Global South (2 credits),POLECON,POLECON 105,China and the Global South (2 credits),2.0,451,"China’s vast material power and professed developing country status place it in a unique and highly influential position with respect to the Global South. In this course, we will examine the political economy of contemporary China’s relations with the Global South, covering topics including China’s development and humanitarian assistance, trade and investment, Chinese soft power, and it’s expanding security presence. We will explore how the politics of these topics shapes their economics and vice versa, and unpack the interests and roles of the many different state and non-state actors involved.",90,602,1,Topic 1,11.645525,1.2096852
course_0605,Course Catalog,Course Descriptions,International Political Economy (4 credits),POLECON,POLECON 201,International Political Economy (4 credits),4.0,451,"This course is an introduction to international political economy, the study of how and why international economic policies are formed, and how the international economy influences domestic politics and economic performance. This is a survey course designed to introduce students to the leading theories and evidence-based research relating to international political economy (IPE). It first introduces some of the main theories of IPE, which is the study of how political forces impact the workings of the global economy and how the global economy— simultaneously—shapes politics. It then explores the history and contemporary workings of the international trade and monetary systems from an IPE perspective. Finally, it delves into specific topics that IPE can help shed light on, such as foreign aid, resources competition, and international environmental protection agreements.",128,881,6,Topic 6,8.270686,0.28736913
course_0606,Course Catalog,Course Descriptions,The Politics of International Economic Relations: America in the World Economy,POLECON,POLECON 202,The Politics of International Economic Relations: America in the World Economy,4.0,451,"(4 credits) Introduction to politics of international economic relations through an examination of persistent major debates and current events in world politics and global economy. Topics include politics of trade; politics of money and finance; foreign direct investment, multinational corporations, and global value chains; politics of foreign aid and economic development; and corporate social responsibility in a global economy. Examines how material interests, historical and socio-political context, and institutions at domestic and international level shape a country’s foreign economic policies. Special focus on U.S. foreign economic policy in comparative perspective. Prerequisite(s): POLECON 201",93,706,4,Topic 4,8.621204,0.3685716
course_0607,Course Catalog,Course Descriptions,Risk Analysis and Forecasting (2 credits),POLECON,POLECON 211,Risk Analysis and Forecasting (2 credits),2.0,451,"This course explores the nature of risk, particularly as it relates to decision-making in areas such as politics, economics, and finance. The course combines a theoretical overview of risk and the use of 451 simple mathematical models to quantify it. Furthermore, the conditions under which risk specific models are most accurate and useful will be explored, as well as the situations in which they are prone to failure.",68,420,6,Topic 6,6.156421,3.7394333
course_0608,Course Catalog,Course Descriptions,Development (4 credits),POLECON,POLECON 301,Development (4 credits),4.0,452,"This course provides an overview of advanced contemporary work on the political economy of development. This is a survey course designed to introduce students to the leading methods, theories, and evidence-based research relating to development. It first addresses the very concept of development, presents the metrics that are used to measure it, and introduces important development figures. It then introduces key models and theories that have been presented to explain development. Finally, it delves deeper into contemporary questions and debates about the drivers of development. Prerequisite(s): POLECON 201 or ECON 101",91,626,6,Topic 6,7.9442925,0.55147177
course_0609,Course Catalog,Course Descriptions,China’s Economic Transition (4 credits),POLECON,POLECON 302/GCHINA 301,China’s Economic Transition (4 credits),4.0,452,"This course will provide a comprehensive overview of the Chinese economy and China’s role in the world economy. China’s current economic challenges will be given particular attention. Topics that will be addressed include: the Chinese economy before 1949; the socialist era, 1949-1978; economic reform and market transition; the role of state enterprises; foreign investment; foreign trade; China’s role in the East Asian trade-production network; the Chinese financial system; Chinese monetary and exchange rate policy; China’s role in global imbalances; the internationalization of the Yuan; and the housing market.",88,617,1,Topic 1,11.940159,1.3243233
course_0610,Course Catalog,Course Descriptions,Political Economy of the Chinese Reform (4 credits),POLECON,POLECON 401/GCHINA 401,Political Economy of the Chinese Reform (4 credits),4.0,452,"This course is a reading and research seminar that aims to provide students with a solid, broad understanding of China’s reform policies, programs, and strategies since 1978. It also examines the lessons the Chinese reformers and people learned from the 40-year reform experience as well as the challenges facing the Chinese economy and society in the future. Reading materials include both authoritative and new works on China’s politics, institutions, and economic development at various stages of the reform period. Students have opportunities to apply basic economic theories to the empirical analysis of China’s economic transitions and sociopolitical change. Prerequisite: Consent of the Instructor",103,704,1,Topic 1,11.998244,1.4740474
course_0611,Course Catalog,Course Descriptions,Senior Seminar: Advanced Topics (4 credits),POLECON,POLECON 490,Senior Seminar: Advanced Topics (4 credits),4.0,452,This seminar is a core component of the interdisciplinary major in Political Economy. Students will apply to interdisciplinary topics the knowledge and methods of analysis that they have gained in different disciplines. Students will re-connect with the broader community of faculty and students 452 in their major and further develop their capacities to translate between their areas of expertise and the larger questions and issues that apply across a variety of disciplines. The seminar will foster the ability to see their disciplinary knowledge from a wider perspective and to apply it flexibly. Specific topics will vary. This seminar is required for all seniors in the major. Other students may enroll with the permission of the instructor. Prerequisite(s): POLECON 201 or POLSCI 201 or POLSCI 104 Courses with Course Subject: Political Science (POLSCI) POLSCI 20 American Government and Politics (4 credits) Credit for Advanced Placement on the basis of the College Board examination in American government and politics POLSCI 21 Comparative Government and Politics (4 credits) Credit for Advanced Placement on the basis of the College Board examination in comparative government and politics,182,1200,6,Topic 6,7.3833227,1.7801373
course_0612,Course Catalog,Course Descriptions,International Politics (4 credits),POLSCI,POLSCI 101,International Politics (4 credits),4.0,453,"The theory and practice of international politics and foreign policy; analysis of the various elements of national power and its impact on differing world views and foreign policy behavior, the instruments of foreign policy, and the controls of state/nation behavior across different historical periods and from different national and analytical perspectives.",51,359,4,Topic 4,8.846249,0.4646444
course_0613,Course Catalog,Course Descriptions,Comparative Politics and Institutions (4 credits),POLSCI,POLSCI 104,Comparative Politics and Institutions (4 credits),4.0,453,"The purpose of this course is to examine and understand issues related to Comparative Politics and Institutions. The main topics that will be examined over the course of the term include the central themes, theories, concepts, and questions of the contemporary study how policy-making processes vary across different institutional arrangements.",50,344,6,Topic 6,7.9856443,1.7162992
course_0614,Course Catalog,Course Descriptions,Contemporary Political Ideologies (2 credits),POLSCI,POLSCI 105,Contemporary Political Ideologies (2 credits),2.0,453,"The goal of this course is to understand the fundamental alternative political ideologies or theories that have shaped our world and to consider which political theories may shape our world in the future. To accomplish this goal, we will 1) Investigate the theories at the foundation of liberal democracy, capitalism, Marxism, fascism, and anti-liberal Islam; 2) Consider how each of these 453 theories addresses such fundamental human questions as: What is the best form of government? What is the nature of human beings? 3) Study through close textual analysis the principal arguments both for and against each of these theories.",100,631,0,Topic 0,8.636311,2.068755
course_0615,Course Catalog,Course Descriptions,"Political Rhetoric, Crisis, and Leadership (2 credits)",POLSCI,POLSCI 106,"Political Rhetoric, Crisis, and Leadership (2 credits)",2.0,454,"This course engages in a series of case studies to evaluate the requirements of political rhetoric, especially during times of crisis. Examples are drawn from ancient Greek and Roman history, the American founding, and the U.S. Civil War. Students will be able to identify how political leaders in various contexts use common logical and rhetorical constructions to negotiate political uncertainty and danger.",62,409,4,Topic 4,9.384548,1.158666
course_0616,Course Catalog,Course Descriptions,Introduction to Political Theory (2 credits),POLSCI,POLSCI 108,Introduction to Political Theory (2 credits),2.0,454,"How should we act? What do we owe the community – and what does the community owe us? These questions and more animate political philosophy, which takes as its starting point the plurality of human beings, “the fact that men, not man, live on the earth and inhabit the world,” as political theorist Hannah Arendt has written. The problems and promise that come from human beings dwelling together will be the subject of this course. Through a changing set of diverse texts, we will explore together the dilemmas, tensions, and potentials of human beings going on together in a political community.",101,597,4,Topic 4,8.8681135,1.9205705
course_0617,Course Catalog,Course Descriptions,"U.S. Citizenship: History, Meaning and Conflict (4 credits)",POLSCI,POLSCI 202,"U.S. Citizenship: History, Meaning and Conflict (4 credits)",4.0,454,"What does it mean to be and to become an American citizen? What combination of political principles, cultural identity, and historical experience does and should constitute U.S. citizenship? This course explores the meaning of citizenship and nationhood in different historical contexts, amidst competing constitutional interpretations, and at the center of contemporary policy debates.",53,386,4,Topic 4,9.743522,1.5031817
course_0618,Course Catalog,Course Descriptions,Civil Rights and Civil Liberties (4 credits),POLSCI,POLSCI 203,Civil Rights and Civil Liberties (4 credits),4.0,454,"This course examines the meaning rights and liberties in the American and global context. It considers competing justifications as well as specific legal and policy debates ranging from freedom of speech and the press, religion, sexuality, abortion, and discrimination.",39,269,4,Topic 4,8.878595,1.0611676
course_0619,Course Catalog,Course Descriptions,The U.S. Constitution and its Critics (4 credits),POLSCI,POLSCI 204,The U.S. Constitution and its Critics (4 credits),4.0,454,"The U.S. Constitution is the foundation of the American legal and political system. It is the oldest national constitution still in effect, and it has influenced many subsequent constitutions around the world. According to its admirers, it has played a central role in the rise of the United States as a global superpower. Its critics, on the other hand, claim that it has produced an increasingly unequal 454 society and a dysfunctional political system. This course will help students to better understand the basic structure of the U.S. Constitution, its history, and the political debates to which it has given rise. We will begin by examining the arguments raised for and against the Constitution when it was first proposed in the eighteenth century, before turning to the study of several contemporary political challenges in which constitutional questions play a prominent role, namely those concerning race, free speech, and the power of the American presidency.",154,970,4,Topic 4,9.483255,1.5740806
course_0620,Course Catalog,Course Descriptions,American Ideas and Global Receptions (4 credits),POLSCI,POLSCI 205,American Ideas and Global Receptions (4 credits),4.0,455,"What is the story of the United States? What fundamental ideas of America have been formed as a nation and as an empire? Are there connections we can draw between the US today and its past? What relevance does the US have in China historically and in the present day? What place does the US have in the Chinese imagination? In this course, we address these questions by examining a variety of texts, ranging from important founding documents, political speeches, autobiographies, and travelogues to excerpts of American novels. Through class discussions, team projects, and role plays, we will discuss fundamental concepts of America, its past and present, and explore themes such as politics and religion, race and slavery, immigration and identity, women and economics, and education and citizenship. We will also consider how America is being perceived in the world specifically within the Chinese context.",145,909,1,Topic 1,10.671044,1.4787132
course_0621,Course Catalog,Course Descriptions,Democratic Institutions in America (4 credits),POLSCI,POLSCI 207,Democratic Institutions in America (4 credits),4.0,455,"From the framing of the Constitution to the present day, the US has had unique political institutions and political culture, which have long arrested the minds of political theorists, philosophers, writers and academics. Drawing on multiple disciplines, such as sociology, history, philosophy, and literature, this course will explore America’s democratic political structures as well as the various institutions that live alongside them. Students will examine the US Constitution and political system. They will look at the relation of the US political system to American culture, to race, to education, to capitalism, and to empire.",94,634,4,Topic 4,9.281639,1.5135953
course_0622,Course Catalog,Course Descriptions,Political and Social Inequality (4 credits),POLSCI,POLSCI 208,Political and Social Inequality (4 credits),4.0,455,"How do different groups with different levels of political power shape political outcomes? How do gender, racial, environmental, and social inequalities express themselves through the political system? What is a ‘fair’ level of inequality? How do different institutional designs shape and channel inequality? This class introduces students to readings, arguments, and concepts that begin to explore the answers to these questions. Prerequisite(s): POLSCI 104 or POLSCI 201 455",68,476,6,Topic 6,7.801491,1.9735271
course_0623,Course Catalog,Course Descriptions,Democratic Erosion (2 credits),POLSCI,POLSCI 209,Democratic Erosion (2 credits),2.0,456,"The course responds to the widespread media coverage and commentary suggesting that democracies around the world are backsliding into authoritarianism by treating “the threat of democratic erosion as an empirical question, rather than merely a political one”. The first week of the course focuses on definitions—democracy, democratic consolidation, democratic erosion. In each of the next six weeks, the following particular themes will be investigated: institutions, populism, the media, polarization, exclusion, and resistance.",72,529,4,Topic 4,9.195676,1.7101223
course_0624,Course Catalog,Course Descriptions,International Relations in East Asia (4 credits),POLSCI,POLSCI 210,International Relations in East Asia (4 credits),4.0,456,"This course helps students understand the interactions among states in East Asia since WW II. It surveys the major events, introduces theories from international relations related to the strategic balance, realism and constructivism, international political economy, decision-making, domestic politics, leadership and bureaucratic politics. Part III looks at China’s and America’s relationships with Asian countries while Part IV analyzes key issues, including the Korean nuclear crisis, the South and East China seas, and the future of the region. The course will include a simulation game, when students engage in crisis management, thereby enhancing their understanding of the dilemmas of foreign policy decision making. Prerequisite(s): POLSCI 101",105,751,6,Topic 6,10.726415,0.93816274
course_0625,Course Catalog,Course Descriptions,Politics and Literature (4 credits),POLSCI,POLSCI 211/LIT 211,Politics and Literature (4 credits),4.0,456,"In the past, the poet was regarded, not as an antipolitical bohemian nor as a political partisan, but rather as a wise teacher who could help us to understand the drama of human life as a whole and the drama of political life in particular. The goal of this course is to investigate the nature of politics and human nature by studying a number of masterpieces of classical literature. As we study these works, we will consider such themes as the equality of the sexes, democracy and aristocracy, science and politics, religion and politics, love and politics, and ambition and politics.",101,586,4,Topic 4,9.307292,2.5336328
course_0626,Course Catalog,Course Descriptions,Pathologies of Modern Society: Foundational Ideas (4 credits),POLSCI,POLSCI 212,Pathologies of Modern Society: Foundational Ideas (4 credits),4.0,456,"This course introduces the ideas of 4 social theorists: Tocqueville, Marx, Durkheim, and Weber. Described as “the founding fathers” of modern social theory, these thinkers sought to understand modern society, and its pathologies, in order to improve human life. Their ideas – such as public opinion and democratic despotism, alienation and ideology, rationalization and disenchantment, and organic solidarity and anomie – are still used by social scientists today to analyze and frame social, economic, and political problems. 456",78,530,0,Topic 0,8.5473,2.0914414
course_0627,Course Catalog,Course Descriptions,Populism (2 credits),POLSCI,POLSCI 213,Populism (2 credits),2.0,457,"Populism is widely recognized as a threat to liberal democratic states around the world today. In this course, we will analyze the phenomenon of populism from three basic perspectives. First, we will read theories of what populism is and how it relates to liberal democracy. Second, we will examine what the aims and practices of different populist movements from around the world are (movements such as those in Venezuela, Brazil, Hungary, Poland, Turkey, France, and India). Third, we will investigate what the causes of populism are and how we can respond to it.",93,565,4,Topic 4,9.174186,1.7259711
course_0628,Course Catalog,Course Descriptions,Authoritarianism and the Struggle for Democracy in Latin America (4 credits),POLSCI,POLSCI 214,Authoritarianism and the Struggle for Democracy in Latin America (4 credits),4.0,457,"This subject explores the precarious balance between the ideal of democracy and histories of authoritarianism in Latin America. Using case studies from different historical contexts, the class examines continuities and ruptures in Latin American political history, and the cultural contexts in which populisms of the left or right, and authoritarian regimes, emerge or recede. This subject encourages students to consider political theory in relation to historical and cultural specificity. Key questions addressed include: what political cultures are associated with democratic, authoritarian and populist forms of rule? What role do struggles over memories of authoritarian pasts play in contemporary democracies? How do democracies evolve into dictatorships, and dictatorships into democracies? Previous study of international relations is helpful, but not required.",119,869,4,Topic 4,9.303334,1.6989964
course_0629,Course Catalog,Course Descriptions,The Political History of Modern Architecture: From Revolution through,POLSCI,POLSCI 215,The Political History of Modern Architecture: From Revolution through,4.0,457,"Neoliberalism (4 credits) Given the needs for labor, materials, and legal permissions, architects in the modern period by definition intersect with interests of power. This course explores the role of political institutions and ideologies in the history of modern architecture. While the course focuses on European and North American examples, we will also include key case studies of non-Euroamerican architecture and politics. The course provides a foundational knowledge of the history of modern architecture as well as how political institutions and ideologies have influenced that development.",86,598,4,Topic 4,9.355526,1.7443222
course_0630,Course Catalog,Course Descriptions,War and Peace: Foundations of the International Political Order (2 credits),POLSCI,POLSCI 216,War and Peace: Foundations of the International Political Order (2 credits),2.0,457,"Most nations claim to seek peace, yet war is a recurrent feature of international politics. This course examines the reasons why this is the case. Is war an inevitable result of the clashing interests of states, or is it a regrettable consequence of their failure to correctly assess those interests? We will study the greatest works of political philosophy and political science in order to understand the causes of war and the prospects for a more resilient peace. 457",79,470,4,Topic 4,9.571709,0.28094387
course_0631,Course Catalog,Course Descriptions,"The U.S. Legal System: Lawyers, Judges, Lawmakers, & Bureaucrats",POLSCI,POLSCI 219/PUBPOL 219,"The U.S. Legal System: Lawyers, Judges, Lawmakers, & Bureaucrats",4.0,458,"(4 credits) In this course students will learn how the U.S. legal system actually operates: the 3 branches of government (legislators, judges, and agencies), the 3 levels of government (local, state, and federal), and the 4 main actors (judges, lawmakers, bureaucrats who regulate your daily life, and lawyers who have to deal with all the others). You will also learn about the principles of and tools for interpreting laws and regulations. Students will do practical exercises on current issues throughout the term to best develop their oral and written advocacy skills.",91,572,6,Topic 6,8.561767,1.3536052
course_0632,Course Catalog,Course Descriptions,US/China Relations (4 credits),POLSCI,POLSCI 221,US/China Relations (4 credits),4.0,458,"The relationship between China and the United States is the most important—and often the most perplexing—international relationship of our era. In order to understand present and future challenges and opportunities more fully, this course will examine the history of U.S.-China relations from 1776 to the present. Paying equal attention to perspectives from both countries, we will reconstruct the surprising, tragic, and rewarding ways Chinese and Americans have engaged with one another over the centuries. Students who complete this course will learn why mutual distrust permeates contemporary bilateral relations. They will also devise realistic pathways toward a more cooperative future. Prerequisite(s): POLSCI 101",102,720,1,Topic 1,11.055582,1.1914806
course_0633,Course Catalog,Course Descriptions,Social Choice and Democracy (4 credits),POLSCI,POLSCI 222,Social Choice and Democracy (4 credits),4.0,458,"The central theme of this course is to examine the liberal conception of democracy as the aggregation of individual preferences. Students will explore and study questions such as: How can a collective (e.g., the electorate, legislature, collegial court, expert panel, or committee) arrive at coherent collective choices or judgments on some issues, on the basis of its members’ individual preferences? Who decide whose preferences should be counted? Do voters have the freedom to choose? What methods are used to aggregate preferences? What are the theoretical properties of these methods? How easily can outcomes be manipulated or distorted? Are there widespread election frauds? Answers to these questions are utmost important for any democratic decision- making body. Social choice theory will be used as our theoretical framework for the analysis of combining individual opinions, preferences, interests, or welfares to reach a collective decision.",141,952,6,Topic 6,7.8860273,2.0476341
course_0634,Course Catalog,Course Descriptions,Program Evaluation (4 credits),POLSCI,POLSCI 301,Program Evaluation (4 credits),4.0,458,"This course introduces students to the approaches used by social scientists to evaluate the implementation and impacts of public policies. Topics covered include reasons for and uses of program evaluations; the different kinds of information gained through implementation analysis 458 and the integration of qualitative and quantitative research; statistical power and effect size; and cost-benefit analysis. The bulk of the course focuses on the techniques, advantages, and drawbacks of experimental and quasi-experimental designs. Prerequisite(s): STATS 101 and SOSC 102",79,572,6,Topic 6,7.3495502,2.6800067
course_0635,Course Catalog,Course Descriptions,Public Opinion (4 credits),POLSCI,POLSCI 302,Public Opinion (4 credits),4.0,459,"Examines nature and role of public opinion from a comparative perspective, providing a broad- based introduction to the dynamics of citizens’ social and political attitudes. The goal of the course is to help students arrive at a more comprehensive understanding of forces that shape beliefs, attitudes, and opinions of the public, how those views are publicly expressed, and the influence of those opinions on policy outcomes. While the design, implementation, and analysis of public opinion surveys and election polls will be discussed, the course focuses on the substantive, and not the methodological aspects of public opinion.",96,630,6,Topic 6,7.76777,2.1286042
course_0636,Course Catalog,Course Descriptions,International Politics of East Asia (4 credits),POLSCI,POLSCI 303,International Politics of East Asia (4 credits),4.0,459,"Course explores the economic, political, and security issues in East Asia. Examines respective theoretical and historical backgrounds of the region (Japan, North Korea, South Korea, Chinese mainland, Hong Kong, Macau, Taiwan, Southeast Asia). Focuses on issues surrounding the region, including globalization, economic interdependence, nuclear proliferation, territorial disputes, and terrorism. Utilization of some international relation theory and methodological tools for more systematic analysis of these issues. Readings will be drawn from international relations theory, political science and history. Prerequisite(s): POLSCI 101",80,635,1,Topic 1,10.656864,0.8055432
course_0637,Course Catalog,Course Descriptions,Revolutions and Foundings: A Comparative Perspective (4 credits),POLSCI,POLSCI 304,Revolutions and Foundings: A Comparative Perspective (4 credits),4.0,459,"This course examines the Founders of the American political order and compares them with the more contemporary founders of other political traditions. This course examines the political thought and careers of key protagonists in the American Revolution and constitutional Founding (such as George Washington, Thomas Jefferson, John Adams, Alexander Hamilton, and James Madison) and revolutionaries and founders in other modern settings (such as Mohandas Gandhi, Che Guevara, Nelson Mandela, Vaclav Havel, Mao Zedong, and Lee Kwan Yew). Prerequisite(s): POLSCI 104 or POLSCI 201",83,577,4,Topic 4,9.4055,1.6149334
course_0638,Course Catalog,Course Descriptions,American Capitalism in the World (4 credits),POLSCI,POLSCI 305,American Capitalism in the World (4 credits),4.0,459,"This course examines American economic history and the global reach of capitalist markets. It explores patterns of commerce, the development of the regulatory state, business cycles and crises, 459 the nature of the corporation and the changing of labor markets and the meaning of work. The course considers crises, contradictions, and competitive virtues and drawbacks associated with the modern American economy and highlights key trade-offs and lessons for democratic institutions, business, and culture.",73,507,4,Topic 4,9.201832,1.2263018
course_0639,Course Catalog,Course Descriptions,Political Economy of Institutions (4 credits),POLSCI,POLSCI 307,Political Economy of Institutions (4 credits),4.0,460,"Without paying attention to institutions, one cannot understand why some societies are wealthy and others poor; why some are innovative and others un-creative; or why some are politically stable and others in perpetual turmoil. As such, this course should be of direct interest to students of economic development, economic history, social inequality, and democratization, among other fields of social inquiry. The first half of the course delineates the subject and covers the social mechanisms that govern institutional transformations. Attention is paid to the pace of institutional transformations, latent change, social inertia, political revolutions, and links among beliefs and behaviors. The second half focuses on the social functions of institutions. Again, the emphasis is on pertinent analytical methodologies. The functions studied include: the control of free riding, credible commitment, redistribution, the provision of collective goods, coordination, protection of expectations, generation of common knowledge, governance, rent seeking, and the reduction of transaction costs. Prerequisite(s): POLSCI 104 or POLSCI 201",157,1135,6,Topic 6,8.03165,1.6958507
course_0640,Course Catalog,Course Descriptions,Global Governance (4 credits),POLSCI,POLSCI 308,Global Governance (4 credits),4.0,460,"This course provides an overview of the evolving architecture, processes and variable outcomes of global governance. Governance, at whatever level of social organization it occurs, refers to the systems of authoritative rules, norms, institutions, and practices by means of which any collectivity, from the local to the global, manages its common affairs. Global governance is generally defined as an instance of governance in the absence of government. There is no government at the global level: the UN General Assembly is not a global parliament, and Secretary-General Ban Ki-moon is not the president of the world. But there is governance, of variable effectiveness. The course is divided into four sections. The first briefly introduces the subject. The second examines the core elements in the traditional architecture of global governance – its institutional and legal foundation. The third surveys emerging trends in that architecture. The fourth (and longest) section explores the key policy processes performed by/in/through global governance, addressing how and why they differ across different issue areas. 460",167,1122,4,Topic 4,8.102263,1.3372787
course_0641,Course Catalog,Course Descriptions,Networks in a Globalizing World (4 credits),POLSCI,POLSCI 309,Networks in a Globalizing World (4 credits),4.0,461,"Network perspective on understanding politics; focus on aspects of security, peace, and conflict as seen from a global network perspective; focus on major concepts of network analysis: nodes, links, cliques, centrality, as well as the dynamics of the spread of political phenomena through networks. Students will learn to conduct studies of politics that use network concepts and data.",58,385,4,Topic 4,7.1216106,3.5068002
course_0642,Course Catalog,Course Descriptions,America in the World (4 credits),POLSCI,POLSCI 310,America in the World (4 credits),4.0,461,"The United States has been, since at least 1945, the most powerful country on earth. Its foreign relations are thus a matter of interest, not only as part of American history, but as part of global history. This course places American history in a transnational context by examining commercial expansion and covert operations, military alliances and overseas bases, and the spread of American culture and institutions. We will focus primarily on the 20th century and evaluate innovative scholarship that follows American soldiers, spies, artists, athletes, corporations, ideas, and goods beyond the borders of the United States and into the world.",100,647,4,Topic 4,10.277859,1.2992008
course_0643,Course Catalog,Course Descriptions,The Political and Social Thought of Hannah Arendt (4,POLSCI,POLSCI 311/PHIL 311/SOCIOL 311,The Political and Social Thought of Hannah Arendt (4,,461,"credits) Hannah Arendt is one of the most important 20th century western political thinker. Although her work covered a wide range of subjects, her foremost concern was politics and society. This course aims to familiarize students with the political and social thought of Hannah Arendt, so that they may use her ideas to understand and address the 21st century’s pressing problems. We will read from her seminal works, as well as secondary scholarship, in order to understand Arendt’s key concepts – which could include thoughtlessness, the banality of evil, totalitarianism, the political, statelessness, revolution, power, authority, and labor and work. We will then apply these concepts to some of today’s pressing social and political problems.",115,749,4,Topic 4,8.8589115,2.0077548
course_0644,Course Catalog,Course Descriptions,Islamic Political Thought (4 credits),POLSCI,POLSCI 312,Islamic Political Thought (4 credits),4.0,461,"This course aims to introduce students to the Islamic tradition of political thought through the careful study of selected foundational political texts of Islamic civilization. Students will be exposed to the great variety of thinking about politics that has taken place in the Islamic world through close readings and in-depth discussions of specific primary texts, including the Qur’an, the writings of Muslim philosophers, theologians, historians, and literary writers in the Middle Ages. Students will be introduced to such fundamental themes as: politics and religion, the individual and the political order, wisdom and political rule, power and conquest, tradition and modernity. By establishing familiarity with the intellectual background of Muslim societies, this course fosters 461 students’ abilities to navigate an increasingly globalized world and to engage with actors from industry, government, and civil society with culturally and religiously diverse backgrounds.",139,980,0,Topic 0,9.059549,-0.30777586
course_0645,Course Catalog,Course Descriptions,Political Psychology (4 credits),POLSCI,POLSCI 313/PSYCH 313,Political Psychology (4 credits),4.0,462,"Are political ideologies ingrained in our DNA? Why do neurological and physiological processes define our political preferences? Why do we get angry when discussing politics? Can we estimate the causal effect of cultures on individual political behavior? This course introduces you to advanced research topics in political psychology---a discipline that applies rigorous psychological and statistical methods to the analysis of political behavior. First, we will examine the genetic and environmental origins of political beliefs. Second, we will learn how our brain processes political information. Finally, we will explore the dynamic formation of political norms and their expression and change under various political institutions. Prerequisite(s): STATS 101 or Consent of the Instructor",111,791,4,Topic 4,7.471258,2.4280953
course_0646,Course Catalog,Course Descriptions,Refugees and the Biopolitics of Citizenship (4 credits),POLSCI,POLSCI 314/CULANTH 314,Refugees and the Biopolitics of Citizenship (4 credits),4.0,462,"The refugee is caught between national and international political logics. Each country applies its own calculus for deciding which asylum seekers should be granted the status of refugee, and how refugees should be accommodated or denied access to public goods, rights and residency. This course examines the politics of national responses to record numbers of people seeking asylum, including bureaucracies of (in)validation, xenophobia, the construction of walls and detention centers, international accords, multicultural solidarity, and novel categories of citizenship. Contemporary responses to refugees reveal the interconnectedness of political and structural violence, the limits of humanitarianism and hope for new forms of international cooperation.",103,759,4,Topic 4,9.974868,0.85129935
course_0647,Course Catalog,Course Descriptions,American Politics in Comparative Perspective (4 credits),POLSCI,POLSCI 315,American Politics in Comparative Perspective (4 credits),4.0,462,"This course examines the key actors, institutions, and processes in American politics from an explicitly comparative and rational choice perspective. Topics covered include federalism and the states, the constitution and its interpretation, Congress and its committees, the presidency and bureaucracy, the court system, and voting and elections. For each, America is compared with other advanced industrial democracies, newer democracies, and authoritarian regimes. These comparisons generate insights into what makes America alternately typical and atypical, successful and unsuccessful. Studying American politics from a comparative perspective also sheds light on the effects of reform proposals, suggests new modes of political participation, and informs students about the world’s leading exporter of democracy. Prerequisite(s): POLSCI 104 or POLSCI 201 462",116,862,4,Topic 4,8.962757,1.7067227
course_0648,Course Catalog,Course Descriptions,Sino-African relations in History and Present (4 credits),POLSCI,POLSCI 316,Sino-African relations in History and Present (4 credits),4.0,463,"This course explores both historical and contemporary linkages between Africa and China in political and macro-economic realm, as well as socio-cultural aspects. This course invites students to see how various interests impact the ways in which ‘China-Africa’ is framed; and to explore these engagements by sector, by individual African country, and vis-à-vis concerns about racism, labor issues, governance, and China’s increasing environmental footprint in Africa. This course aims for students to develop and understanding of not only China’s impact on Africa, but also how African actors actively shape their relations with China as well as with other global powers.",99,670,1,Topic 1,11.75152,1.3127612
course_0649,Course Catalog,Course Descriptions,Politics of Organization (4 credits),POLSCI,POLSCI 317/SOSC317,Politics of Organization (4 credits),4.0,463,"Why do humans organize themselves differently? What are the advantages and disadvantages of different forms of organization? From empires to states to social movements, humans organize themselves to achieve political objectives. This course begins by reviewing major theories of organization to understand key concepts, such as collective action, transaction cost, hierarchy, and authority. We then apply organizational theories and concepts to analyze different kinds of organizations in politics, including states, business firms, and nongovernmental organizations. In so doing, we will examine to what extent certain organizational features prevail across different political contexts or they must adapt to changing environments. POLSCI 318: Philosophy, Politics, and Economics in the History of Ideas (4 credits) The complex challenges confronting contemporary citizens and policymakers, including environmental degradation, political unrest, and economic turmoil, cannot be answered adequately using the tools of a single discipline. Philosophy, Politics, and Economics has emerged as an interdisciplinary research program that promises to inform morally serious and empirically informed responses to such issues. This course examines the intellectual roots of such an approach in the works of thinkers such as Adam Smith, David Hume, Karl Marx, and Xunzi. 463 Courses with Course Subject: Psychology (PSYCH)",195,1413,4,Topic 4,8.192982,1.8550606
course_0650,Course Catalog,Course Descriptions,Introductory Psychology (4 credits),PSYCH,PSYCH 101,Introductory Psychology (4 credits),4.0,464,"Broad survey of the field of modern psychology. The main goal of this course is to provide students with an introduction to the important topics, theories, research, and applications in psychology.",31,197,0,Topic 0,6.978368,3.056235
course_0651,Course Catalog,Course Descriptions,"Mindfulness, Stress, and Health: Eastern and Western Perspectives (2 credits)",PSYCH,PSYCH 110,"Mindfulness, Stress, and Health: Eastern and Western Perspectives (2 credits)",2.0,464,"Mindfulness-based therapies are based in Eastern and Western philosophies, theories, and research. They have been shown to be significantly helpful for stress-related problems, mental health problems, and medical disorders. Mindfulness-based therapies are also revolutionizing the way that psychologists think about and treat human suffering. In this course, we will explore the theories, techniques, and research on mindfulness-based therapies from Eastern and Western traditions. A combination of lecturing, class discussion, and experiential exercises will be used to help students gain a well-developed understanding of this important area of psychological research and practice. Students will also acquire basic skills in how to use mindfulness-based techniques to reduce stress and distress.",108,797,0,Topic 0,6.9452934,2.197074
course_0652,Course Catalog,Course Descriptions,Cognitive Psychology (4 credits),PSYCH,PSYCH 202,Cognitive Psychology (4 credits),4.0,464,"Overview of cognitive processes including pattern recognition, concept formation, attention, memory, imagery, mental representation, language, problem solving, and modes of thinking. The basic approach is both empirical (using data collection and analysis) and theoretical (building models using inductive/deductive reasoning). Application of basic laboratory results to cognition in everyday life. Prerequisite(s): PSYCH 101",52,425,2,Topic 2,6.643365,3.0317428
course_0653,Course Catalog,Course Descriptions,Developmental Psychology (4 credits),PSYCH,PSYCH 203,Developmental Psychology (4 credits),4.0,464,"Overview of the cognitive, social, and emotional changes that occur throughout the lifespan, with emphasis on the period from infancy to adolescence. Examines both the empirical evidence and the theoretical models used in understanding human psychological development. Prerequisite(s): PSYCH 101",40,295,6,Topic 6,6.716687,2.9973047
course_0654,Course Catalog,Course Descriptions,Social Psychology (4 credits),PSYCH,PSYCH 204,Social Psychology (4 credits),4.0,464,"Effects of social interaction and social processes on a wide range of individual attitudes and behaviors (for example, conformity, leadership, prejudice, aggression, altruism). Emphasis on the logic, reasoning, research designs, and methods by which knowledge is generated. 464 Prerequisite(s): PSYCH 101",41,304,6,Topic 6,6.9583745,3.1991205
course_0655,Course Catalog,Course Descriptions,Abnormal Psychology (4 credits),PSYCH,PSYCH 205,Abnormal Psychology (4 credits),4.0,465,"This course provides a broad overview of abnormal psychology. Areas of focus include Reviewing different theoretical perspectives for conceptualizing abnormal behavior; Approaches to the diagnosis and assessment of psychopathology; Major classes of psychopathology including how they are defined and treated; Current research, methods, and theories in the field of abnormal psychology. Prerequisite(s): PSYCH 101",54,412,6,Topic 6,7.0169764,3.0190663
course_0656,Course Catalog,Course Descriptions,Quantitative Research Methods and Statistics for Psychological Science (4 credits),PSYCH,PSYCH 304,Quantitative Research Methods and Statistics for Psychological Science (4 credits),4.0,465,"Design of research studies and use of statistical methods to become better consumers, creators, and communicators of psychological research. This course will (1) focus on research methods in psychology, including research design and measurement, ethical issues, and statistical tests for quantitative studies; (2) provide students with hands-on practice with experimental design and programming and data analysis and interpretation. Students will develop the methodological and statistical knowledge and skills to design, program, conduct, and analyze quantitative psychological research that can be applied in their signature work and further studies at DKU and beyond. Includes workshop and lab section. Prerequisite(s): PSYCH 101; and STATS 101 or MATH 205 or 206",108,766,6,Topic 6,7.156396,3.491991
course_0657,Course Catalog,Course Descriptions,Political Psychology (4 credits),PSYCH,PSYCH 313/POLSCI 313,Political Psychology (4 credits),4.0,465,"Are political ideologies ingrained in our DNA? Why do neurological and physiological processes define our political preferences? Why do we get angry when discussing politics? Can we estimate the causal effect of cultures on individual political behavior? This course introduces you to advanced research topics in political psychology---a discipline that applies rigorous psychological and statistical methods to the analysis of political behavior. First, we will examine the genetic and environmental origins of political beliefs. Second, we will learn how our brain processes political information. Finally, we will explore the dynamic formation of political norms and their expression and change under various political institutions. Prerequisite(s): STATS 101 or Consent of the Instructor",111,791,4,Topic 4,7.4518113,2.4315422
course_0658,Course Catalog,Course Descriptions,Conceptual Issues & Critical Debates in Psychology (4 credits),PSYCH,PSYCH 405,Conceptual Issues & Critical Debates in Psychology (4 credits),4.0,465,The course will examine some of the main philosophical and scientific ideas that underpin contemporary psychology. This includes a consideration of conceptual and methodological 465 positions underlying different paradigms and research programmes. These issues will be discussed by examining some of the dominant questions/debates at the centre of psychology. Prerequisite(s): PSYCH 101; and a 200-level PSYCH course or NEUROSCI 212 466 Courses with Course Subject: Public Policy (PUBPOL),68,488,6,Topic 6,6.920575,2.8852732
course_0659,Course Catalog,Course Descriptions,Introduction to Policy Analysis (4 credits),PUBPOL,PUBPOL 101,Introduction to Policy Analysis (4 credits),4.0,467,"Governments constantly face questions such as: How do we address deforestation? How can we slow down climate change? How can we make food safer? This course teaches a systematic way of dealing with these questions, namely policy analysis. This technique enables students to identify, examine, and evaluate options to implement policy goals. Readings will be a combination of theory and case studies from around the world.",66,421,6,Topic 6,6.4543276,0.2996067
course_0660,Course Catalog,Course Descriptions,Introduction to the United States Health Care System (4 credits),PUBPOL,PUBPOL 102,Introduction to the United States Health Care System (4 credits),4.0,467,"Overview of the key health policy issues in the United States. Topics include: (1) sources of morbidity and mortality; (2) access to health care; (3) financing of health care including an overview of how health insurance works, Medicare and Medicaid and why there are uninsured persons and to what effect; (4) quality of health care; (5) the role of innovation in both treating disease and influencing costs; (6) mental health, including why drug and alcohol treatment is generally considered to be a mental health service; (7) the role of non-profit versus for-profit ownership of health care facilities and to what effect; (8) long term care; and (9) the impact of social phenomenon such as income inequality, social class and culture on health care.",123,752,6,Topic 6,6.8015366,1.1967169
course_0661,Course Catalog,Course Descriptions,Urbanizing China: Spatial and Social Dynamics in Chinese Cities (2 credits),PUBPOL,PUBPOL 106,Urbanizing China: Spatial and Social Dynamics in Chinese Cities (2 credits),2.0,467,"This course investigates the dramatic urban transformation that has taken place in the past 30 years in China. The scale and speed of this transformation means that it has far-reaching consequences for China, Asia, and the world, influencing everything from poverty alleviation to food security. Understanding why and how China has urbanized --- and how China poises to urbanize in the next three decades --- is therefore of critical importance. This course covers various topics related to China’s urbanization, including rural-to-urban migration, urban inequality, real estate development and land market, as well as urban governance. Students will learn how to develop annotated bibliography and write a well-reasoned essay about one or more topics related to China’s urbanization.",117,784,1,Topic 1,11.619688,1.8495803
course_0662,Course Catalog,Course Descriptions,Introduction to Human Rights (4 credits),PUBPOL,PUBPOL 110,Introduction to Human Rights (4 credits),4.0,467,"This course introduces students to the field of human rights. The course has two primary purposes: to define and explore the key terms, concepts, foundations and theories of human rights; and examine alternative or competing definitions of rights using a case-based approach. 467",43,279,0,Topic 0,8.579683,1.0638007
course_0663,Course Catalog,Course Descriptions,Globalization and Corporate Citizenship (4 credits),PUBPOL,PUBPOL 120,Globalization and Corporate Citizenship (4 credits),4.0,468,This course will critically examine the origins and diffusion of increasingly prevalent notions of corporate citizenship and corporate social responsibility from an anthropological perspective.,24,193,4,Topic 4,8.364412,1.0563095
course_0664,Course Catalog,Course Descriptions,Climate Change Law and Policy (4 credits),PUBPOL,PUBPOL 201,Climate Change Law and Policy (4 credits),4.0,468,"Climate Change is one of the major challenges facing humanity in the 21st century. Climate Change has been described as a “super wicked problem”, which stems from the greenhouse gases emissions produced by virtually all human activities, has no simple solution and yet requires urgent and drastic action to be taken at the global level. In this course, we will examine the range of legal and policy responses to this “wicked problem” which have been proposed by experts, as well as those which have been concretely applied at the international level and different jurisdictions, especially in the United States, the EU, and China, three major emitters of greenhouse gases. We will look at various studies put forward by academics and think tanks, informed newspaper articles, as well as policy documents and law.",132,812,6,Topic 6,5.932896,0.02721234
course_0665,Course Catalog,Course Descriptions,Global Disasters: Science and Policy (4 credits),PUBPOL,PUBPOL 202,Global Disasters: Science and Policy (4 credits),4.0,468,"In this interdisciplinary course, students will examine the multifaceted aspects of “global” disasters. The first segment of the course will examine the science behind the disasters, discuss the range of meteorologic, hydrologic and geologic factors that cause disasters; explore how societies plan for and/or respond to the immediate and long-term physical, social, emotional and spiritual issues associated with survival; and present case studies of response, recovery and reconstruction efforts. In the second phase of the course, some of the most pressing and rapidly evolving economic calamities will be addressed. In the third segment of the course, the focus will shift to political “disasters” and how natural and/or economic events can destabilize a political system. Students will attend the lecture and labs components of the course and complete on-line quizzes to demonstrate understanding of the material presented. Additionally, they will prepare one research paper on a relevant topic, the results of which will be presented to the class.",157,1053,6,Topic 6,6.843832,0.029809473
course_0666,Course Catalog,Course Descriptions,Governing Cities (4 credits),PUBPOL,PUBPOL 204,Governing Cities (4 credits),4.0,468,"A comparative examination and analysis of urban governance. Examines potential consequences of persistent racial and class disparities for housing and neighborhoods, public health, education, community infrastructure, and general economic and social development. Specific attention to how the physical layout, government structures, politics, culture, and the civil society of cities and urban areas may both promote and hinder human development and social justice. 468",63,469,4,Topic 4,10.46216,3.0808802
course_0667,Course Catalog,Course Descriptions,Microeconomic Policy Tools (4 credits),PUBPOL,PUBPOL 205,Microeconomic Policy Tools (4 credits),4.0,469,"Development and application of microeconomic theories of consumer and producer choices in a policy environment. Analytical topics include demand, supply, competitive markets, and efficiency. Applications include externalities and market failures, namely, conditions in which the government can improve efficiency when the market does not generate a satisfactory outcome. Prerequisite(s): PUBPOL 101 Anti-requisite(s): ECON 201",54,426,6,Topic 6,6.9079924,0.45434028
course_0668,Course Catalog,Course Descriptions,The Politics of Environmental Crises (2 credits),PUBPOL,PUBPOL 209,The Politics of Environmental Crises (2 credits),2.0,469,"This course helps students understand what happens during and after a disaster in terms of politics and policy. It is structured around five themes: crisis detection; decision-making and coordination; crisis communication; accountability; and learning and policy change. During the course, we will apply each of these themes to case studies of environmental crises, for example oil spills and chemical leaks. Readings will be a combination of theory and case studies from around the world.",74,489,6,Topic 6,6.9722276,0.011185557
course_0669,Course Catalog,Course Descriptions,Development and Africa (4 credits),PUBPOL,PUBPOL 210,Development and Africa (4 credits),4.0,469,"Addresses the vexed issue of economic development in Africa – its many failures, its occasional successes – from the early colonial period to the present.",25,154,4,Topic 4,8.224399,0.50858283
course_0670,Course Catalog,Course Descriptions,Globalization and Public Policy (4 credits),PUBPOL,PUBPOL 211,Globalization and Public Policy (4 credits),4.0,469,"How the various aspects of globalization affect, and are affected by public policy at the international, national and local levels. Development of an analytic framework for thinking about globalization and its core concepts, major institutions and political dynamics; survey of a range of major policy areas affected by globalization; focus on a policy area of particular interest.",57,381,4,Topic 4,8.921729,0.5234211
course_0671,Course Catalog,Course Descriptions,"Immigrant Dreams, U.S. Realities: Immigration Policy History (4 credits)",PUBPOL,PUBPOL 212,"Immigrant Dreams, U.S. Realities: Immigration Policy History (4 credits)",4.0,469,"Immigrants and immigration policy in the United States from 1850 to the present, with focus on origins and power of immigrant exclusion during three waves of migration: Northern European and Asian migrations between 1850 and 1880, Eastern European, Latin American, and Asian migrations, 1880-1920, and Latin American, African, and Asian migrations, post 1965. Immigrant roles in shaping policy debates, citizenship rights, labor movements, and American culture, past and present. 469",70,483,4,Topic 4,10.413891,1.2794513
course_0672,Course Catalog,Course Descriptions,Authoritarian Regimes (4 credits),PUBPOL,PUBPOL 213,Authoritarian Regimes (4 credits),4.0,470,"Examine the variety of ways in which authoritarian regimes operate. Study the emergence and persistence of authoritarian regimes, the institutions they adopt, leadership change, government/opposition relations, their potential for democratic transition as well as the theories that explain these outcomes.",40,305,4,Topic 4,9.063542,1.7007543
course_0673,Course Catalog,Course Descriptions,Globalization and History (4 credits),PUBPOL,PUBPOL 214,Globalization and History (4 credits),4.0,470,"Examination of globalization issues in a historical perspective. Reviews phenomena, institutions, e.g., empires, states, religion, corporation, and international agencies, and policies which enabled exchange of commodities, people, and cultures. Explores empirical evidence on growth and development for different world regions and historians’ and social scientists’ interpretations.",46,383,4,Topic 4,9.303658,0.57115537
course_0674,Course Catalog,Course Descriptions,"Law, Ethics and Responsibility (4 credits)",PUBPOL,PUBPOL 215,"Law, Ethics and Responsibility (4 credits)",4.0,470,"Examines the intersection of law and neuroscience, including the use of neuroimaging to determine if a witness is telling the truth; the implications of neuroscience for determining the mental competency of defendants, the insanity defense, the imposition of punishment on defendants. Considers the extent to which recent advances in brain science cause us to reevaluate fundamental legal concepts of “intent,” “insanity,” and responsibility; the ways in which neuroscience may be applied to these and related issues; and the inherent limitations and incongruities of applying brain science to legal questions.",89,610,6,Topic 6,6.806081,2.7302191
course_0675,Course Catalog,Course Descriptions,Civic Participation and Public Policy (4 credits),PUBPOL,PUBPOL 216,Civic Participation and Public Policy (4 credits),4.0,470,"Overview of patterns in Americans’ engagement in and disengagement from civic life. Theories of why people do (and do not) participate. Differences across lines of gender, race, ideology, generation, and class. Role of American interest groups and social movements in policy change. Influence of public policies (e.g., federal tax laws, participation requirements, programs such as AmeriCorps) on civic and political participation. Implications for equality, voice, and the health of American democracy.",71,503,4,Topic 4,9.392811,1.5590856
course_0676,Course Catalog,Course Descriptions,Enterprising Leadership (4 credits),PUBPOL,PUBPOL 217,Enterprising Leadership (4 credits),4.0,470,"The central goal of this course is to provide students with analytical competence, enterprising leadership identity, and personal agency important to exercising leadership in organizations, in communities, and in life. The course explores the many facets of leadership and leadership development including the processes by which people affect change in a variety of roles and situations. Leadership within a framework of ethics, values, and innovative action are emphasized 470 as a basis for contributing to the process of making good things happen without reliance on formal authority.",87,587,0,Topic 0,7.830811,1.4644579
course_0677,Course Catalog,Course Descriptions,Ethics in an Unjust World (4 credits),PUBPOL,PUBPOL 218,Ethics in an Unjust World (4 credits),4.0,471,"The course considers the question, “How can we fix poverty?” It begins by exploring the nature of poverty through a variety of descriptive metaphors (for example, poverty as a “trap” or a “disease”). It then considers the word “we,” and in doing so introduces several basic understandings of ethics (deontology, utilitarianism, virtue ethics, etc.) Finally, it considers the word “fix” and offers three models for responding to poverty: working for, working with, and being with.",75,479,6,Topic 6,7.5688577,1.0035014
course_0678,Course Catalog,Course Descriptions,"The U.S. Legal System: Lawyers, Judges, Lawmakers, & Bureaucrats",PUBPOL,PUBPOL 219/POLSCI 219,"The U.S. Legal System: Lawyers, Judges, Lawmakers, & Bureaucrats",4.0,471,"(4 credits) In this course students will learn how the U.S. legal system actually operates: the 3 branches of government (legislators, judges, and agencies), the 3 levels of government (local, state, and federal), and the 4 main actors (judges, lawmakers, bureaucrats who regulate your daily life, and lawyers who have to deal with all the others). You will also learn about the principles of and tools for interpreting laws and regulations. Students will do practical exercises on current issues throughout the term to best develop their oral and written advocacy skills.",91,572,6,Topic 6,8.557005,1.3511528
course_0679,Course Catalog,Course Descriptions,Introduction to Regulatory Governance (4 credits),PUBPOL,PUBPOL 220,Introduction to Regulatory Governance (4 credits),4.0,471,"The course will help you to understand the nature of regulatory governance in complex social environments. We will explore the reasons why governments and others use regulation as a tool to achieve policy goals, and how regulation is implemented and enforced in daily practice. Building on the work of leading regulatory governance scholars, we will explore how their theoretical insights could be applied in practical settings. Throughout the course, we will essentially ask: what can regulatory governance accomplish and what is beyond its reach?",84,548,6,Topic 6,8.114233,1.5363019
course_0680,Course Catalog,Course Descriptions,Comparative Social Policy (4 credits),PUBPOL,PUBPOL 221,Comparative Social Policy (4 credits),4.0,471,"This course introduces the different approaches in which nations have addressed social issues. The course provides an overview of theories and institutions of social policy in western countries. Students will obtain knowledge of social welfare systems from comparative perspectives, focusing on key social policy areas. Topics include the typology of welfare states, social constructions and politics of social policy, social security, health care, employment policy, housing policy, and family policy. The course also introduces social policy systems in non-western countries, in comparison to the western welfare regimes. 471",88,627,6,Topic 6,7.0947304,1.2827985
course_0681,Course Catalog,Course Descriptions,Technological Policy and Regulation of Technology (4 credits),PUBPOL,PUBPOL 222,Technological Policy and Regulation of Technology (4 credits),4.0,472,"This course examines the challenges and solutions to regulatory policy of modern technologies, such as data analytics (big data), artificial intelligence, cloud computing, biotechnology, and satellites. The course will first examine national and international policy and regulatory approaches to individual technologies. Then, building on this, it will discuss more generally the reasons for regulating technologies, common features of regulation, important actors, and the role of ethics and self-regulation. The interactive work with students will include group discussions, debates, and a mock policy negotiation.",83,616,6,Topic 6,7.819523,3.1157382
course_0682,Course Catalog,Course Descriptions,Political Analysis for Public Policy (4 credits),PUBPOL,PUBPOL 301,Political Analysis for Public Policy (4 credits),4.0,472,"How and why do policies come about? What is the role of media, non-governmental organizations, and politicians? Why do some issues attract the attention of policymakers while others do not? What are the obstacles for policy change? Some of the questions will be answered in this course. This course will examine the political aspects of public policy from an explicitly comparative perspective. Public policy making is not a rational, straightforward process, but is heavily shaped by processes, institutions, and actors. During the course, we will identify relevant official and non- official actors, contextual factors, and particular processes, ultimately learning how these shape public policy. Prerequisite(s): PUBPOL 101 or POLSCI 104 or POLSCI 201",113,754,6,Topic 6,7.7656565,1.9995985
course_0683,Course Catalog,Course Descriptions,Policy Choice as Value Conflict (4 credits),PUBPOL,PUBPOL 303,Policy Choice as Value Conflict (4 credits),4.0,472,"Public policy should be informed by evidence and facts, but it cannot be determined by them. People disagree about public policy not only because they disagree about empirical matters but also because they hold different understandings of familiar political concepts and assign different weightings to competing political values. This course aims both to illustrate these general propositions and, more importantly, to introduce the tools and techniques with which one can construct and critique reasoned arguments about the political concepts and values that underpin policy choice. Throughout, special attention will go to questions of justice, freedom, democracy, and rights; how these concepts are variously understood; and the trade-offs and dilemmas involved in trying to realize the values associated with them. Readings will be drawn from political theory and philosophy but also interdisciplinary policy studies, with contributions from economics, political science, and beyond. Prerequisite(s): PUBPOL 101 472",145,1019,6,Topic 6,7.70007,1.9672098
course_0684,Course Catalog,Course Descriptions,War and Public Health in Africa (4 credits),PUBPOL,PUBPOL 305,War and Public Health in Africa (4 credits),4.0,473,"An inquiry into the nature of contemporary war in sub-Saharan Africa and its human cost. Uses public health as a parameter to assess the impact of organized collective violence on people’s lives. Link between war and public health established and measured with respect to civilian deaths, gender-based violence, physical and psychological trauma, mental disorders, malnutrition and famine, and the spread of epidemic diseases, inter alia HIV/AIDS. Special attention is given to rape as “a weapon of war”, to the trafficking of human beings in war zones, the child soldier phenomenon, and to death counts as a vector of humanitarian or political advocacy.",102,654,4,Topic 4,9.577078,0.35285982
course_0685,Course Catalog,Course Descriptions,International Development and Poverty (4 credits),PUBPOL,PUBPOL 306,International Development and Poverty (4 credits),4.0,473,"What factors account for the persistence of poverty in some countries? Is it always going to be the same way – i.e., will poor people remain poor within the foreseeable future – or can something be done to reduce poverty (or at least alleviate its most painful consequences)? Academics and policymakers have come up with alternative formulations as they have attempted to deal with poverty over the last 50 years. This class provides students with an overview of social and economic development in developing countries since the early 1950s. What problems do residents of developing countries face, what kinds of solutions have been advanced to deal with these problems, how have different solutions fared in practice, and what needs to be done now and in future? The course traces how development practice has evolved in the theoretical literature, and students use this knowledge to investigate what needs to be done now and in future. Prerequisite(s): GLHLTH 101",157,965,6,Topic 6,7.7099085,0.8033042
course_0686,Course Catalog,Course Descriptions,Market Power and Public Policy (4 credits),PUBPOL,PUBPOL 307,Market Power and Public Policy (4 credits),4.0,473,"The purpose of antitrust laws is to control how firms attain and maintain their market position, presumably for the betterment of consumers, or at least for the benefit of society. Using a rigorous set of tools from microeconomic and game theory, this class will investigate the underpinnings of policies meant to deal with market power broadly defined, such as antitrust laws, the regulation of public utilities, the regulation of financial markets, and anti-dumping rules. Prerequisite(s): ECON 202",77,500,6,Topic 6,6.8568583,0.42610857
course_0687,Course Catalog,Course Descriptions,Managing the Oceans to Solve Global Problems (4 credits),PUBPOL,PUBPOL 308,Managing the Oceans to Solve Global Problems (4 credits),4.0,473,"This course highlights the importance of the oceans in addressing central development and environmental problems facing the world, including poverty, hunger, access to energy, climate change, and biodiversity loss. The fundamental role the oceans could play in helping to solve these problems depends on public policies created to manage them. The course will expose students to the important laws and policies that make the resources and services provided by the ocean 473 resilient and sustainable, and explore challenges of protecting corals, regulating fishing and pollution, and helping climate refugees.",89,609,6,Topic 6,6.0072837,0.06386732
course_0688,Course Catalog,Course Descriptions,"Education, Policy, and Society (4 credits)",PUBPOL,PUBPOL 309/SOSC 309,"Education, Policy, and Society (4 credits)",4.0,474,"How to change education? Education presents some of the most intractable social problems and policy challenges. This course will explore both bottom-up social dynamics and top-down public policies in education, with an eye out for how they interact with each other. An emphasis will be placed on K-12 education. In this course, we will read major theoretical works and recent empirical research on education, and students will design their own projects related to education. Substantive topics will focus on the social contexts and policy challenges of education, such as school access, parenting, and the roles of technology and private capital. Prerequisite(s): SOSC 102 and PUBPOL 101; or Consent of the Instructor",111,717,6,Topic 6,7.450411,3.0542638
course_0689,Course Catalog,Course Descriptions,Family Rights and Human Rights (4 credits),PUBPOL,PUBPOL 310,Family Rights and Human Rights (4 credits),4.0,474,"Explores relationship between state, family formation, and individuals. Surveys regulation of sexuality, reproduction, adoption, immigration, and incarceration with focus mainly on U.S. and",23,189,4,Topic 4,10.301697,1.4251149
course_0690,Course Catalog,Course Descriptions,Economic and Political History of the European Union (4 credits),PUBPOL,PUBPOL 311,Economic and Political History of the European Union (4 credits),4.0,474,"The idea in the wake of WW II of a common Europe is still a long way from fulfilling its intended goals, with numerous challenges remaining. This multi-disciplinary course deciphers the complexities of the EU, predicts its future given its demographic, social and economic makeup, and analyzes the EU’s institutions and the way they function. It examines its agricultural and industrial policies as well as investigates its monetary and economic policies. From its original six members to today’s twenty-seven, the course addresses the question of the future of the EU, which in spite of multiple differences, has created a unique political and economic model.",104,660,6,Topic 6,7.560138,0.48436385
course_0691,Course Catalog,Course Descriptions,News as Moral Battleground (4 credits),PUBPOL,PUBPOL 312,News as Moral Battleground (4 credits),4.0,474,"Ethical inquiry into journalism and its effect on public discourse. Issues include accuracy, transparency, conflicts of interest and fairness. Topics include coverage of national security, government secrecy, plagiarism/fabrication, and trade-offs of anonymous sourcing.",33,270,5,Topic 5,9.2985115,4.0089674
course_0692,Course Catalog,Course Descriptions,Economics of the Public Sector (4 credits),PUBPOL,PUBPOL 315/ECON 315,Economics of the Public Sector (4 credits),4.0,474,Applies tools of intermediate microeconomics to the public sector. Develops economic justifications for government intervention into the economy and examines and evaluates various government policies and programs. Provides a solid foundation for applied benefit cost analysis. 474 Prerequisite(s): ECON 201 or PUBPOL 205,43,320,6,Topic 6,7.027528,0.5949432
course_0693,Course Catalog,Course Descriptions,The Modern Regulatory State (4 credits),PUBPOL,PUBPOL 316/HIST 316,The Modern Regulatory State (4 credits),4.0,475,"Much of the policymaking that structures our world emerges not from Congress or the courts, but from regulatory institutions. This course outlines the historical origins and evolution of modern regulatory institutions, focusing on the Western European and North American experience, from the nineteenth century to the present. For our purposes, “regulatory institutions” include not only public agencies, commissions, bureaus, and boards, but many quasi-public and private entities as well. As this course will reveal, these varied institutions have complex relationships with the businesses, organizations, and individuals whom they hope to regulate, as well as with legislatures, presidential administrations, and the courts. Course readings and discussions will incorporate a wide range of disciplinary perspectives and include a discussion of the recent “revolt” against regulation.",123,886,6,Topic 6,8.121755,1.6158808
course_0694,Course Catalog,Course Descriptions,Plastic Planet: Pollution and Solutions (4 credits),PUBPOL,PUBPOL 317,Plastic Planet: Pollution and Solutions (4 credits),4.0,475,"Plastic is ubiquitous in our modern lives, but its proliferation is increasingly questioned because of its adverse environmental impacts. This course examines plastic pollution from a politics and policy perspective. It does so by following the life cycle of plastics, from mining resources, refinement and manufacturing to using plastic in our daily lives to disposal. Throughout the life cycle, we will consider policy tools for dealing with the identified issues. The course will have an explicit comparative perspective with case studies from around the world.",85,564,6,Topic 6,6.290975,-0.10099033
course_0695,Course Catalog,Course Descriptions,How to Change the World: The Role of Non-State Actors,PUBPOL,PUBPOL 318,How to Change the World: The Role of Non-State Actors,,475,"Regulation of societal risks was long seen as the province of state administrative institutions, but recent theories and practice challenge this view. A move away from a state-centered approach to governance has created space for non-state actors to assume a myriad of regulatory roles. This course will introduce theories and practices of non-state regulation. Drawing on cases from across the globe, this course will explore the multifaceted roles non-state actors can play in regulatory and governance processes. Cases examining how private individuals, civil society organizations, social entrepreneurs, enterprises, philanthropists and others have tried to change the world will be analyzed. Prerequisite(s): PUBPOL 101 or Consent of the Instructor 475",109,757,6,Topic 6,8.04323,1.6895695
course_0696,Course Catalog,Course Descriptions,Counterterrorism Law and Policy (4 credits),PUBPOL,PUBPOL 410,Counterterrorism Law and Policy (4 credits),4.0,476,"This course explores the novel legal and policy issues resulting from the United States' response to 9/11 attacks and the threat posed by modern terrorist organizations. Topics include preventative/preventive war; detention, interrogation, and prosecution of suspect terrorists; domestic surveillance; and government secrecy and public access to information. 476 Courses with Course Subject: Research Independent Study (RINDSTU)",56,428,4,Topic 4,9.057099,0.75929856
course_0697,Course Catalog,Course Descriptions,Research Independent Study,RINDSTU,RINDSTU 393,Research Independent Study,,477,"Research project mentored by an instructor with related interests and expertise, and the major product of which is a substantive paper or written report containing significant analysis and interpretation of a previously approved topic. Prerequisite(s): Consent of the Instructor 477 Courses with Course Subject: Religious Studies (RELIG)",47,337,0,Topic 0,8.1862,3.7532508
course_0698,Course Catalog,Course Descriptions,Comparative Religious Studies (4 credits),RELIG,RELIG 101,Comparative Religious Studies (4 credits),4.0,478,"Who are you? What might you become? What is the world and does the world have a purpose? Questions like these lie at the heart of religious traditions around the world, and have inspired and frightened humans since the very beginning of our history. In this course, we will explore some of these traditions by going on a vision quest, a journey for insight. We will encounter ghosts, people who can fly, charismatic healers, and many more weird things. This is a course that might change your life. Welcome to the study of religion.",94,532,0,Topic 0,8.640514,-0.46696052
course_0699,Course Catalog,Course Descriptions,The Historical Jesus (4 credits),RELIG,RELIG 102,The Historical Jesus (4 credits),4.0,478,"Christians around the world worship Jesus of Nazareth, whom they refer to as the Messiah or Christ. But who was this person? With what level of accuracy can we retrace the historical circumstances of his life, preaching, and death? How did this Jewish preacher perceive himself and his mission? What was the message that he preached? And how did his early followers understand that message? This course aims to address these and other questions relating to the historical figure of Jesus in the historical-cultural context of 1st century Palestine.",89,548,0,Topic 0,8.894024,-0.52145743
course_0700,Course Catalog,Course Descriptions,Law and Revelation (4 credits),RELIG,RELIG 103,Law and Revelation (4 credits),4.0,478,"This course focuses on the concept of religious law, the traditions of jurisprudence that emerge in religious societies, and their relationship to the modern nation state. It introduces students to the Islamic concepts of Qur’an, Sharia, and Fiqh (jurisprudence) with a view to understanding how divine laws function in human societies. Topics include concepts of divine revelation, sacred texts, law codes, legal institutions and modern forms of fundamentalism. Other religious traditions may also be included by way of comparison.",79,532,0,Topic 0,8.886976,-0.32970372
course_0701,Course Catalog,Course Descriptions,Myth and Nation (4 credits),RELIG,RELIG 104,Myth and Nation (4 credits),4.0,478,"This course studies the role of religion in establishing the founding mythology of peoples and nations. It introduces students to the Jewish tradition by way of example and considers the role of the foundational mythology of the Jews in multiple forms of Judaism from early Israelite religion to modern Zionism. The course leads to an examination of the experience of holocaust, the quest for Jewish statehood and its impact upon the political situation in the Middle East. In so doing the course develops broad theoretical approaches in religious studies that can serve wider interests in understanding the relationship between nation, state, ethnicity, and religious belonging. Other religious contexts may be introduced by way of comparison. 478",116,748,0,Topic 0,8.802897,-0.5184694
course_0702,Course Catalog,Course Descriptions,Gods and People (4 credits),RELIG,RELIG 105,Gods and People (4 credits),4.0,479,"This course introduces the Hindu concepts of darsan (vision of the gods) and dharma (path) so as to explore how religious visions, as represented in art, architecture and mythology, engage the social and material reality of religious practitioners’ daily lives. In so doing it exposes the cultural power of religious frameworks to structure normative hierarchies of gender, class and race. Students gain a functional understanding of religious cultures that may be applied to other traditions and contexts by way of comparison.",81,527,0,Topic 0,8.62536,-0.4300712
course_0703,Course Catalog,Course Descriptions,Religion and Leadership (4 credits),RELIG,RELIG 106,Religion and Leadership (4 credits),4.0,479,"Different religions have portrayed leaders in different ways, through stories, exemplars and which attributes of leaders and followers are emphasized or downplayed. Drawing upon a wide variety of resources in religious studies, history, philosophy, psychology, sociology, and cultural studies, this course will examine how a wide variety of religions depict leaders and leadership, highlighting both the differences and the similarities across religions and within religious traditions. The course will also draw upon research on leadership, cultural values, and norms to systematically compare and contrast how religion shapes perceptions of leadership. Applications explored will include religion-based portrayals of gender, race ethnicity, and age in assessing leaders. Also considered will be whether these portrayals make specific religious lenses more or less amenable to leadership development in different contexts (for example where innovation is important or where co- leadership is essential).",138,1004,0,Topic 0,8.513819,-0.5268905
course_0704,Course Catalog,Course Descriptions,Readings in Religious Literature (2 credits),RELIG,RELIG 107,Readings in Religious Literature (2 credits),2.0,479,"This course introduces students to a variety of religious literature and sacred texts from across the world. Students learn how to read and interpret these texts and in this way come to reflect on the nature of religion and its function in human societies. In addition, discussing fundamental theological questions about the nature of existence, the course will also examine the practical ways in which religions shape the embodied lives of religious practitioners across the world.",76,482,0,Topic 0,8.611479,-0.47908074
course_0705,Course Catalog,Course Descriptions,History of God in Seven Paintings (2 credits),RELIG,RELIG 108,History of God in Seven Paintings (2 credits),2.0,479,"What is the literary background of Michelangelo’s frescoes on the Sistine Chapel ceiling? What story is evoked in Leonardo da Vinci’s masterpiece The Last Supper? Or, changing geographical scenario, why do the angels bow in front of Adam in a common scene depicted in several Persian miniatures? This course will study a variety of narrative themes and motifs derived from the Abrahamic religious tradition, taking as a starting point the visual representations that those themes and motifs inspired. Paintings from the European Renaissance and from the Arabic, Persian, and Turkish miniature production will serve as entry points for the analysis of scriptural passages in the Hebrew Bible, the New Testament, and the Qur’ān. 479",114,730,5,Topic 5,10.631357,4.2344937
course_0706,Course Catalog,Course Descriptions,"Confucianism, Daoism and Buddhism (4 credits)",RELIG,RELIG 201,"Confucianism, Daoism and Buddhism (4 credits)",4.0,480,"It is often said that there are three teachings that have defined Chinese society through the ages. Confucianism, Daoism, and Buddhism are traditions that have produced some of the most profound, provoking, and funny ideas and practices in the history of humankind. In this course, we will examine these ideas and practices intellectually and experientially. In doing so, you will not only gain a firm knowledge of some of the most important sources of East-Asian culture, but also a new perspective on your own life.",85,517,1,Topic 1,11.377313,1.733302
course_0707,Course Catalog,Course Descriptions,Modern Buddhism (4 credits),RELIG,RELIG 202,Modern Buddhism (4 credits),4.0,480,"An examination of Buddhism in Asia, Europe, and the United States from the mid-nineteenth century to the present. The course emphasizes how global exchanges resulted in the emergence of Buddhism in the United States and Europe, and the transformation of Buddhism in Asia. The course takes a number of case studies in the transformation of Buddhism including the emergence of humanistic Buddhism in modern China; the American encounter with Japanese Zen; and the relationship between Buddhism and ethnic militarism in Imperial Japan, Sri Lanka and Myanmar. In all cases the course examines how Buddhism transformed in response to the emergence of new global contexts.",104,666,1,Topic 1,11.168481,1.4253508
course_0708,Course Catalog,Course Descriptions,The History of God (4 credits),RELIG,RELIG 203,The History of God (4 credits),4.0,480,"In contrast to the Chinese concept of the “three traditions”, Islamic tradition came to define the overlapping identity of Jewish, Christian and Islamic peoples by the concept of “the people of the book”. This course offers an introduction to the three traditions of Judaism, Christianity and Islam by focusing on the concept of the sacred text as the written revelation of God. Comparisons between the Jewish Torah, Christian gospels and Islamic law, and the practices of scribes, commentators, and textual scholars illuminate the similarities and also differences between the three great monotheistic traditions of the world.",96,627,0,Topic 0,8.834158,-0.568378
course_0709,Course Catalog,Course Descriptions,The Problem of Evil (4 credits),RELIG,RELIG 204,The Problem of Evil (4 credits),4.0,480,"This course explores the problem of evil for Eastern and Western religious thought and discusses several attempts to confront the reality of evil, to square that with one’s worldview, and to find a way of living with that worldview. This course examines theological, philosophical, psychological, and popular cultural conceptions and responses.",51,344,0,Topic 0,8.545729,-0.4369468
course_0710,Course Catalog,Course Descriptions,"Religion, Power, and Social Change (4 credits)",RELIG,RELIG 205/CULMOVE 205,"Religion, Power, and Social Change (4 credits)",4.0,480,"Why hasn’t religion disappeared? Many social theorists predicted that the power and influence of religion would fade away during the modernization process, yet religion remains a vital force in 480 contemporary societies around the world. This course provides social scientific and humanities perspectives on religion and society, with an emphasis on the ways in which religion is implicated in issues of power and inequality and the roles religion has played in social change. In doing so, students will consider the impact that religion continues to have on individuals’ lives and local communities as well as society more broadly.",98,633,0,Topic 0,8.606499,-0.5262602
course_0711,Course Catalog,Course Descriptions,"Animism, Shamanism, Mediums (4 credits)",RELIG,RELIG 206,"Animism, Shamanism, Mediums (4 credits)",4.0,481,"Animism and shamanism are forms of indigenous tradition found across the world. Such religions typically do not have sacred scriptures but transmit their myths, rituals, and ethics orally, from generation to generation. Often, such religions accord sacred status to elements within the natural environment: sacred spirits can be found in animals, trees, and even rocks. This course studies these indigenous traditions, and with them the special figures that represent authority in these religions such as shamans and mediums who mediate between the human world and the spirit world.""",88,583,0,Topic 0,8.571507,-0.5091801
course_0712,Course Catalog,Course Descriptions,Religion and Environment (4 credits),RELIG,RELIG 302,Religion and Environment (4 credits),4.0,481,"This course explores the ways in which a variety of religious traditions across the world have shaped fundamental conceptions of humanity’s place within nature, including the kinds of environmental ethics that arise from these conceptions. The course examines the foundational texts and practices of selected world religions and considers how these texts and practices are being used by contemporary religious leaders to shape religious responses to current ecological challenges, such as environmental pollution, global climate change, and the factory farming of nonhuman animals.",83,581,0,Topic 0,8.309658,-0.42915133
course_0713,Course Catalog,Course Descriptions,The Human Condition (4 credits),RELIG,RELIG 303,The Human Condition (4 credits),4.0,481,"Exploration of the problem of the human condition for Eastern and Western religious thought. This course examines theological, philosophical, psychological, and popular cultural conceptions and responses. It explores how traditions of religious thought have conceptualized the basic problem of the human condition, whether as the consequences of karmic bonds, the general condition of human ignorance, or a lack of proper moral training. At the same time the course offers a framework for understanding religious movements as positing solutions to the problems they identify, whether conceptualized as salvation, liberation, perfection, or immortality.",91,652,0,Topic 0,8.667457,-0.45145115
course_0714,Course Catalog,Course Descriptions,Ethics in Religious Perspective (4 credits),RELIG,RELIG 304,Ethics in Religious Perspective (4 credits),4.0,481,"This course examines how and why religious traditions propose ethical norms, their continued significance in the contemporary world, and recent attempts to foster a more inclusive, global approach to ethics. Whether formulated in divine laws, ritual formulas or monastic codes, religious traditions have asserted their authority and identity by specifying what they regard as the ultimate norms for human conduct. These norms were formulated in the last Axial period around 2,500 481 years ago and reflect the values and interests of those societies. The course examines the continuing impact and relevance of these norms on contemporary life and pays particular attention to attempts to shape global ethical norms especially in relation to global issues such as climate change.",118,778,0,Topic 0,8.368536,-0.20644434
course_0715,Course Catalog,Course Descriptions,Modern Religion (4 credits),RELIG,RELIG 305,Modern Religion (4 credits),4.0,482,"This course investigates how religious individuals in their various ways have come to terms with “the modern” and “modernity,” heavily debated terms that have generated a multiplicity of approaches. Course content will vary depending on the instructor’s specialization. Potential topics for discussion include theoretical discussions of modernity, how modernity relates to “tradition,” how religious groups have ""modernized"" their religious beliefs and practices, and created some “new religions” like Scientology, the Unification Church, or Brahmo Samaj. 482 Courses with Course Subject: Social Science (SOSC)",83,610,0,Topic 0,8.697356,-0.42334756
course_0716,Course Catalog,Course Descriptions,Foundational Questions in Social Science (4 credits),SOSC,SOSC 101,Foundational Questions in Social Science (4 credits),4.0,483,"People everywhere ponder and debate fundamental questions: What does it mean to be human? How is society to be ordered? What is a moral life? Our ancestors asked such questions as well: it is likely that those questions lie at the origins of humanity itself. They also provide the foundations for much of the most important research in the social sciences today. This course examines the ways in which social scientists from a diversity of disciplines approach these fundamental questions. Study material for the course will include foundational texts from across the social sciences, as well as cutting-edge research from the present day. This course will not attempt to answer these vast questions, or provide neat solutions for students: rather, we want to excite students about the social sciences and whet their appetites for further study.",136,845,0,Topic 0,8.293876,2.315496
course_0717,Course Catalog,Course Descriptions,Introduction to Research Methods (4 credits),SOSC,SOSC 102,Introduction to Research Methods (4 credits),4.0,483,"This course provides students with an understanding of research designs and research methods used in the social sciences. Students will learn about the scientific method, research methods and design, measurement, and ethical issues. Topics include quantitative and qualitative approaches, as well as mixed methods. Prerequisite(s): SOSC 101 or Consent of the Instructor",52,369,6,Topic 6,7.3983307,3.304113
course_0718,Course Catalog,Course Descriptions,Innovation and Creativity (2 credits),SOSC,SOSC 110,Innovation and Creativity (2 credits),2.0,483,"The overall goal of this course is to develop and enhance the creative potential of the students and assist them to engage in innovation-driven activities through hands-on projects. The design of the course focuses on the core principles of project-based learning, creative thinking, and interdisciplinary collaboration. First, students will gain fundamental knowledge regarding the concepts and processes of creativity and innovation. Second, students will learn various tools to unlock their creativity, improve the flexibility and originality of their ideas, collaborate and contribute to a creative team. And third, students will practice what they have learned via inspiring exercises and projects on both an individual and group level.",107,741,5,Topic 5,10.020116,4.105387
course_0719,Course Catalog,Course Descriptions,"The Social, Political, and Economic Implications of Immigration (4 credits)",SOSC,SOSC 203,"The Social, Political, and Economic Implications of Immigration (4 credits)",4.0,483,"The regulation of labor immigration is among the most important and controversial public policy issues in high-income countries, but these issues have implications for understanding the social, political, and economic structures of all nations. Many countries in Europe and North America, including the UK and the US, have experienced very rapid increase in labor immigration over the past 20 years. In China, immigration, return migration, and internal migration have shaped much 483 of its development. This course attempts to understand the determinants of immigration and how nations approach this critical social issue.",92,624,4,Topic 4,10.615592,1.1912374
course_0720,Course Catalog,Course Descriptions,Business Ethics (4 credits),SOSC,SOSC 204,Business Ethics (4 credits),4.0,484,"Business Ethics is a cross-sectional topic, which examines business models within larger considerations about values and morality. Decisions made by organizations may affect thousands of individuals or entire communities. Business Ethics is relevant to both profit business (corporations in the private sector) as well as non-profit business (NGOs, academia, public institutions). This course focuses on questions about the ethical duties of firms, as well as their executives, employees, and investors. Topics covered would be corporate social responsibility, social impact investing and consumer rights.",83,605,6,Topic 6,8.066556,1.0034246
course_0721,Course Catalog,Course Descriptions,Religion and Community in America (4 credits),SOSC,SOSC 301,Religion and Community in America (4 credits),4.0,484,"The U.S. has been characterized as a “nation with the soul of a church.” This unpacks that statement and explores the distinctive role that religious belief and institutions have played in American life. This course examines religious figures and movements, the role religion plays in politics and public life, the cultural contours of religious popular and social movements, the racial, ethnic and gendered dimensions of religious life, and the nature of individualism and social solidarity in the U.S.",78,503,4,Topic 4,8.504592,-0.4457446
course_0722,Course Catalog,Course Descriptions,"Education, Policy, and Society (4 credits)",SOSC,SOSC 309/PUBPOL 309,"Education, Policy, and Society (4 credits)",4.0,484,"How to change education? Education presents some of the most intractable social problems and policy challenges. This course will explore both bottom-up social dynamics and top-down public policies in education, with an eye out for how they interact with each other. An emphasis will be placed on K-12 education. In this course, we will read major theoretical works and recent empirical research on education, and students will design their own projects related to education. Substantive topics will focus on the social contexts and policy challenges of education, such as school access, parenting, and the roles of technology and private capital. Prerequisite(s): SOSC 102 and PUBPOL 101; or Consent of the Instructor",111,717,6,Topic 6,7.4473686,3.0686913
course_0723,Course Catalog,Course Descriptions,The Future of the City (4 credits),SOSC,SOSC 311,The Future of the City (4 credits),4.0,484,"Rapid technological change may imply that cities will dramatically change form as new technologies emerge, with important implications for urban design. Self-driving cars, the possibility of three-dimensional transportation networks, telecommuting, urban agriculture, green cities, etc. This course will explore implications of these developments for urban design in light of underlying sociological and economic forces at work. 484",57,432,6,Topic 6,10.590826,3.038479
course_0724,Course Catalog,Course Descriptions,Decision Making Under Uncertainty (4 credits),SOSC,SOSC 313,Decision Making Under Uncertainty (4 credits),4.0,485,"This course is about the techniques available to improve decision‐making and limit mistakes. Methods include game theory, social choice theory, statistics and econometrics and computational modeling. The goal of the course is not to develop mastery, but to help students become better readers of research in the social sciences, while simultaneously providing them with a better sense of the options available as they pursue further course work and expertise in the social sciences. Prerequisite(s): MATH 101 or 105, and STATS 101",81,530,6,Topic 6,6.781494,3.618411
course_0725,Course Catalog,Course Descriptions,Computational Social Science: Tools to Collect & Analyze Human Behavior Using,SOSC,SOSC 314,Computational Social Science: Tools to Collect & Analyze Human Behavior Using,4.0,485,"Data from the Internet (4 credits) This course explores the inter-disciplinary field of computational social science, drawing from sociology, computer science, and related disciplines. Students will obtain skills to automate collection of social science data from new sources (Twitter, Facebook, Google, etc.), to classify unstructured data into discrete variables and to analyze them using a combination of techniques that includes screen-scraping, natural language processing and machine learning. Complex ethical and legal issues that arise when working with these novel sources of data. Students develop their imagination about new questions that can be asked with these new data sources. Reading and reproducing exemplary studies produced by computational social scientists. Prerequisites: MATH 101 or 105 and STATS 101; or MATH 205 or MATH 206; or Consent of the Instructor",127,879,6,Topic 6,7.0637302,4.20201
course_0726,Course Catalog,Course Descriptions,Urban Sociology (4 credits),SOSC,SOSC 315,Urban Sociology (4 credits),4.0,485,"Explores how cities and their spatial nature shape social life. Topics include the changing nature of community, the role of built environment in shaping social interactions, social inequality and the structure of cities, political power as driver of who is included and excluded, socio-spatial change over time, and networks within cities.",51,340,4,Topic 4,10.552264,3.1089673
course_0727,Course Catalog,Course Descriptions,Politics of Organization (4 credits),SOSC,SOSC 317/POLSCI 317,Politics of Organization (4 credits),4.0,485,"Why do humans organize themselves differently? What are the advantages and disadvantages of different forms of organization? From empires to states to social movements, humans organize themselves to achieve political objectives. This course begins by reviewing major theories of organization to understand key concepts, such as collective action, transaction cost, hierarchy, and authority. We then apply organizational theories and concepts to analyze different kinds of organizations in politics, including states, business firms, and nongovernmental organizations. In so doing, we will examine to what extent certain organizational features prevail across different political contexts or they must adapt to changing environments. 485",100,736,4,Topic 4,8.176705,1.7331188
course_0728,Course Catalog,Course Descriptions,Data in the World: Applied Social Statistics (4 credits),SOSC,SOSC 320,Data in the World: Applied Social Statistics (4 credits),4.0,486,"This course to explore how to extend statistical techniques learned in earlier classes and how to apply them to real-world problems. The course starts with the standard linear model and then explores more generalized models and models that rely on certain assumptions about the underlying data, with a focus on identifying which techniques are appropriate for what kinds of data. We rely heavily on interactive use of R software in applying models to real-world datasets. The class is open to all students but is focused on questions related to social problems - those involving human activity. Prerequisites: STATS 101 required; MATH 205 or MATH 206 highly encouraged",107,668,6,Topic 6,6.835184,3.9483933
course_0729,Course Catalog,Course Descriptions,Social and Economic Networks (4 credits),SOSC,SOSC 333/ECON 333,Social and Economic Networks (4 credits),4.0,486,"Individuals are embedded in a network of relationships used to exchange information and favors, access economic opportunities and share risk. The structure of these relationships determine the individual’s opportunities and the aggregate outcomes of social and economic systems. The course will discuss the typical properties of network structures (e.g., 6-degrees of separation, clustering, homophily and segregation), how network ties are formed and how agents interact through these ties. Students will learn about a wide range of applications, including the spread of diseases, fashions and political opinion; financial networks; networks in organizations and the labor market; online social networks, etc. Familiarity with quantitative reasoning and calculus is expected, and some degree of familiarity with programming (especially in Python) will be an advantage, though not a prerequisite.",125,896,6,Topic 6,6.9008503,3.8057365
course_0730,Course Catalog,Course Descriptions,The Future of the City (4 credits),SOSC,SOSC 405,The Future of the City (4 credits),4.0,486,"Rapid technological change may imply that cities will dramatically change form as new technologies emerge, with important implications for urban design. Self-driving cars, the possibility of three-dimensional transportation networks, telecommuting, urban agriculture, green cities, etc. This course will explore implications of these developments for urban design in light of underlying sociological and economic forces at work. Prerequisite: INFOSCI 302 486 Courses with Course Subject: Sociology (SOCIOL)",66,506,6,Topic 6,10.4566145,3.1540198
course_0731,Course Catalog,Course Descriptions,Introduction to Sociology (4 credits),SOCIOL,SOCIOL 101,Introduction to Sociology (4 credits),4.0,487,"This course introduces students to the world of sociology. Sociologists study social relationships, social interactions, and the influence of structural forces upon people. This course offers students a broad survey of sociology, covering a wide variety of sociological themes including the relationship between individual and society, important social institutions in the society, and various social inequalities. Students will acquire knowledge in the main sub-fields in sociology and develop valuable skills, such as critical reading and thinking.",76,550,6,Topic 6,8.364353,2.3225017
course_0732,Course Catalog,Course Descriptions,"Love, Marriage, and Family in Comparative Perspective (4 credits)",SOCIOL,SOCIOL 104,"Love, Marriage, and Family in Comparative Perspective (4 credits)",4.0,487,"This course explores the process of family transformation in contemporary East Asia and the U.S. from a comparative perspective. It introduces different concepts, theories, and frameworks to explain the slow but noticeable family changes in East Asian societies and some distinct characteristics in the US. It will draw literature from sociology, demography, anthropology, and economics to study love, passion, marriage, cohabitation, mate selection, same-sex couples, and divorce across social contexts.",70,504,1,Topic 1,10.78174,1.504345
course_0733,Course Catalog,Course Descriptions,"Society, the Self, and the Changing Natural World (4 credits)",SOCIOL,SOCIOL 180,"Society, the Self, and the Changing Natural World (4 credits)",4.0,487,"This course is an exploration of the changing and contrasting perceptions of social, themselves, and the natural world that people develop. It investigates how our perceptions are conditioned by the times we live in and reigning assumptions of our societies. The course covers a range of related topics including the exploration of perceptions of the self through the arts and the examination of conflicts between science and society.",68,434,0,Topic 0,8.406069,2.5942712
course_0734,Course Catalog,Course Descriptions,Sociology of Culture (4 credits),SOCIOL,SOCIOL 202,Sociology of Culture (4 credits),4.0,487,"The terms “culture” and “cultural” have a wide range of meanings: objects, genres, actions (especially conventional), mental representations, and even complex institutional structures are all part of culture. Many sociologists argue that culture is not its object, rather it is an approach; it is about shared meaning and permeates all of social life. This course will allow students to engage in and contribute to this conversation in an effort to develop their understanding of culture and related changes in social processes over time. This course exposes students to the unique approaches the sociologists take to understanding culture and introduces them to many of the major theorists of culture. By the end of the course, students will have a basic toolkit for understanding society culturally. 487",125,805,0,Topic 0,9.030051,2.8363562
course_0735,Course Catalog,Course Descriptions,"Identity, Action, and Emotion (4 credits)",SOCIOL,SOCIOL 204,"Identity, Action, and Emotion (4 credits)",4.0,488,"With the “Emotional turn” in the 1980s, sociologists of emotions have theorized social and cultural aspects of emotions. Earlier studies have largely been developed by symbolic interactionists regarding face-to-face interactions, and the area has gradually expanded its scope of research to various fields, including but not limited to the sociology of work, social movements, politics, religion, and ethnic and racial studies. Encompassing these fields, this course explores various concepts and theories on emotions, such as “feeling rules”, “emotional labor”, social status and power relations, group identity formation, and mobilization and social change, among others.",94,673,4,Topic 4,9.390977,1.1405842
course_0736,Course Catalog,Course Descriptions,"Gender, Work, and Organizations (4 credits)",SOCIOL,SOCIOL 205,"Gender, Work, and Organizations (4 credits)",4.0,488,"Research and theories on gender issues in the organization of work are central to inquiry across the social sciences and in sociology, in particular. The socio-historical causes of gender segregation in the workplace and the contemporary consequences for wages and occupational status have permeated research and have been central to policy discussions as well. This course studies how gender interacts with work and complex organizations such as businesses, not-for-profits, and government agencies. It looks at how women have changed their roles in many societies and asks why progress has been slower in others. It uses case studies of specific work organizations with gender-related problems in group projects and presentations.",109,732,4,Topic 4,9.277435,1.0893466
course_0737,Course Catalog,Course Descriptions,Reshaping Global Urbanization (4 credits),SOCIOL,SOCIOL 206,Reshaping Global Urbanization (4 credits),4.0,488,"This course provides the student with an extensive understanding of China’s powerful role in shaping a new era of global urbanization. Having urbanized at the fastest pace, on the largest scale, and in the shortest time in human history, China has been “building out” transport infrastructure, industrial zones, and municipal facilities into many countries. The course first assesses China’s mode of urban development and its beneficial and problematic consequences. It then examines China’s approach to and experience in urban and infrastructure construction in the Global South. The course concludes on the theoretical and policy implications of “China-shaped” global urbanization.",99,683,1,Topic 1,11.645961,1.742272
course_0738,Course Catalog,Course Descriptions,Social Inequality (4 credits),SOCIOL,SOCIOL 211,Social Inequality (4 credits),4.0,488,"Variations in the structure of inequality over time and across nations shape the way people behave, the interactions they have every day, and the challenges they will face across the life course. Inequality shapes and is shaped by educational institutions, economic development, work institutions, and state welfare programs. This course explores the nature, forms, and socioeconomic bases of inequality and social stratification. It pays particular attention to age, gender, race, ethnicity, class, region, and family as dimensions of inequality. The course pays particular attention to the degree to which people are able to change positions in the social structure over time. 488",102,682,4,Topic 4,7.74485,1.1298528
course_0739,Course Catalog,Course Descriptions,Contemporary Social Problems (4 credits),SOCIOL,SOCIOL 212,Contemporary Social Problems (4 credits),4.0,489,"Social problems both reflect and generate social change; this course provides a comparative analysis of the major social problems that have propelled social and cultural dynamics across historical periods, nations, and social groups by gender, race/ethnicity, and social class. The course explores the origins and implications of deviant behavior, social conflict and inequality, human progress and social change. Because studying social problems often involves specialize research methods, this course also investigates issues such as the unique inductive and deductive processes and related analysis methods that have developed in this field.",90,644,4,Topic 4,9.203523,0.8365266
course_0740,Course Catalog,Course Descriptions,"Race, Ethnicity, and Citizenship (4 credits)",SOCIOL,SOCIOL 301,"Race, Ethnicity, and Citizenship (4 credits)",4.0,489,"Race, ethnicity, and citizenship structure interactions and social change in all countries, and they also condition the forms of interaction that determine global processes and well-being. This course provides a critical framework to access origins, manifestations and evolution of race, ethnicity and citizenship. The course reviews and addresses the origins of and theoretical orientations of race, ethnicity and citizenship as constructs with social and political implications. It examines different ethnographies as well as quantitative studies to pinpoint how social scientists actually examine and draws conclusions about race, ethnicity and citizenship.",90,660,4,Topic 4,9.697551,1.161052
course_0741,Course Catalog,Course Descriptions,Theory and Society (4 credits),SOCIOL,SOCIOL 305,Theory and Society (4 credits),4.0,489,"This course exposes students to major classical and modern social theorists from the Enlightenment to the present. The course pays particular attention to theories seeking to follow models of the natural sciences and those seeking a more critical and interpretive understanding of modern society. Topics also include examining how sociological theory relates to other modern currents, such as conservatism, socialism, existentialism, anti-colonialism, feminism, post-modernism.",64,477,0,Topic 0,8.582096,2.204612
course_0742,Course Catalog,Course Descriptions,Contemporary Population Problems (4 credits),SOCIOL,SOCIOL 306,Contemporary Population Problems (4 credits),4.0,489,"Demography is an interdisciplinary field that intersects with sociology, economics, population health, statistics, and mathematics. The population issues, such as aging, population decline, fertility, and migration, also associate with economic development and policy making in different countries. This course will review key population problems in contemporary industrialized and developing societies. The following issues can be discussed in the course: the end of population growth, population aging, mortality in developed and developing countries, migration, and urbanization. 489",76,586,6,Topic 6,7.7127156,0.7899761
course_0743,Course Catalog,Course Descriptions,The Political and Social Thought of Hannah Arendt (4,SOCIOL,SOCIOL 311/PHIL 311/POLSCI 311,The Political and Social Thought of Hannah Arendt (4,,490,"credits) Hannah Arendt is one of the most important 20th century western political thinker. Although her work covered a wide range of subjects, her foremost concern was politics and society. This course aims to familiarize students with the political and social thought of Hannah Arendt, so that they may use her ideas to understand and address the 21st century’s pressing problems. We will read from her seminal works, as well as secondary scholarship, in order to understand Arendt’s key concepts – which could include thoughtlessness, the banality of evil, totalitarianism, the political, statelessness, revolution, power, authority, and labor and work. We will then apply these concepts to some of today’s pressing social and political problems.",115,749,4,Topic 4,8.8595085,1.95753
course_0744,Course Catalog,Course Descriptions,Sociology of Gender (4 credits),SOCIOL,SOCIOL 405,Sociology of Gender (4 credits),4.0,490,"This course examines the historical and current development of feminist theories and movements both in the Global North and South. It will begin with the first four waves of feminist movements in the West, including particular focus in each wave and representative theories, and shift to a comparative understanding of how feminist movements started and developed over time in the Global South with a post-colonial perspective. The course will include a range of topics including, but not limited to, liberal, radical, Marxist, and digital feminism. 490 Courses with Course Subject: Spanish (SPANISH) SPANISH 25 Advanced Intermediate Spanish (4 credits) Credit for Advanced Placement on the basis of the College Board Examination in Spanish.",113,741,4,Topic 4,9.182966,1.3398914
course_0745,Course Catalog,Course Descriptions,Beginning Spanish 1 (4 credits),SPANISH,SPANISH 101,Beginning Spanish 1 (4 credits),4.0,491,This beginning level course aims to help students develop the basic Spanish skills for conducting common communication tasks such as talking about self and surroundings both independently and with other speakers. This course will also introduce students to the rich cultures of Spanish- speaking countries in Europe and in Latin America. Another integral component of this course is to guide students to gradually develop their own independent learning strategies for their potential future study of Spanish. The course will be primarily taught in Spanish and students are expected to not only follow the course but also contribute to a collective learning community by sharing their own independent learning materials and projects on a weekly basis.,115,750,7,Topic 7,13.510994,4.4387
course_0746,Course Catalog,Course Descriptions,Beginning Spanish 2 (4 credits),SPANISH,SPANISH 102,Beginning Spanish 2 (4 credits),4.0,491,"This beginning level course is a continuation of the previous module, 101, and therefore presupposes basic knowledge of Spanish. Students will deepen their knowledge and use of Spanish, in particular, some of the tenses used to talk about the past and the immediate future. They will also learn to talk about daily routines, foods, and hobbies. This course will also introduce some general notions of the cultures of Spanish-speaking countries in Europe and in Latin America. Another goal of the course is to help students develop independent learning strategies for future study of Spanish. Prerequisite(s): SPANISH 101",97,620,7,Topic 7,13.48154,4.463573
course_0747,Course Catalog,Course Descriptions,Introduction to the World of Spanish (4 credits),SPANISH,SPANISH 110,Introduction to the World of Spanish (4 credits),4.0,491,"This course introduces the social and cultural role Spanish plays in the world, distinctive features of the language itself, and well-known Spanish speakers and their works. It addresses questions such as: Who are the speakers of Spanish, and where is Spanish spoken? How has Spanish evolved? What are some distinctive features of Spanish? What similarities/differences are there between different varieties of Spanish, and between Spanish and other languages? In what ways may Spanish be considered a “global language”? What key contributions to literature and film have been made in Spanish? How have Spanish speakers contributed to the world’s political stage? 491 Courses with Course Subject: Statistics (STATS) STATS 20 Basic Statistics and Quantitative Literacy (4 credits) Credit for Advanced Placement on the basis of the College Board Examination in Statistics (Score of 5).",133,883,7,Topic 7,13.4208975,4.3613954
course_0748,Course Catalog,Course Descriptions,Introduction to Applied Statistical Methods (4 credits),STATS,STATS 101,Introduction to Applied Statistical Methods (4 credits),4.0,492,"This course will introduce students to common statistics used in social science research articles and the media with the goal of making them informed and critical consumers of research results reported by various sources. Students will gain understanding of the conceptual basis and purpose of different statistics, as well as the formulas for deriving them. The relationship of statistical analysis to other components of the research process will be explicated. The course will be taught using team-based learning with an emphasis on the application of new concepts, knowledge, and skills in the classroom. Application activities will include interpreting statistics presented in tables and graphics in research articles and the media, critiquing conclusions drawn from statistics, and using statistical software, such as SPSS or Stata, to conduct statistical tests and generate tables and graphics.",133,901,6,Topic 6,7.085865,3.8884459
course_0749,Course Catalog,Course Descriptions,Introduction to Data Science (4 credits),STATS,STATS 102,Introduction to Data Science (4 credits),4.0,492,"As an introductory course in data science, this course will show students not only the big picture of data science but also the detailed essential skills of loading, cleaning, manipulating, visualizing, analyzing and interpreting data with hands on programming experience. Anti-requisite(s): COMPSCI 101",43,303,2,Topic 2,6.226857,4.8829207
course_0750,Course Catalog,Course Descriptions,Introduction to Machine Learning for Social Science (4 credits),STATS,STATS 201,Introduction to Machine Learning for Social Science (4 credits),4.0,492,"In almost every field, there is a need to draw inference from or make decisions based on data. The goal of this course is to provide an introduction to machine learning that is approachable to diverse disciplines and empowers students to become proficient in the foundational concepts and tools while working with interdisciplinary real-world data. You will learn to (a) structure a machine learning problem, (b) determine which algorithmic tools are applicable to a given problem, (c) apply those algorithmic tools to diverse, interdisciplinary data examples, (d) evaluate the performance of your solution, and (e) how to accurately interpret and communicate your results. This course is a fast-paced, applied introduction to machine learning that arms you with the basic skills you will need in practice to both conduct analyses and effectively communicate your results. Prerequisite(s): MATH 101 or 105 and STATS 101; or MATH 205 or 206 492",148,943,2,Topic 2,5.88325,4.4257903
course_0751,Course Catalog,Course Descriptions,Modeling and Predicting (4 credits),STATS,STATS 202,Modeling and Predicting (4 credits),4.0,493,"Across a wide array of settings and problems, models are employed to predict future outcomes. This course develops a conceptual overview, linked to real world cases across a wide range of domains, of the challenges involved in predicting the future. “Reduced form” approaches that employ data to predict based on past patterns are distinguished from “structural” approaches that allow data to influence parameters in domain-based theoretical models used to simulate counterfactuals. The strengths and weaknesses of each approach will be investigated with an aim of developing key intuitions about how data and domain knowledge shape the ways in which prediction can unfold — and the balance of approaches that is most appropriate depending on the underlying questions asked in different settings. Prerequisite(s): STATS 101 or MATH 205 or 206",129,842,6,Topic 6,6.5187373,3.9844677
course_0752,Course Catalog,Course Descriptions,"Probability, Random Variables and Stochastic Processes (4 credits)",STATS,STATS 210,"Probability, Random Variables and Stochastic Processes (4 credits)",4.0,493,"This course covers probability models, random variables with discrete and continuous distributions, independence, joint distributions, conditional distributions, expectations, functions of random variables, central limit theorem, stochastic processes, random walks, and Markov chains. Prerequisite(s): MATH 205. COMPSCI 201 or COMPSCI 101 or STATS 102 is recommended. Anti-requisite: STATS 211",48,393,2,Topic 2,5.265994,3.9347498
course_0753,Course Catalog,Course Descriptions,Introduction to Stochastic Processes (4 credits),STATS,STATS 211,Introduction to Stochastic Processes (4 credits),4.0,493,"The course begins with a brief overview of sequences and series followed by an introduction to stochastic processes and applications. Several examples of stochastic processes are covered: Markov chains, random walks, branching processes, the Poisson process, and Brownian motion. Prerequisite(s): MATH 206. COMPSCI 201 or COMPSCI 101 or STATS 102 is recommended. Anti-requisite: STATS 210",55,388,2,Topic 2,5.288318,3.8407235
course_0754,Course Catalog,Course Descriptions,Statistics (4 credits),STATS,STATS 301,Statistics (4 credits),4.0,493,"An introduction to the concepts, theory, and application of statistical inference, including the structure of statistical problems, probability modeling, data analysis and statistical computing, and linear regression. Inference from the viewpoint of Bayesian statistics, with some discussion of sampling theory methods and comparative inference. Applications to problems in various fields. Prerequisite(s): MATH 201 and MATH 205 or 206",58,435,2,Topic 2,5.397665,3.9606621
course_0755,Course Catalog,Course Descriptions,Principles of Machine Learning (4 credits),STATS,STATS 302,Principles of Machine Learning (4 credits),4.0,493,"493 This course covers maximum likelihood estimation, linear discriminant analysis, logistic regression, support vector machine, decision tree, linear regression, Bayesian inference, unsupervised learning, and semi-supervised learning. Students are not allowed to take both MATH 405 and STATS 302 because of the content overlap. Students who are planning to major in Data Science should take STATS 302. Prerequisite(s): COMPSCI 201, STATS 210 or STATS 211; and Pre or Co-requisite(s): MATH 304, MATH 305. Anti-requisite: MATH 405 and COMPSCI 309",78,545,2,Topic 2,5.2368307,4.635382
course_0756,Course Catalog,Course Descriptions,Statistical Machine Learning (4 credits),STATS,STATS 303,Statistical Machine Learning (4 credits),4.0,494,"This course covers statistical inference, parametric method, sparsity, nonparametric methods, learning theory, kernel methods, computation algorithms and advanced learning topics. Prerequisite(s): STATS 302",23,206,2,Topic 2,5.4577584,4.236696
course_0757,Course Catalog,Course Descriptions,Bayesian and Modern Statistics (4 credits),STATS,STATS 304,Bayesian and Modern Statistics (4 credits),4.0,494,"This course covers Bayesian inference, prior and posterior distributions, multi-level models, model checking and selection, and stochastic simulation by Markov Chain Monte Carlo. Prerequisite(s): STATS 210 or STATS 211; and MATH 202",32,232,2,Topic 2,5.3044624,4.0751004
course_0758,Course Catalog,Course Descriptions,Study Design: Design of Surveys and Causal Studies (4 credits),STATS,STATS 305,Study Design: Design of Surveys and Causal Studies (4 credits),4.0,494,"Investigation of study designs collecting data and their implications for statistical inference. Design and analysis of surveys of populations, including stratification, clustering, multi-stage sampling, design-based inference, considerations when analyzing convenience samples and big data. Design and analysis of causal studies including randomized experiments, blocking, fractional factorial designs, non-randomized studies, propensity score analysis. Applications involving big data, health, policy, natural and social sciences. Prerequisite(s): STATS 101 or MATH 205 or 206",70,578,6,Topic 6,6.51289,1.7481077
course_0759,Course Catalog,Course Descriptions,Data Acquisition and Visualization (4 credits),STATS,STATS 401,Data Acquisition and Visualization (4 credits),4.0,494,"This course introduces the principles and methodologies for data acquisition and visualization, along with tools and techniques used to clean and process data for visual analysis. It also covers the practical software tools and languages such as Tableau, OpenRefine and Python/Matlab. Prerequisite(s): STATS 302 or COMPSCI 309; or MATH 405 and COMPSCI 201; or Co-requisite upon Consent of Instructor 494",60,403,2,Topic 2,6.624486,5.1788907
course_0760,Course Catalog,Course Descriptions,Interdisciplinary Data Analysis (4 credits),STATS,STATS 402,Interdisciplinary Data Analysis (4 credits),4.0,495,"This course covers interdisciplinary applications of data analysis for social science, behavioral modeling, health care, financial modeling, advanced manufacturing, etc. Students are expected to solve a number of practical problems by implementing data algorithms with R during their course projects. Prerequisite(s): STATS 302 or COMPSCI 309; or MATH 405 and COMPSCI 201",52,371,2,Topic 2,6.6593714,4.3096843
course_0761,Course Catalog,Course Descriptions,Deep Learning (4 credits),STATS,STATS 403,Deep Learning (4 credits),4.0,495,"This course covers neural network, deep belief network, Boltzmann machine, convolutional neural network, recurrent neural network, and deep learning applications for speech, image, video, etc. Prerequisite(s): STATS 303",28,219,2,Topic 2,5.575392,4.3544607
course_0762,Course Catalog,Course Descriptions,Probabilistic Graphical Models (4 credits),STATS,STATS 404,Probabilistic Graphical Models (4 credits),4.0,495,"This course covers Bayesian network, Markov random field, Gaussian graphical model, message passing, generalized linear model, expectation-maximization, factor analysis, state space model, conditional random field, variational inference, approximate inference, Dirichlet process, kernel graphical model and spectral algorithm. Prerequisite(s): STATS 303 495 Courses with Course Subject: US Studies (USTUD)",48,405,2,Topic 2,5.421504,4.0481644
course_0763,Course Catalog,Course Descriptions,American Musicals (4 credits),USTUD,USTUD 210,American Musicals (4 credits),4.0,496,"This course examines the history of American musicals, focusing on the period from Show Boat to Sondheim with attention to poetics, aesthetics, and politics. It demonstrates how the American musical has functioned as a popular representation of key themes such as immigration, race and gender and sexual diversity. Students will learn to identify historical and cultural references and place the evolution of the musical in its proper social and historical context, including the significance of Broadway and New York in the popular American cultural imagination. Students learn to interpret music as text and understand the relationship of musical theater to other musical forms such as blues, jazz, pop and rock.",110,714,5,Topic 5,10.494165,2.3105922
course_0764,Course Catalog,Course Descriptions,The Western Across Boundaries (4 credits),USTUD,USTUD 301,The Western Across Boundaries (4 credits),4.0,496,"This course studies the film genre that has, for better and for worse, defined what it means to be an American for Americans themselves and for the rest of the world. It places these films in the historical context of the American westward expansion, and the genocide of native Americans. It examines these films through the myths of the American pioneer, rugged individualism, heroic masculinity, and drama of the American landscape. By focusing on the concept of crossing boundaries, the course analyzes the concept of the frontier, the representation of frontier communities including Chinese and Irish immigrants, Hispanic peoples and native Americans.",102,656,4,Topic 4,10.342303,1.8082787
course_0765,Course Catalog,Course Descriptions,Junior Seminar: Advanced Topics (4 credits),USTUD,USTUD 390,Junior Seminar: Advanced Topics (4 credits),4.0,496,This seminar is a core component of the interdisciplinary major in US Studies. Students will apply to interdisciplinary topics the knowledge and methods of analysis that they have gained in different disciplines. Students will re-connect with the broader community of faculty and students in their major and further develop their capacities to translate between their areas of expertise and the larger questions and issues that apply across a variety of disciplines. The seminar will foster the ability to see their disciplinary knowledge from a wider perspective and to apply it flexibly. Specific topics will vary. This seminar is required for all juniors in the major. Other students may enroll with the permission of the instructor.,115,736,0,Topic 0,7.2029977,1.867363
course_0766,Course Catalog,Course Descriptions,Senior Seminar: Advanced Topics (4 credits),USTUD,USTUD 490,Senior Seminar: Advanced Topics (4 credits),4.0,496,This seminar is a core component of the interdisciplinary major in US Studies. Students will apply to interdisciplinary topics the knowledge and methods of analysis that they have gained in different disciplines. Students will re-connect with the broader community of faculty and students in their major and further develop their capacities to translate between their areas of expertise and the larger questions and issues that apply across a variety of disciplines. The seminar will foster the 496 ability to see their disciplinary knowledge from a wider perspective and to apply it flexibly. Specific topics will vary. This seminar is required for all seniors in the major. Other students may enroll with the permission of the instructor. Courses with Course Subject: Written and Oral Communication (WOC),125,806,7,Topic 7,7.19346,1.8505139
course_0767,Course Catalog,Course Descriptions,Introduction to University Writing for International Students (2 credits),WOC,WOC 104,Introduction to University Writing for International Students (2 credits),2.0,497,"This is an introductory academic writing course designed for international students who attended high schools where English was not the medium of instruction and have not previously studied academic writing in English. It is designed to help equip students with the academic reading & writing skills in English that they need to succeed in their DKU courses. This content-based language course is focused on the topic of language learning motivation. Through academic reading, writing papers, and delivering presentations which explore theories and narratives on language learning, students will become well prepared to meet the academic expectations of their DKU professors. Limited to CSL track students.",105,706,7,Topic 7,12.779428,4.118826
course_0768,Course Catalog,Course Descriptions,Intercultural Adaptation – Improving Intercultural and Translingual Experiences (2,WOC,WOC 105,Intercultural Adaptation – Improving Intercultural and Translingual Experiences (2,,497,"credits) Intercultural Adaptation is a writing course focused on understanding intercultural communication from a theoretical perspective, and on developing intercultural adaptation skills at DKU and beyond. This course will address what intercultural competence is and what contributes to its development, both during study in a new country but also when studying in one’s own country surrounded with people from diverse backgrounds. The course will culminate with project presentations or an event to support the community’s efforts to develop intercultural skills. This course will also help you develop academic writing skills while learning content relevant making a positive impact on campus life.",101,703,7,Topic 7,12.4502125,3.9732423
course_0769,Course Catalog,Course Descriptions,Introducing Suzhou to the World: Oral Communication across Cultural Boundaries (2,WOC,WOC 106,Introducing Suzhou to the World: Oral Communication across Cultural Boundaries (2,,497,"credits) During an era of rapid globalization and continued uncertainty, the ability to communicate across cultures is imperative to succeeding in diverse settings. This course will take advantage of the scenic city Suzhou to facilitate learning and practicing intercultural communication competence, specifically how to effectively present one culture to audiences from another. This course will be structured around the Design Thinking framework, and the fundamentals of this creative approach will immerse students in dynamic discussions, relevant readings and videos, field trips, and a Suzhou-themed final project. 497",87,623,5,Topic 5,10.723548,3.4574718
course_0770,Course Catalog,Course Descriptions,Reading Suzhou Through Literature and History (2 credits),WOC,WOC 107,Reading Suzhou Through Literature and History (2 credits),2.0,498,"This course introduces students to the city of Suzhou, where DKU is located, through its literature, history, and culture. Guided by weekly topics and field trips to historical sites, this course will walk students through the establishment and evolution of the city of Suzhou and its culture beginning in the seventeenth century. We will investigate how late imperial tourism, garden construction, the tradition of “talented women,” chantefable performance, and local foodway interacted with each other, creating both tangible and intangible cultural heritages that are still relevant to this day.",89,598,1,Topic 1,11.001173,3.619036
course_0771,Course Catalog,Course Descriptions,Intercultural Communication (2 credits),WOC,WOC 108,Intercultural Communication (2 credits),2.0,498,"In Intercultural Communication students will learn about their own and others’ cultures through narratives through which cultural members communicate their worldviews, values, and norms. In this course, students will build a solid base of concepts/theories and communication skills that will allow them to engage in diverse cultures competently. Students will also learn how to communicate in a healthy and ethical way in a globalized world today.",66,447,0,Topic 0,9.322147,3.036078
course_0772,Course Catalog,Course Descriptions,Should We Care About Endangered Languages (2 credits),WOC,WOC 110,Should We Care About Endangered Languages (2 credits),2.0,498,"This course examines the issue of endangered languages, in particular whether or not it is important to be concerned about the decreasing number of languages in the world. Through studying this issue, staking out positions, and making cases for those positions, students will build their ability to present clear and effective arguments in papers and oral presentations.",57,370,7,Topic 7,12.897785,4.3201804
course_0773,Course Catalog,Course Descriptions,Special Topics in Writing (2 credits),WOC,WOC 190,Special Topics in Writing (2 credits),2.0,498,This is a theme-based writing seminar course through which students strengthen their creative or expository writing skills through exploration of a topic chosen by the instructor. This course is open to all undergraduate students.,34,230,5,Topic 5,9.7719965,3.7856915
course_0774,Course Catalog,Course Descriptions,Academic Writing 1: Argumentation Across Disciplines (2 credits),WOC,WOC 201,Academic Writing 1: Argumentation Across Disciplines (2 credits),2.0,498,"This course aims to help students become better academic writers by exploring how the features of a persuasive argument vary across the sciences, humanities, and social sciences. The course will first explore fundamental features of argumentative writing for a general audience, including organizational structure and language. Fundamentals in mind, the second half of the course explores how these ideas and practices can be adapted for specific academic purposes. The course will seek answers to the following questions: How do the means of persuasion change depending on the audience? How do disciplinary goals shape arguments? How do cultural and language differences influence persuasion in different contexts? How do citation and style conventions differ across disciplinary contexts and why? 498 Prerequisite(s): EAP 102B or equivalent",123,842,5,Topic 5,9.145148,3.6184528
course_0775,Course Catalog,Course Descriptions,Academic Writing 2: Genre & Structure Across Disciplines (2 credits),WOC,WOC 202,Academic Writing 2: Genre & Structure Across Disciplines (2 credits),2.0,499,"Genre & Structure Across Disciplines examines how genre knowledge can contribute to the construction of persuasive academic texts. It is a continuation of WOC201, adding genre knowledge and organizational strategies to previous discussions of the rhetorical and linguistic features of academic writing. Firstly, we explore the concepts of ‘moves’ in academic writing, including the CARS model, problem-solution, and general-specific texts. Secondly, we connect the ideas of moves to rhetoric & persuasion, exploring the concepts of literacy, discourse communities, intertextuality, 499 and genre sets. The final project is a collaborative guide to writing across disciplines for the WLS and the DKU community. Prerequisite(s): Must complete WOC 201 (Academic Writing 1: Argumentation Across Disciplines) with a grade of B or higher.",119,832,5,Topic 5,9.627092,3.476652
course_0776,Course Catalog,Course Descriptions,Writing about Endangered Languages (4 credits),WOC,WOC 205,Writing about Endangered Languages (4 credits),4.0,500,"Through study of endangered languages, this course will help students improve their ability to research an issue by using library resources in multiple languages, and to write a well-grounded and persuasive course paper in which students make a case for their position on this issue; students will also improve their ability to make their case through a well-informed and persuasive oral presentation. Last but not least, through study of this issue, students will learn more about the role of languages in today’s globalizing world. Prerequisite(s): EAP 102B or equivalent or Consent of the Instructor",94,602,7,Topic 7,12.825832,4.3371677
course_0777,Course Catalog,Course Descriptions,Debating Scenarios for Sustainable Futures (2 credits),WOC,WOC 206,Debating Scenarios for Sustainable Futures (2 credits),2.0,500,"This course will focus on the fundamentals of argumentation, refutation, and value and impact analysis. Rather than allowing debates to end with a winner, however, students will also explore the importance of reconciliation with consensus-building tasks that generate alternative solutions by considering all stakeholder perspectives and suggesting amicable resolutions to these debates. Prerequisite(s): EAP 101B or equivalent or Consent of the Instructor",62,456,6,Topic 6,8.488531,3.6753142
course_0778,Course Catalog,Course Descriptions,Translation Workshop – Chinese/English English/Chinese (2 credits),WOC,WOC 207/CHINESE 408,Translation Workshop – Chinese/English English/Chinese (2 credits),2.0,500,"This class is a practical introduction to the art of written translation for students with advanced proficiency in both Chinese and English. Its goal is to give students hands-on experience translating a variety of interesting and challenging texts between Chinese and English, thereby honing their skills as readers and writers of both languages while also probing deeper philosophical questions about how translation works. Prerequisite(s): EAP-track students must have completed EAP 102B or have Consent of the Instructor. CSL-track students must have completed or placed out of CHINESE 402B.",88,595,7,Topic 7,12.227987,3.8124025
course_0779,Course Catalog,Course Descriptions,An Introduction to Language Teaching (2 credits),WOC,WOC 208,An Introduction to Language Teaching (2 credits),2.0,500,"500 This course introduces the key components of language teaching to students who have an interest in teaching languages and who may wish to engage in language teaching assignments either during or after their DKU studies. Based on the Cambridge English Teaching Framework and using English as the main language of focus, the course is rooted in pedagogical theory focusing on practical knowledge and teaching skills that can be easily applied to the teaching of various languages (i.e., not only teaching English). The primary objective of the course is to build students’ awareness of what effective language teaching is and to equip them with the essential skills needed to start teaching.",111,693,7,Topic 7,13.093574,4.2016478
course_0780,Course Catalog,Course Descriptions,Intercultural Communication and Advertising – Persuasion Across Cultures (2 credits),WOC,WOC 209,Intercultural Communication and Advertising – Persuasion Across Cultures (2 credits),2.0,501,"This course explores Hofstede’s cultural dimensions and their application to the world of international advertising to help students to develop their academic oral and written English analysis skills. Specifically, students will learn how to construct professional and persuasive oral and written analyses through analyzing multiple international advertising case studies through a critical lens. The course explores how Hofstede’s cultural dimensions can help us to understand the rhetorical moves used by the media in the world of advertising, enabling students to apply theory to practice whilst developing critical thinking skills. Academic oral and written English skills will also be developed through creative and engaging assignments.",104,742,5,Topic 5,9.455005,3.7717924
course_0781,Course Catalog,Course Descriptions,Translation Workshop: Adaptation and Transformation (Chinese-,WOC,WOC 210/CHINESE 416,Translation Workshop: Adaptation and Transformation (Chinese-,2.0,501,"English; English-Chinese) (2 credits) This class is a hands-on exploration of the art of written translation for students with advanced proficiency in both Chinese and English. Its emphasis is on creative translation and localization— situations where the act of translation must necessarily change the message being translated, and where a “faithful” translation is not possible or desirable. Students will undertake a series of translation challenges, working both into and out of their native languages, collaborating when possible with classmates whose native language is their own second language. This is a bilingual class; discussion will be held in English and in Chinese on alternating days. Prerequisite(s): EAP-track students must have completed EAP 102B or have Consent of the Instructor. CSL-track students must have completed or placed out of CHINESE 402B.",129,870,7,Topic 7,12.3439045,3.8728738
course_0782,Course Catalog,Course Descriptions,aims at preparing students for their signature work at DKU and similar projects. This,WOC,WOC 211,aims at preparing students for their signature work at DKU and similar projects. This,,502,"research preparedness course will engage students with writing on the research process and guide them in producing a research proposal on their chosen topics. Students will search for and evaluate relevant literature, store and manage references, frame the research question(s), and determine research approaches. Students will develop their critical thinking, problem-solving, teamwork, and communication skills during the research proposal writing process. These learning modules will help students learn how to engage in academic conversations and contribute to the existing literature. Prerequisite(s): EAP-track students must complete EAP 102B before enrolling.",89,666,7,Topic 7,8.331751,3.8158607
course_0783,Course Catalog,Course Descriptions,continues to prepare students for their signature work at DKU and similar projects. This,WOC,WOC 212,continues to prepare students for their signature work at DKU and similar projects. This,,502,"course will guide students in conducting their proposed research and developing a preliminary research paper. Students will do writing assignments in which they analyze data, assess data's validity and reliability, report findings based on research questions, and discuss their findings in light of other relevant studies. Through these writing assignments, students will build a foundation of knowledge on a topic, practice collecting and analyzing data, learn how to answer research 502 questions by reporting their results and discussing their findings, and familiarize themselves with the academic research process. Prerequisite(s): WOC 211 Composing Research 1. Students who have had a research proposal that is ready for implementation but have not taken Composing Research 1 are also welcome to take this course.",120,819,7,Topic 7,8.292082,3.7801802
course_0784,Course Catalog,Course Descriptions,From Text to World: Editing and Publishing (2 credits),WOC,WOC 213,From Text to World: Editing and Publishing (2 credits),2.0,503,"In this course students will learn the fundamentals of editing while working together to produce a publication (anthology or journal/magazine issue) that showcases the talents of DKU's student writers. Students will learn how to give more effective feedback, edit for style and content, and consider texts from a potential reader's perspective, while following the journey of a written text from the writer's conception to the editors' curation and finally into print. Each student will undertake an independent writing project upon which they will practice the editing and revision skills we learn in this class. Students are encouraged to contact the instructor in advance to learn about the publication's theme for a given session and to discuss their potential independent project. Prerequisite(s): Sophomore standing or Consent of the Instructor",128,850,7,Topic 7,9.775809,3.690548
course_0785,Course Catalog,Course Descriptions,Reading Chinese Love Stories in Novels and Memoirs (2 credits),WOC,WOC 214/CHINESE 414,Reading Chinese Love Stories in Novels and Memoirs (2 credits),2.0,503,"This course introduces a variety of love stories in Chinese novels and memoirs from the 16th century to the present, supplemented with cultural topics and English research articles to facilitate inter-cultural communication. We will explore how the concept of love has evolved throughout Chinese history, how it contributes to many taboos and innovative solutions in Chinese society, and how its narrative forms, novels and memoirs, help define and deconstruct gender roles and cultural identity. With the class discussions alternating between “Chinese days” and “English days,” both international students and Chinese students will get the chance to practice reading and writing in their target languages and conduct final written creative projects (research paper, fanfiction, drama script writing, etc.). Prerequisite(s): EAP-track students must have completed EAP 102B or have Consent of the Instructor; CSL-track students must have completed or placed out of CHINESE 402B.",142,977,1,Topic 1,12.152649,3.3325174
course_0786,Course Catalog,Course Descriptions,Watching Forbidden Love in Chinese Films (2 credits),WOC,WOC 215/CHINESE 415,Watching Forbidden Love in Chinese Films (2 credits),2.0,503,"503 This course introduces a variety of Chinese romance films and related cultural discussion from the last decade of the 20th century to the 21th century. We will explore how these films present and twist the idea of forbidden love in modern China, how they shape and break contemporary director’s and audience’s expectations, and how they connect to the development of contemporary Chinese pop culture and media industry. With the class discussion alternating between “Chinese days” and “English days,” both international students and Chinese students will get the chance to practice listening and speaking in their target languages and learn to make presentable digital essays using video making tools. Prerequisite(s): EAP-track students must have completed EAP 102B or have Consent of the Instructor; CSL-track students must have completed or placed out of CHINESE 402B.",134,875,1,Topic 1,12.077811,3.3464513
course_0787,Course Catalog,Course Descriptions,Introduction to Feature Writing and International Reporting (2 credits),WOC,WOC 216,Introduction to Feature Writing and International Reporting (2 credits),2.0,504,"This course will focus on reporting and writing about societal trends, human interest stories, and cultural changes in China – all through the lens of international affairs. Students will pitch, report, write, and edit two original feature stories about issues and trends at DKU or beyond over the session; their best story will then be revised for website publication. We will also explore how international correspondents provide coverage of global or local issues in a foreign country for a worldwide audience and examine some of the best international reporting from the last 30 years – from “legacy” media outlets like the New York Times, to cutting-edge new media outlets like Buzzfeed. Prerequisite(s): EAP-track students should have successfully completed EAP 102B.",120,773,1,Topic 1,12.090775,4.178718
course_0788,Course Catalog,Course Descriptions,Introduction to News Writing (2 credits),WOC,WOC 217,Introduction to News Writing (2 credits),2.0,504,"This course will develop students’ abilities to report and write their own original news stories about timely events at DKU or beyond. Students will pitch, report, write, and edit two original news stories over the session; their best story will then be revised for website publication. The course will also focus on ethics and best practices issues in journalism: What are the effects when journalism functions at its best, and “shines a light in the darkness,” or provides a “voice to the voiceless” in society? What happens when reporters fabricate, and betray the public trust? We will also examine how to make distinctions among propaganda, publicity & public relations, and actual credible journalism. Prerequisite(s): EAP-track students should have successfully completed EAP 102B.",122,788,5,Topic 5,9.654909,4.072528
course_0789,Course Catalog,Course Descriptions,Public Speaking (2 credits),WOC,WOC 218,Public Speaking (2 credits),2.0,504,"504 In Public Speaking students will learn to understand and interpret public communication processes and practice skills needed for communicating and functioning in a variety of real-life situations. In this course, students will build solid skills that will allow them to organize and express ideas in public settings confidently. Students will also learn how speech is closely tied to self and society.",62,405,7,Topic 7,13.208032,4.0182495
course_0790,Course Catalog,Course Descriptions,Special Topics in Written and Oral Communication (4 credits),WOC,WOC 290,Special Topics in Written and Oral Communication (4 credits),4.0,505,"This is a theme-based writing seminar course that has an emphasis on cross-cultural inquiry. It provides guided practice in intellectual reading and writing of the sort expected in courses across the academy and in civic and professional life beyond the university. The specific theme of the course will vary according to instructor. This course may be repeated for credit if the course content of the two courses is different. This course is open to all undergraduate students, but for EAP-track students the prerequisite is EAP 102B. For EAP-track students, this course can be counted toward completion of their 8 EAP credit requirement. Prerequisite(s): EAP 102B or equivalent or Consent of the Instructor. 505 Part 11: Academic Calendar 2023-2024 (NOTE: CALENDAR SUBJECT TO CHANGE) Fall 2023 August 13 Sunday at 9:00 AM. All new undergraduate students (Class of 2027) and first-year graduate students move-in. August 18 Friday at 9:00 AM. Returning undergraduate and graduate students move-in. August 21 Monday. Undergraduate and graduate classes begin. August 24 Thursday. Drop/add ends for first 7-week undergraduate session; Last day for grading basis change of spring 2023 classes (Class of 2024 only). September 1 Friday. Drop/add ends for graduate classes. September 29- October 8 Friday - Sunday. Mid-Autumn Festival and National Day Holiday – No classes. September 21 Thursday. Last day to withdraw with a W grade of first 7-week classes; Last day to change grading basis of first 7-week classes (Class of 2025, 2026 and 2027); Last day to resolve I grade of second seven-week classes in spring 2023. October 9 Monday. All classes resume. October 12 Thursday. First 7-week undergraduate session end. October 13-15 Friday-Sunday. Undergraduate reading period. October 16-19 Monday-Thursday. First 7-week undergraduate session final examinations. Graduate classes continue. October 23 Monday. Second 7-week undergraduate session begins. October 26 Thursday. Drop/add ends for second 7-week undergraduate session. November 23 Thursday. Graduate classes end (ECE classes continue); Last day to withdraw with a W grade of second 7-week classes; Last day to change grading basis of second 7-week classes (Class of 2025, 2026 and 2027); Last day to resolve I grade of first 7-week classes. November 24- 28 Friday-Tuesday. Graduate reading days; ECE classes continue. November 29- December 1 Wednesday-Friday. Graduate exams. November 30 Thursday. ECE classes end. December 1-5 Friday -Tuesday. ECE program reading days. December 6-8 Wednesday - Friday. ECE program exam period. December 7 Thursday. Second 7-week undergraduate session ends. December 8-10 Friday-Sunday. Undergraduate reading period. 506 Spring 2024 January 5 Friday at 9:00 AM. All residence halls reopen. January 8 Monday. Undergraduate and graduate classes begin. January 11 Thursday. Drop/add ends for first 7-weeks undergraduate session; Last day to change grading basis of fall 2023 classes (Class of 2024 only). January 19 Friday. Drop/add ends for graduate classes. February 8 Thursday. Last day to withdraw with a W grade of first 7-week classes; Last day to change grading basis of first 7-week classes (Class of 2025, 2026 and 2027); Last day to resolve I grade of fall 2023 second 7-week classes. February 9- 18 Friday-Friday. Spring Festival Holiday– Chinese New Year – No classes February 19 Monday. All classes resume. February 29 Thursday. First 7-week undergraduate session ends. March 1-3 Friday-Sunday. Undergraduate Reading Days. March 4-7 Monday-Thursday. First 7-week undergraduate session final examinations. Graduate classes continue. March 11-15 Monday-Friday. Mini-term week for undergraduate students; Spring recess for graduate programs. March 18 Monday. Second 7-week undergraduate session begins. March 21 Thursday. Drop/add ends for second 7-week undergraduate session. April 4 Thursday. Qing Ming – Tomb Sweeping Day – No classes April 5 Friday. All classes in session. The Thursday class meeting schedule is in effect on this day. April 18 Thursday. Graduate classes end (ECE classes continue); Last day to withdraw with a W grade of second 7-week classes; Last day to change grading basis for second 7-week classes ( Class of 2025, 2026 and 2027); Last day for I grade change of spring 2023 first 7-week classes. April 19-23 Friday-Tuesday. Graduate Reading Days; ECE classes continue. April 24-26 Wednesday-Friday. Graduate exams. April 25 Thursday. ECE Classes end. April 26-May 5 Friday -Sunday. ECE program reading days. May 1 Wednesday. International Labor Day Holiday – No classes May 2 Thursday. Undergraduate classes in session. The Wednesday class meeting schedule is in effect on this day. May 3 Friday. Undergraduate classes in session. The Thursday class meeting schedule is in effect on this day. Second 7-week undergraduate session ends. May 4-5 Saturday-Sunday. Undergraduate Reading Days. May 6-8 Monday-Wednesday. ECE program exam period. December 11-14 Monday-Thursday. Undergraduate final examinations. December 15 Friday at Noon. All residence halls close for Winter Break. 507 May 6-9 Monday-Thursday. Second 7-week undergraduate session ends. May 11 Saturday. Last day to change grading basis of Spring 2024 classes (Class of 2024 only). May 17 Friday. Graduate and Undergraduate Commencement. May 18 Saturday at Noon. All residence halls close. Summer 2024 To Be Announced Military Training for undergraduate freshmen students starts (required for mainland Chinese students and optional for HMT students). To Be Announced Military Training ends. To Be Announced Summer 7-week session starts (mainland and HMT students only) To Be Announced Summer 7-week session ends. To Be Announced Summer 7-week exam period. 508 Part 12: Useful Contacts • Chancellor's Office: chancellorsoffice@dukekunshan.edu.cn • Registrar's Office: DKU-registrar@dukekunshan.edu.cn • Office of Undergraduate Studies: ugstudies@dukekunshan.edu.cn • Office of Global Education: DKU-globaledu@dukekunshan.edu.cn • Office of Signature Work: signaturework@dukekunshan.edu.cn • Office of Undergraduate Advising: advising@dukekunshan.edu.cn • Academic Resource Center (ARC): dku-arc@dukekunshan.edu.cn • Writing and Language Studio (WLS): dku_wls@dukekunshan.edu.cn • Library: dkulibrary@dukekunshan.edu.cn • Office of Student Affairs: dku-studentaffairs@dukekunshan.edu.cn • Residence Life: residencelife@dukekunshan.edu.cn • Chinese Student Services: DKU-Chinese-student-services@dukekunshan.edu.cn • International Student Services: DKU-ISS@dukekunshan.edu.cn • Student Activities: activities@dukekunshan.edu.cn (including sports/athletics inquiries) • Campus Clinic: campushealth@dukekunshan.edu.cn • CAPS: counselingappointment@dukekunshan.edu.cn • DKU Athletics: sports@dukekunshan.edu.cn • Career Services: careerservices@dukekunshan.edu.cn • Undergraduate Admissions:  china-admissions@dukekunshan.edu.cn (Duke Kunshan China Admissions);  Intl-admissions@dukekunshan.edu.cn (Duke Kunshan International Admissions) • Financial Aid:  china-finaid@dukekunshan.edu.cn (Duke Kunshan China Financial Aid);  international-finaid@dukekunshan.edu.cn (Duke Kunshan International Financial Aid) • Student Finance: DKU-bursar-ug@dukekunshan.edu.cn • IT: service-desk@dukekunshan.edu.cn • Operations: campus-services@dukekunshan.edu.cn • Leave of Absence and return: leave_of_absence_and_return@dukekunshan.edu.cn",1009,7405,7,Topic 7,12.186343,4.2837653
